,classes,3,4,12,21,22,27,33,Total,bacia,model,version,year
0,3,5,10,0,2,0,0,0,17,Caatinga,SpatialV2,15,2012
1,4,18,777,6,144,0,0,1,946,Caatinga,SpatialV2,15,2012
2,12,0,2,3,17,0,0,1,23,Caatinga,SpatialV2,15,2012
3,21,1,190,6,333,3,0,1,534,Caatinga,SpatialV2,15,2012
4,22,0,3,0,5,0,0,0,8,Caatinga,SpatialV2,15,2012
5,27,0,0,0,0,0,0,0,0,Caatinga,SpatialV2,15,2012
6,33,1,3,0,8,1,0,27,40,Caatinga,SpatialV2,15,2012
7,Total,25,985,15,509,4,0,30,1568,Caatinga,SpatialV2,15,2012
8,3,0,0,0,0,0,0,0,0,758,SpatialV2,15,2001
9,4,0,61,0,28,0,0,0,89,758,SpatialV2,15,2001
10,12,0,0,1,1,0,0,0,2,758,SpatialV2,15,2001
11,21,0,23,1,42,1,0,1,68,758,SpatialV2,15,2001
12,22,0,0,0,0,0,0,0,0,758,SpatialV2,15,2001
13,27,0,0,0,0,0,0,0,0,758,SpatialV2,15,2001
14,33,0,0,0,2,0,0,0,2,758,SpatialV2,15,2001
15,Total,0,84,2,73,1,0,1,161,758,SpatialV2,15,2001
16,3,0,0,0,0,0,0,0,0,758,SpatialV2,15,2019
17,4,0,65,2,12,0,0,0,79,758,SpatialV2,15,2019
18,12,0,0,0,2,0,0,0,2,758,SpatialV2,15,2019
19,21,1,24,2,49,0,0,0,76,758,SpatialV2,15,2019
20,22,0,0,0,0,0,0,0,0,758,SpatialV2,15,2019
21,27,0,0,0,0,0,0,0,0,758,SpatialV2,15,2019
22,33,0,1,0,1,1,0,1,4,758,SpatialV2,15,2019
23,Total,1,90,4,64,1,0,1,161,758,SpatialV2,15,2019
24,3,5,10,0,2,0,0,0,17,Caatinga,SpatialV2,15,2006
25,4,17,699,1,221,0,0,1,939,Caatinga,SpatialV2,15,2006
26,12,1,5,3,14,0,0,1,24,Caatinga,SpatialV2,15,2006
27,21,4,185,8,341,1,0,3,542,Caatinga,SpatialV2,15,2006
28,22,0,2,1,5,1,0,0,9,Caatinga,SpatialV2,15,2006
29,27,0,0,0,0,0,0,0,0,Caatinga,SpatialV2,15,2006
30,33,3,5,0,2,0,0,27,37,Caatinga,SpatialV2,15,2006
31,Total,30,906,13,585,2,0,32,1568,Caatinga,SpatialV2,15,2006
32,3,5,14,0,2,0,0,0,21,Caatinga,SpatialV2,15,1990
33,4,17,734,6,231,4,0,0,992,Caatinga,SpatialV2,15,1990
34,12,0,5,1,16,0,0,1,23,Caatinga,SpatialV2,15,1990
35,21,5,180,1,303,2,0,2,493,Caatinga,SpatialV2,15,1990
36,22,0,1,0,7,1,0,0,9,Caatinga,SpatialV2,15,1990
37,27,0,0,0,0,0,0,0,0,Caatinga,SpatialV2,15,1990
38,33,0,7,3,2,0,0,18,30,Caatinga,SpatialV2,15,1990
39,Total,27,941,11,561,7,0,21,1568,Caatinga,SpatialV2,15,1990
40,3,4,6,0,0,0,0,0,10,754,SpatialV2,15,1998
41,4,10,376,3,91,0,0,0,480,754,SpatialV2,15,1998
42,12,0,6,1,7,0,0,0,14,754,SpatialV2,15,1998
43,21,3,83,7,109,0,0,2,204,754,SpatialV2,15,1998
44,22,0,2,0,2,0,0,0,4,754,SpatialV2,15,1998
45,27,0,0,0,0,0,0,0,0,754,SpatialV2,15,1998
46,33,2,3,0,1,0,0,5,11,754,SpatialV2,15,1998
47,Total,19,476,11,210,0,0,7,723,754,SpatialV2,15,1998
48,3,0,4,0,0,0,0,0,4,756,SpatialV2,15,2019
49,4,2,218,8,26,0,0,0,254,756,SpatialV2,15,2019
50,12,1,2,2,2,0,0,0,7,756,SpatialV2,15,2019
51,21,0,52,4,65,1,0,0,122,756,SpatialV2,15,2019
52,22,0,0,1,1,0,0,0,2,756,SpatialV2,15,2019
53,27,0,0,0,0,0,0,0,0,756,SpatialV2,15,2019
54,33,0,0,0,0,0,0,6,6,756,SpatialV2,15,2019
55,Total,3,276,15,94,1,0,6,395,756,SpatialV2,15,2019
56,3,0,0,0,0,0,0,0,0,758,SpatialV2,15,1986
57,4,0,78,1,17,1,0,1,98,758,SpatialV2,15,1986
58,12,0,0,1,0,1,0,0,2,758,SpatialV2,15,1986
59,21,1,27,1,29,1,0,0,59,758,SpatialV2,15,1986
60,22,0,0,0,0,0,0,0,0,758,SpatialV2,15,1986
61,27,0,0,0,0,0,0,0,0,758,SpatialV2,15,1986
62,33,0,0,0,0,0,0,2,2,758,SpatialV2,15,1986
63,Total,1,105,3,46,3,0,3,161,758,SpatialV2,15,1986
64,3,2,1,0,1,0,0,0,4,757,SpatialV2,15,1987
65,4,7,114,0,34,1,0,0,156,757,SpatialV2,15,1987
66,12,0,1,0,1,0,0,0,2,757,SpatialV2,15,1987
67,21,2,36,0,82,0,0,0,120,757,SpatialV2,15,1987
68,22,0,0,0,1,0,0,0,1,757,SpatialV2,15,1987
69,27,0,0,0,0,0,0,0,0,757,SpatialV2,15,1987
70,33,1,1,0,1,0,0,3,6,757,SpatialV2,15,1987
71,Total,12,153,0,120,1,0,3,289,757,SpatialV2,15,1987
72,3,4,6,0,0,0,0,0,10,754,SpatialV2,15,1996
73,4,9,355,1,113,0,0,0,478,754,SpatialV2,15,1996
74,12,0,2,1,10,0,0,1,14,754,SpatialV2,15,1996
75,21,3,85,3,112,0,0,2,205,754,SpatialV2,15,1996
76,22,0,0,0,4,0,0,0,4,754,SpatialV2,15,1996
77,27,0,0,0,0,0,0,0,0,754,SpatialV2,15,1996
78,33,0,4,2,0,0,0,6,12,754,SpatialV2,15,1996
79,Total,16,452,7,239,0,0,9,723,754,SpatialV2,15,1996
80,3,1,2,0,1,0,0,0,4,757,SpatialV2,15,2013
81,4,4,101,0,35,0,0,0,140,757,SpatialV2,15,2013
82,12,0,0,0,2,0,0,0,2,757,SpatialV2,15,2013
83,21,0,29,0,105,0,0,0,134,757,SpatialV2,15,2013
84,22,0,1,0,1,0,0,0,2,757,SpatialV2,15,2013
85,27,0,0,0,0,0,0,0,0,757,SpatialV2,15,2013
86,33,1,1,0,3,0,0,2,7,757,SpatialV2,15,2013
87,Total,6,134,0,147,0,0,2,289,757,SpatialV2,15,2013
88,3,6,15,0,1,0,0,0,22,Caatinga,SpatialV2,15,1987
89,4,19,823,6,183,3,0,1,1035,Caatinga,SpatialV2,15,1987
90,12,0,8,2,11,1,0,1,23,Caatinga,SpatialV2,15,1987
91,21,5,173,8,263,0,0,0,449,Caatinga,SpatialV2,15,1987
92,22,0,1,1,3,2,0,0,7,Caatinga,SpatialV2,15,1987
93,27,0,0,0,0,0,0,0,0,Caatinga,SpatialV2,15,1987
94,33,1,4,3,4,1,0,19,32,Caatinga,SpatialV2,15,1987
95,Total,31,1024,20,465,7,0,21,1568,Caatinga,SpatialV2,15,1987
96,3,4,6,0,2,0,0,0,12,754,SpatialV2,15,2018
97,4,10,360,0,94,0,0,0,464,754,SpatialV2,15,2018
98,12,0,4,2,8,0,0,0,14,754,SpatialV2,15,2018
99,21,2,73,1,138,1,0,1,216,754,SpatialV2,15,2018
100,22,0,1,0,3,0,0,0,4,754,SpatialV2,15,2018
101,27,0,0,0,0,0,0,0,0,754,SpatialV2,15,2018
102,33,1,4,0,1,0,0,7,13,754,SpatialV2,15,2018
103,Total,17,448,3,246,1,0,8,723,754,SpatialV2,15,2018
104,3,1,2,0,1,0,0,0,4,757,SpatialV2,15,1989
105,4,3,108,0,44,0,0,0,155,757,SpatialV2,15,1989
106,12,0,0,0,2,0,0,0,2,757,SpatialV2,15,1989
107,21,3,18,0,96,4,0,0,121,757,SpatialV2,15,1989
108,22,0,0,0,0,1,0,0,1,757,SpatialV2,15,1989
109,27,0,0,0,0,0,0,0,0,757,SpatialV2,15,1989
110,33,1,0,1,2,0,0,2,6,757,SpatialV2,15,1989
111,Total,8,128,1,145,5,0,2,289,757,SpatialV2,15,1989
112,3,4,7,0,0,0,0,0,11,754,SpatialV2,15,2016
113,4,10,367,0,90,0,0,0,467,754,SpatialV2,15,2016
114,12,0,5,2,7,0,0,0,14,754,SpatialV2,15,2016
115,21,1,66,2,148,0,0,0,217,754,SpatialV2,15,2016
116,22,0,1,0,3,0,0,0,4,754,SpatialV2,15,2016
117,27,0,0,0,0,0,0,0,0,754,SpatialV2,15,2016
118,33,1,3,0,1,1,0,4,10,754,SpatialV2,15,2016
119,Total,16,449,4,249,1,0,4,723,754,SpatialV2,15,2016
120,3,0,0,0,0,0,0,0,0,758,SpatialV2,15,2008
121,4,0,58,0,25,0,0,0,83,758,SpatialV2,15,2008
122,12,0,0,1,0,1,0,0,2,758,SpatialV2,15,2008
123,21,1,42,3,26,1,0,0,73,758,SpatialV2,15,2008
124,22,0,0,0,0,0,0,0,0,758,SpatialV2,15,2008
125,27,0,0,0,0,0,0,0,0,758,SpatialV2,15,2008
126,33,0,1,0,0,0,0,2,3,758,SpatialV2,15,2008
127,Total,1,101,4,51,2,0,2,161,758,SpatialV2,15,2008
128,3,0,6,0,0,0,0,0,6,756,SpatialV2,15,2000
129,4,2,171,9,63,0,0,0,245,756,SpatialV2,15,2000
130,12,0,1,1,4,0,0,0,6,756,SpatialV2,15,2000
131,21,0,46,3,78,0,0,0,127,756,SpatialV2,15,2000
132,22,0,0,1,2,0,0,0,3,756,SpatialV2,15,2000
133,27,0,0,0,0,0,0,0,0,756,SpatialV2,15,2000
134,33,0,1,1,0,0,0,6,8,756,SpatialV2,15,2000
135,Total,2,225,15,147,0,0,6,395,756,SpatialV2,15,2000
136,3,0,0,0,0,0,0,0,0,758,SpatialV2,15,2012
137,4,0,78,0,5,0,0,0,83,758,SpatialV2,15,2012
138,12,0,0,0,2,0,0,0,2,758,SpatialV2,15,2012
139,21,0,42,1,30,0,0,0,73,758,SpatialV2,15,2012
140,22,0,0,0,0,0,0,0,0,758,SpatialV2,15,2012
141,27,0,0,0,0,0,0,0,0,758,SpatialV2,15,2012
142,33,0,1,0,1,1,0,0,3,758,SpatialV2,15,2012
143,Total,0,121,1,38,1,0,0,161,758,SpatialV2,15,2012
144,3,0,4,0,1,0,0,0,5,756,SpatialV2,15,2005
145,4,2,178,9,55,2,0,0,246,756,SpatialV2,15,2005
146,12,0,1,2,2,0,0,1,6,756,SpatialV2,15,2005
147,21,0,61,6,56,2,0,1,126,756,SpatialV2,15,2005
148,22,0,0,0,3,0,0,0,3,756,SpatialV2,15,2005
149,27,0,0,0,0,0,0,0,0,756,SpatialV2,15,2005
150,33,0,1,1,0,0,0,7,9,756,SpatialV2,15,2005
151,Total,2,245,18,117,4,0,9,395,756,SpatialV2,15,2005
152,3,0,0,0,0,0,0,0,0,758,SpatialV2,15,2005
153,4,0,69,0,18,0,0,0,87,758,SpatialV2,15,2005
154,12,0,0,0,2,0,0,0,2,758,SpatialV2,15,2005
155,21,0,26,2,41,0,0,0,69,758,SpatialV2,15,2005
156,22,0,0,0,0,0,0,0,0,758,SpatialV2,15,2005
157,27,0,0,0,0,0,0,0,0,758,SpatialV2,15,2005
158,33,0,0,0,2,0,0,1,3,758,SpatialV2,15,2005
159,Total,0,95,2,63,0,0,1,161,758,SpatialV2,15,2005
160,3,0,0,0,0,0,0,0,0,758,SpatialV2,15,2020
161,4,0,58,5,17,0,0,0,80,758,SpatialV2,15,2020
162,12,0,0,2,0,0,0,0,2,758,SpatialV2,15,2020
163,21,0,23,1,50,1,0,0,75,758,SpatialV2,15,2020
164,22,0,0,0,0,0,0,0,0,758,SpatialV2,15,2020
165,27,0,0,0,0,0,0,0,0,758,SpatialV2,15,2020
166,33,0,1,0,1,1,0,1,4,758,SpatialV2,15,2020
167,Total,0,82,8,68,2,0,1,161,758,SpatialV2,15,2020
168,3,0,0,0,0,0,0,0,0,758,SpatialV2,15,1987
169,4,0,85,1,9,0,0,1,96,758,SpatialV2,15,1987
170,12,0,0,0,2,0,0,0,2,758,SpatialV2,15,1987
171,21,0,30,1,30,0,0,0,61,758,SpatialV2,15,1987
172,22,0,0,0,0,0,0,0,0,758,SpatialV2,15,1987
173,27,0,0,0,0,0,0,0,0,758,SpatialV2,15,1987
174,33,0,0,0,0,1,0,1,2,758,SpatialV2,15,1987
175,Total,0,115,2,41,1,0,2,161,758,SpatialV2,15,1987
176,3,0,0,0,0,0,0,0,0,758,SpatialV2,15,2016
177,4,0,73,1,8,0,0,0,82,758,SpatialV2,15,2016
178,12,0,1,0,1,1,0,0,3,758,SpatialV2,15,2016
179,21,0,37,0,36,1,0,0,74,758,SpatialV2,15,2016
180,22,0,0,0,0,0,0,0,0,758,SpatialV2,15,2016
181,27,0,0,0,0,0,0,0,0,758,SpatialV2,15,2016
182,33,0,1,1,0,0,0,0,2,758,SpatialV2,15,2016
183,Total,0,112,2,45,2,0,0,161,758,SpatialV2,15,2016
184,3,4,6,0,0,0,0,0,10,754,SpatialV2,15,2014
185,4,12,341,1,114,0,0,0,468,754,SpatialV2,15,2014
186,12,0,3,0,11,0,0,0,14,754,SpatialV2,15,2014
187,21,4,72,2,136,0,0,0,214,754,SpatialV2,15,2014
188,22,0,0,0,4,0,0,0,4,754,SpatialV2,15,2014
189,27,0,0,0,0,0,0,0,0,754,SpatialV2,15,2014
190,33,2,2,0,1,0,0,8,13,754,SpatialV2,15,2014
191,Total,22,424,3,266,0,0,8,723,754,SpatialV2,15,2014
192,3,1,2,0,1,0,0,0,4,757,SpatialV2,15,1988
193,4,4,103,1,48,0,0,1,157,757,SpatialV2,15,1988
194,12,0,1,0,1,0,0,0,2,757,SpatialV2,15,1988
195,21,1,17,1,98,2,0,0,119,757,SpatialV2,15,1988
196,22,0,0,0,0,1,0,0,1,757,SpatialV2,15,1988
197,27,0,0,0,0,0,0,0,0,757,SpatialV2,15,1988
198,33,0,1,0,2,0,0,3,6,757,SpatialV2,15,1988
199,Total,6,124,2,150,3,0,4,289,757,SpatialV2,15,1988
200,3,0,0,0,0,0,0,0,0,758,SpatialV2,15,2013
201,4,0,70,1,12,0,0,0,83,758,SpatialV2,15,2013
202,12,0,0,0,2,0,0,0,2,758,SpatialV2,15,2013
203,21,1,26,1,45,0,0,0,73,758,SpatialV2,15,2013
204,22,0,0,0,0,0,0,0,0,758,SpatialV2,15,2013
205,27,0,0,0,0,0,0,0,0,758,SpatialV2,15,2013
206,33,0,2,0,0,0,0,1,3,758,SpatialV2,15,2013
207,Total,1,98,2,59,0,0,1,161,758,SpatialV2,15,2013
208,3,0,0,0,0,0,0,0,0,758,SpatialV2,15,1990
209,4,0,76,0,16,2,0,0,94,758,SpatialV2,15,1990
210,12,0,0,0,2,0,0,0,2,758,SpatialV2,15,1990
211,21,0,22,1,40,0,0,0,63,758,SpatialV2,15,1990
212,22,0,0,0,0,0,0,0,0,758,SpatialV2,15,1990
213,27,0,0,0,0,0,0,0,0,758,SpatialV2,15,1990
214,33,0,1,0,0,0,0,1,2,758,SpatialV2,15,1990
215,Total,0,99,1,58,2,0,1,161,758,SpatialV2,15,1990
216,3,0,6,0,0,0,0,0,6,756,SpatialV2,15,1999
217,4,1,205,10,26,0,0,0,242,756,SpatialV2,15,1999
218,12,0,2,2,2,0,0,0,6,756,SpatialV2,15,1999
219,21,0,62,4,65,0,0,1,132,756,SpatialV2,15,1999
220,22,0,0,1,1,0,0,0,2,756,SpatialV2,15,1999
221,27,0,0,0,0,0,0,0,0,756,SpatialV2,15,1999
222,33,1,0,1,0,0,0,5,7,756,SpatialV2,15,1999
223,Total,2,275,18,94,0,0,6,395,756,SpatialV2,15,1999
224,3,5,13,0,2,0,0,0,20,Caatinga,SpatialV2,15,2002
225,4,14,720,12,216,0,0,0,962,Caatinga,SpatialV2,15,2002
226,12,0,6,3,14,1,0,0,24,Caatinga,SpatialV2,15,2002
227,21,5,155,10,350,5,0,0,525,Caatinga,SpatialV2,15,2002
228,22,0,2,0,5,1,0,0,8,Caatinga,SpatialV2,15,2002
229,27,0,0,0,0,0,0,0,0,Caatinga,SpatialV2,15,2002
230,33,3,6,0,6,0,0,14,29,Caatinga,SpatialV2,15,2002
231,Total,27,902,25,593,7,0,14,1568,Caatinga,SpatialV2,15,2002
232,3,0,0,0,0,0,0,0,0,758,SpatialV2,15,1988
233,4,0,69,0,25,0,0,0,94,758,SpatialV2,15,1988
234,12,0,0,0,2,0,0,0,2,758,SpatialV2,15,1988
235,21,0,24,1,38,0,0,0,63,758,SpatialV2,15,1988
236,22,0,0,0,0,0,0,0,0,758,SpatialV2,15,1988
237,27,0,0,0,0,0,0,0,0,758,SpatialV2,15,1988
238,33,0,0,0,0,1,0,1,2,758,SpatialV2,15,1988
239,Total,0,93,1,65,1,0,1,161,758,SpatialV2,15,1988
240,3,0,0,0,0,0,0,0,0,758,SpatialV2,15,2015
241,4,0,73,1,8,0,0,0,82,758,SpatialV2,15,2015
242,12,0,0,1,1,0,0,0,2,758,SpatialV2,15,2015
243,21,0,28,1,45,0,0,0,74,758,SpatialV2,15,2015
244,22,0,0,0,0,0,0,0,0,758,SpatialV2,15,2015
245,27,0,0,0,0,0,0,0,0,758,SpatialV2,15,2015
246,33,0,1,0,1,0,0,1,3,758,SpatialV2,15,2015
247,Total,0,102,3,55,0,0,1,161,758,SpatialV2,15,2015
248,3,0,5,0,1,0,0,0,6,756,SpatialV2,15,2002
249,4,1,189,9,44,0,0,0,243,756,SpatialV2,15,2002
250,12,0,1,2,3,0,0,0,6,756,SpatialV2,15,2002
251,21,1,46,1,81,0,0,0,129,756,SpatialV2,15,2002
252,22,0,0,0,2,1,0,0,3,756,SpatialV2,15,2002
253,27,0,0,0,0,0,0,0,0,756,SpatialV2,15,2002
254,33,0,0,0,0,0,0,8,8,756,SpatialV2,15,2002
255,Total,2,241,12,131,1,0,8,395,756,SpatialV2,15,2002
256,3,0,4,0,0,0,0,0,4,756,SpatialV2,15,2010
257,4,1,178,2,67,1,0,0,249,756,SpatialV2,15,2010
258,12,0,1,0,4,0,0,1,6,756,SpatialV2,15,2010
259,21,0,44,3,70,3,0,1,121,756,SpatialV2,15,2010
260,22,0,1,0,2,0,0,0,3,756,SpatialV2,15,2010
261,27,0,0,0,0,0,0,0,0,756,SpatialV2,15,2010
262,33,0,1,1,1,0,0,9,12,756,SpatialV2,15,2010
263,Total,1,229,6,144,4,0,11,395,756,SpatialV2,15,2010
264,3,0,0,0,0,0,0,0,0,758,SpatialV2,15,1993
265,4,0,82,2,6,1,0,0,91,758,SpatialV2,15,1993
266,12,0,1,1,0,0,0,0,2,758,SpatialV2,15,1993
267,21,0,33,1,31,0,0,1,66,758,SpatialV2,15,1993
268,22,0,0,0,0,0,0,0,0,758,SpatialV2,15,1993
269,27,0,0,0,0,0,0,0,0,758,SpatialV2,15,1993
270,33,0,2,0,0,0,0,0,2,758,SpatialV2,15,1993
271,Total,0,118,4,37,1,0,1,161,758,SpatialV2,15,1993
272,3,0,2,0,1,0,0,0,3,756,SpatialV2,15,2014
273,4,1,193,7,50,0,0,0,251,756,SpatialV2,15,2014
274,12,0,2,1,4,0,0,0,7,756,SpatialV2,15,2014
275,21,0,44,3,76,2,0,0,125,756,SpatialV2,15,2014
276,22,0,0,1,1,0,0,0,2,756,SpatialV2,15,2014
277,27,0,0,0,0,0,0,0,0,756,SpatialV2,15,2014
278,33,0,0,1,2,0,0,4,7,756,SpatialV2,15,2014
279,Total,1,241,13,134,2,0,4,395,756,SpatialV2,15,2014
280,3,0,0,0,0,0,0,0,0,758,SpatialV2,15,1985
281,4,0,76,1,20,2,0,1,100,758,SpatialV2,15,1985
282,12,0,0,1,0,1,0,0,2,758,SpatialV2,15,1985
283,21,0,23,1,33,0,0,0,57,758,SpatialV2,15,1985
284,22,0,0,0,0,0,0,0,0,758,SpatialV2,15,1985
285,27,0,0,0,0,0,0,0,0,758,SpatialV2,15,1985
286,33,0,0,0,0,0,0,2,2,758,SpatialV2,15,1985
287,Total,0,99,3,53,3,0,3,161,758,SpatialV2,15,1985
288,3,5,10,0,2,0,0,0,17,Caatinga,SpatialV2,15,2014
289,4,16,681,10,234,1,0,0,942,Caatinga,SpatialV2,15,2014
290,12,0,6,2,18,0,0,0,26,Caatinga,SpatialV2,15,2014
291,21,5,174,7,357,3,0,0,546,Caatinga,SpatialV2,15,2014
292,22,0,1,1,6,0,0,0,8,Caatinga,SpatialV2,15,2014
293,27,0,0,0,0,0,0,0,0,Caatinga,SpatialV2,15,2014
294,33,2,4,2,7,0,0,14,29,Caatinga,SpatialV2,15,2014
295,Total,28,876,22,624,4,0,14,1568,Caatinga,SpatialV2,15,2014
296,3,0,6,0,0,0,0,0,6,756,SpatialV2,15,2001
297,4,1,190,8,42,2,0,0,243,756,SpatialV2,15,2001
298,12,0,0,1,4,1,0,0,6,756,SpatialV2,15,2001
299,21,0,48,4,78,0,0,0,130,756,SpatialV2,15,2001
300,22,0,1,0,2,0,0,0,3,756,SpatialV2,15,2001
301,27,0,0,0,0,0,0,0,0,756,SpatialV2,15,2001
302,33,0,0,1,1,0,0,5,7,756,SpatialV2,15,2001
303,Total,1,245,14,127,3,0,5,395,756,SpatialV2,15,2001
304,3,1,2,0,1,0,0,0,4,757,SpatialV2,15,2010
305,4,3,84,0,52,2,0,1,142,757,SpatialV2,15,2010
306,12,0,0,0,2,0,0,0,2,757,SpatialV2,15,2010
307,21,0,18,1,110,3,0,0,132,757,SpatialV2,15,2010
308,22,0,2,0,0,0,0,0,2,757,SpatialV2,15,2010
309,27,0,0,0,0,0,0,0,0,757,SpatialV2,15,2010
310,33,0,1,0,1,0,0,5,7,757,SpatialV2,15,2010
311,Total,4,107,1,166,5,0,6,289,757,SpatialV2,15,2010
312,3,4,8,0,0,0,0,0,12,754,SpatialV2,15,2022
313,4,10,371,0,81,0,0,1,463,754,SpatialV2,15,2022
314,12,0,3,0,11,0,0,0,14,754,SpatialV2,15,2022
315,21,1,82,2,129,3,0,0,217,754,SpatialV2,15,2022
316,22,0,1,0,3,0,0,0,4,754,SpatialV2,15,2022
317,27,0,0,0,0,0,0,0,0,754,SpatialV2,15,2022
318,33,1,2,0,1,0,0,9,13,754,SpatialV2,15,2022
319,Total,16,467,2,225,3,0,10,723,754,SpatialV2,15,2022
320,3,0,3,0,0,0,0,0,3,756,SpatialV2,15,2016
321,4,1,213,7,32,0,0,0,253,756,SpatialV2,15,2016
322,12,0,2,1,4,0,0,0,7,756,SpatialV2,15,2016
323,21,0,52,6,66,1,0,0,125,756,SpatialV2,15,2016
324,22,0,1,0,1,0,0,0,2,756,SpatialV2,15,2016
325,27,0,0,0,0,0,0,0,0,756,SpatialV2,15,2016
326,33,0,1,0,0,0,0,4,5,756,SpatialV2,15,2016
327,Total,1,272,14,103,1,0,4,395,756,SpatialV2,15,2016
328,3,4,4,0,1,0,0,0,9,754,SpatialV2,15,2007
329,4,12,306,2,147,0,0,0,467,754,SpatialV2,15,2007
330,12,0,4,1,9,0,0,0,14,754,SpatialV2,15,2007
331,21,1,61,0,147,1,0,1,211,754,SpatialV2,15,2007
332,22,0,2,0,2,0,0,0,4,754,SpatialV2,15,2007
333,27,0,0,0,0,0,0,0,0,754,SpatialV2,15,2007
334,33,1,1,0,1,0,0,15,18,754,SpatialV2,15,2007
335,Total,18,378,3,307,1,0,16,723,754,SpatialV2,15,2007
336,3,0,0,0,0,0,0,0,0,758,SpatialV2,15,2021
337,4,0,66,1,12,1,0,0,80,758,SpatialV2,15,2021
338,12,0,1,0,2,0,0,0,3,758,SpatialV2,15,2021
339,21,0,27,2,42,4,0,0,75,758,SpatialV2,15,2021
340,22,0,0,0,0,0,0,0,0,758,SpatialV2,15,2021
341,27,0,0,0,0,0,0,0,0,758,SpatialV2,15,2021
342,33,0,1,0,1,1,0,0,3,758,SpatialV2,15,2021
343,Total,0,95,3,57,6,0,0,161,758,SpatialV2,15,2021
344,3,0,0,0,0,0,0,0,0,758,SpatialV2,15,1994
345,4,0,66,0,23,1,0,0,90,758,SpatialV2,15,1994
346,12,0,0,0,2,0,0,0,2,758,SpatialV2,15,1994
347,21,0,29,0,38,0,0,0,67,758,SpatialV2,15,1994
348,22,0,0,0,0,0,0,0,0,758,SpatialV2,15,1994
349,27,0,0,0,0,0,0,0,0,758,SpatialV2,15,1994
350,33,0,2,0,0,0,0,0,2,758,SpatialV2,15,1994
351,Total,0,97,0,63,1,0,0,161,758,SpatialV2,15,1994
352,3,1,1,0,2,0,0,0,4,757,SpatialV2,15,2003
353,4,2,108,0,36,0,0,0,146,757,SpatialV2,15,2003
354,12,1,0,0,1,0,0,0,2,757,SpatialV2,15,2003
355,21,0,33,1,94,1,0,0,129,757,SpatialV2,15,2003
356,22,0,1,0,0,0,0,0,1,757,SpatialV2,15,2003
357,27,0,0,0,0,0,0,0,0,757,SpatialV2,15,2003
358,33,0,1,1,3,0,0,2,7,757,SpatialV2,15,2003
359,Total,4,144,2,136,1,0,2,289,757,SpatialV2,15,2003
360,3,1,2,0,1,0,0,0,4,757,SpatialV2,15,2006
361,4,3,104,0,34,0,0,1,142,757,SpatialV2,15,2006
362,12,0,0,0,2,0,0,0,2,757,SpatialV2,15,2006
363,21,0,28,1,103,0,0,0,132,757,SpatialV2,15,2006
364,22,0,0,0,2,0,0,0,2,757,SpatialV2,15,2006
365,27,0,0,0,0,0,0,0,0,757,SpatialV2,15,2006
366,33,0,3,0,0,0,0,4,7,757,SpatialV2,15,2006
367,Total,4,137,1,142,0,0,5,289,757,SpatialV2,15,2006
368,3,0,4,0,0,0,0,0,4,756,SpatialV2,15,2006
369,4,2,184,0,61,0,0,0,247,756,SpatialV2,15,2006
370,12,0,2,1,2,0,0,1,6,756,SpatialV2,15,2006
371,21,1,55,2,68,0,0,0,126,756,SpatialV2,15,2006
372,22,0,0,1,2,0,0,0,3,756,SpatialV2,15,2006
373,27,0,0,0,0,0,0,0,0,756,SpatialV2,15,2006
374,33,0,1,0,1,0,0,7,9,756,SpatialV2,15,2006
375,Total,3,246,4,134,0,0,8,395,756,SpatialV2,15,2006
376,3,0,3,0,0,0,0,0,3,756,SpatialV2,15,2015
377,4,2,199,8,42,0,0,0,251,756,SpatialV2,15,2015
378,12,0,2,1,4,0,0,0,7,756,SpatialV2,15,2015
379,21,0,50,8,67,2,0,0,127,756,SpatialV2,15,2015
380,22,0,0,1,1,0,0,0,2,756,SpatialV2,15,2015
381,27,0,0,0,0,0,0,0,0,756,SpatialV2,15,2015
382,33,2,0,1,0,0,0,2,5,756,SpatialV2,15,2015
383,Total,4,254,19,114,2,0,2,395,756,SpatialV2,15,2015
384,3,1,2,0,1,0,0,0,4,757,SpatialV2,15,1991
385,4,4,90,2,56,0,0,0,152,757,SpatialV2,15,1991
386,12,0,0,1,1,0,0,0,2,757,SpatialV2,15,1991
387,21,2,23,0,98,1,0,0,124,757,SpatialV2,15,1991
388,22,0,0,0,1,0,0,0,1,757,SpatialV2,15,1991
389,27,0,0,0,0,0,0,0,0,757,SpatialV2,15,1991
390,33,0,1,2,2,0,0,1,6,757,SpatialV2,15,1991
391,Total,7,116,5,159,1,0,1,289,757,SpatialV2,15,1991
392,3,0,4,0,0,0,0,0,4,756,SpatialV2,15,2009
393,4,1,184,2,63,0,0,0,250,756,SpatialV2,15,2009
394,12,0,1,1,3,0,0,1,6,756,SpatialV2,15,2009
395,21,0,37,3,77,3,0,0,120,756,SpatialV2,15,2009
396,22,0,1,0,1,1,0,0,3,756,SpatialV2,15,2009
397,27,0,0,0,0,0,0,0,0,756,SpatialV2,15,2009
398,33,1,1,0,1,0,0,9,12,756,SpatialV2,15,2009
399,Total,2,228,6,145,4,0,10,395,756,SpatialV2,15,2009
400,3,4,6,0,0,0,0,0,10,754,SpatialV2,15,2002
401,4,9,377,0,97,0,0,0,483,754,SpatialV2,15,2002
402,12,0,5,0,8,1,0,0,14,754,SpatialV2,15,2002
403,21,4,68,2,126,1,0,0,201,754,SpatialV2,15,2002
404,22,0,2,0,2,0,0,0,4,754,SpatialV2,15,2002
405,27,0,0,0,0,0,0,0,0,754,SpatialV2,15,2002
406,33,3,3,0,2,0,0,3,11,754,SpatialV2,15,2002
407,Total,20,461,2,235,2,0,3,723,754,SpatialV2,15,2002
408,3,0,4,0,0,0,0,0,4,756,SpatialV2,15,2007
409,4,1,187,9,50,1,0,0,248,756,SpatialV2,15,2007
410,12,0,2,2,1,0,0,1,6,756,SpatialV2,15,2007
411,21,0,46,7,71,1,0,0,125,756,SpatialV2,15,2007
412,22,0,1,1,1,0,0,0,3,756,SpatialV2,15,2007
413,27,0,0,0,0,0,0,0,0,756,SpatialV2,15,2007
414,33,0,0,1,0,0,0,8,9,756,SpatialV2,15,2007
415,Total,1,240,20,123,2,0,9,395,756,SpatialV2,15,2007
416,3,1,1,0,2,0,0,0,4,757,SpatialV2,15,1999
417,4,5,99,0,47,0,0,0,151,757,SpatialV2,15,1999
418,12,0,0,0,2,0,0,0,2,757,SpatialV2,15,1999
419,21,0,28,1,95,0,0,0,124,757,SpatialV2,15,1999
420,22,0,0,0,1,0,0,0,1,757,SpatialV2,15,1999
421,27,0,0,0,0,0,0,0,0,757,SpatialV2,15,1999
422,33,2,0,1,2,0,0,2,7,757,SpatialV2,15,1999
423,Total,8,128,2,149,0,0,2,289,757,SpatialV2,15,1999
424,3,0,6,0,0,0,0,0,6,756,SpatialV2,15,1985
425,4,1,203,16,45,0,0,0,265,756,SpatialV2,15,1985
426,12,0,1,1,3,1,0,1,7,756,SpatialV2,15,1985
427,21,0,39,6,60,2,0,0,107,756,SpatialV2,15,1985
428,22,0,1,1,1,0,0,0,3,756,SpatialV2,15,1985
429,27,0,0,0,0,0,0,0,0,756,SpatialV2,15,1985
430,33,0,0,0,0,0,0,7,7,756,SpatialV2,15,1985
431,Total,1,250,24,109,3,0,8,395,756,SpatialV2,15,1985
432,3,4,4,0,1,0,0,0,9,754,SpatialV2,15,2009
433,4,11,356,0,97,0,0,1,465,754,SpatialV2,15,2009
434,12,0,3,0,11,0,0,0,14,754,SpatialV2,15,2009
435,21,3,81,3,121,1,0,2,211,754,SpatialV2,15,2009
436,22,0,1,1,2,0,0,0,4,754,SpatialV2,15,2009
437,27,0,0,0,0,0,0,0,0,754,SpatialV2,15,2009
438,33,1,2,0,0,0,0,17,20,754,SpatialV2,15,2009
439,Total,19,447,4,232,1,0,20,723,754,SpatialV2,15,2009
440,3,2,2,0,0,0,0,0,4,757,SpatialV2,15,2009
441,4,2,119,0,23,0,0,0,144,757,SpatialV2,15,2009
442,12,0,0,0,2,0,0,0,2,757,SpatialV2,15,2009
443,21,7,40,0,83,0,0,0,130,757,SpatialV2,15,2009
444,22,0,1,0,1,0,0,0,2,757,SpatialV2,15,2009
445,27,0,0,0,0,0,0,0,0,757,SpatialV2,15,2009
446,33,0,2,0,1,0,0,4,7,757,SpatialV2,15,2009
447,Total,11,164,0,110,0,0,4,289,757,SpatialV2,15,2009
448,3,1,2,0,1,0,0,0,4,757,SpatialV2,15,2007
449,4,4,96,0,42,0,0,0,142,757,SpatialV2,15,2007
450,12,0,0,0,2,0,0,0,2,757,SpatialV2,15,2007
451,21,1,28,1,101,1,0,0,132,757,SpatialV2,15,2007
452,22,0,0,0,2,0,0,0,2,757,SpatialV2,15,2007
453,27,0,0,0,0,0,0,0,0,757,SpatialV2,15,2007
454,33,0,1,1,3,0,0,2,7,757,SpatialV2,15,2007
455,Total,6,127,2,151,1,0,2,289,757,SpatialV2,15,2007
456,3,1,2,0,1,0,0,0,4,757,SpatialV2,15,1997
457,4,3,101,0,47,0,0,0,151,757,SpatialV2,15,1997
458,12,0,0,0,2,0,0,0,2,757,SpatialV2,15,1997
459,21,1,36,1,86,0,0,0,124,757,SpatialV2,15,1997
460,22,0,0,0,1,0,0,0,1,757,SpatialV2,15,1997
461,27,0,0,0,0,0,0,0,0,757,SpatialV2,15,1997
462,33,1,0,1,2,0,0,3,7,757,SpatialV2,15,1997
463,Total,6,139,2,139,0,0,3,289,757,SpatialV2,15,1997
464,3,5,14,0,1,0,0,0,20,Caatinga,SpatialV2,15,1997
465,4,14,741,14,193,0,0,1,963,Caatinga,SpatialV2,15,1997
466,12,0,5,1,16,1,0,1,24,Caatinga,SpatialV2,15,1997
467,21,4,201,11,302,4,0,3,525,Caatinga,SpatialV2,15,1997
468,22,0,1,0,6,0,0,0,7,Caatinga,SpatialV2,15,1997
469,27,0,0,0,0,0,0,0,0,Caatinga,SpatialV2,15,1997
470,33,3,3,3,3,0,0,17,29,Caatinga,SpatialV2,15,1997
471,Total,26,965,29,521,5,0,22,1568,Caatinga,SpatialV2,15,1997
472,3,1,1,0,2,0,0,0,4,757,SpatialV2,15,1992
473,4,6,100,0,45,0,0,0,151,757,SpatialV2,15,1992
474,12,0,0,0,2,0,0,0,2,757,SpatialV2,15,1992
475,21,3,25,0,94,3,0,0,125,757,SpatialV2,15,1992
476,22,0,0,0,1,0,0,0,1,757,SpatialV2,15,1992
477,27,0,0,0,0,0,0,0,0,757,SpatialV2,15,1992
478,33,1,1,1,1,0,0,2,6,757,SpatialV2,15,1992
479,Total,11,127,1,145,3,0,2,289,757,SpatialV2,15,1992
480,3,1,3,0,0,0,0,0,4,757,SpatialV2,15,2016
481,4,3,110,1,28,0,0,1,143,757,SpatialV2,15,2016
482,12,0,1,0,1,0,0,0,2,757,SpatialV2,15,2016
483,21,1,22,0,108,0,0,0,131,757,SpatialV2,15,2016
484,22,0,1,0,1,0,0,0,2,757,SpatialV2,15,2016
485,27,0,0,0,0,0,0,0,0,757,SpatialV2,15,2016
486,33,1,1,0,3,0,0,2,7,757,SpatialV2,15,2016
487,Total,6,138,1,141,0,0,3,289,757,SpatialV2,15,2016
488,3,5,13,0,2,0,0,0,20,Caatinga,SpatialV2,15,1999
489,4,14,755,14,182,2,0,0,967,Caatinga,SpatialV2,15,1999
490,12,0,4,2,17,0,0,1,24,Caatinga,SpatialV2,15,1999
491,21,4,195,8,314,0,0,2,523,Caatinga,SpatialV2,15,1999
492,22,0,1,1,6,0,0,0,8,Caatinga,SpatialV2,15,1999
493,27,0,0,0,0,0,0,0,0,Caatinga,SpatialV2,15,1999
494,33,4,3,2,4,0,0,13,26,Caatinga,SpatialV2,15,1999
495,Total,27,971,27,525,2,0,16,1568,Caatinga,SpatialV2,15,1999
496,3,0,0,0,0,0,0,0,0,758,SpatialV2,15,2000
497,4,0,65,1,24,0,0,0,90,758,SpatialV2,15,2000
498,12,0,0,0,0,2,0,0,2,758,SpatialV2,15,2000
499,21,0,28,1,38,0,0,0,67,758,SpatialV2,15,2000
500,22,0,0,0,0,0,0,0,0,758,SpatialV2,15,2000
501,27,0,0,0,0,0,0,0,0,758,SpatialV2,15,2000
502,33,0,1,0,0,1,0,0,2,758,SpatialV2,15,2000
503,Total,0,94,2,62,3,0,0,161,758,SpatialV2,15,2000
504,3,5,10,0,2,0,0,0,17,Caatinga,SpatialV2,15,2007
505,4,17,656,12,253,1,0,0,939,Caatinga,SpatialV2,15,2007
506,12,0,6,3,12,2,0,1,24,Caatinga,SpatialV2,15,2007
507,21,2,166,12,358,3,0,1,542,Caatinga,SpatialV2,15,2007
508,22,0,3,1,5,0,0,0,9,Caatinga,SpatialV2,15,2007
509,27,0,0,0,0,0,0,0,0,Caatinga,SpatialV2,15,2007
510,33,1,3,2,4,0,0,27,37,Caatinga,SpatialV2,15,2007
511,Total,25,844,30,634,6,0,29,1568,Caatinga,SpatialV2,15,2007
512,3,4,6,0,1,0,0,0,11,754,SpatialV2,15,1992
513,4,11,343,0,133,0,0,0,487,754,SpatialV2,15,1992
514,12,0,3,2,8,0,0,0,13,754,SpatialV2,15,1992
515,21,3,62,0,125,1,0,2,193,754,SpatialV2,15,1992
516,22,0,1,0,3,0,0,0,4,754,SpatialV2,15,1992
517,27,0,0,0,0,0,0,0,0,754,SpatialV2,15,1992
518,33,0,5,3,1,0,0,6,15,754,SpatialV2,15,1992
519,Total,18,420,5,271,1,0,8,723,754,SpatialV2,15,1992
520,3,0,4,0,1,0,0,0,5,756,SpatialV2,15,2022
521,4,2,186,7,58,0,0,0,253,756,SpatialV2,15,2022
522,12,0,2,2,2,0,0,1,7,756,SpatialV2,15,2022
523,21,0,41,6,73,0,0,0,120,756,SpatialV2,15,2022
524,22,0,0,0,1,1,0,0,2,756,SpatialV2,15,2022
525,27,0,0,0,0,0,0,0,0,756,SpatialV2,15,2022
526,33,1,2,0,0,0,0,5,8,756,SpatialV2,15,2022
527,Total,3,235,15,135,1,0,6,395,756,SpatialV2,15,2022
528,3,2,2,0,0,0,0,0,4,757,SpatialV2,15,2020
529,4,3,105,0,33,1,0,0,142,757,SpatialV2,15,2020
530,12,0,0,0,2,0,0,0,2,757,SpatialV2,15,2020
531,21,4,29,0,99,0,0,0,132,757,SpatialV2,15,2020
532,22,0,0,0,2,0,0,0,2,757,SpatialV2,15,2020
533,27,0,0,0,0,0,0,0,0,757,SpatialV2,15,2020
534,33,0,0,0,3,0,0,4,7,757,SpatialV2,15,2020
535,Total,9,136,0,139,1,0,4,289,757,SpatialV2,15,2020
536,3,4,6,0,0,0,0,0,10,754,SpatialV2,15,1999
537,4,8,383,4,89,0,0,0,484,754,SpatialV2,15,1999
538,12,0,2,0,11,0,0,1,14,754,SpatialV2,15,1999
539,21,4,81,3,112,0,0,0,200,754,SpatialV2,15,1999
540,22,0,1,0,4,0,0,0,5,754,SpatialV2,15,1999
541,27,0,0,0,0,0,0,0,0,754,SpatialV2,15,1999
542,33,1,2,0,1,0,0,6,10,754,SpatialV2,15,1999
543,Total,17,475,7,217,0,0,7,723,754,SpatialV2,15,1999
544,3,0,0,0,0,0,0,0,0,758,SpatialV2,15,2022
545,4,0,63,3,14,0,0,0,80,758,SpatialV2,15,2022
546,12,0,0,2,1,0,0,0,3,758,SpatialV2,15,2022
547,21,0,28,3,42,2,0,0,75,758,SpatialV2,15,2022
548,22,0,0,0,0,0,0,0,0,758,SpatialV2,15,2022
549,27,0,0,0,0,0,0,0,0,758,SpatialV2,15,2022
550,33,0,1,1,0,1,0,0,3,758,SpatialV2,15,2022
551,Total,0,92,9,57,3,0,0,161,758,SpatialV2,15,2022
552,3,6,8,0,3,0,0,0,17,Caatinga,SpatialV2,15,2008
553,4,19,683,3,230,1,0,2,938,Caatinga,SpatialV2,15,2008
554,12,0,5,2,15,1,0,1,24,Caatinga,SpatialV2,15,2008
555,21,3,179,5,346,3,0,3,539,Caatinga,SpatialV2,15,2008
556,22,0,3,0,6,0,0,0,9,Caatinga,SpatialV2,15,2008
557,27,0,0,0,0,0,0,0,0,Caatinga,SpatialV2,15,2008
558,33,2,4,2,2,0,0,31,41,Caatinga,SpatialV2,15,2008
559,Total,30,882,12,602,5,0,37,1568,Caatinga,SpatialV2,15,2008
560,3,0,0,0,0,0,0,0,0,758,SpatialV2,15,1997
561,4,0,74,0,15,0,0,0,89,758,SpatialV2,15,1997
562,12,0,0,0,2,0,0,0,2,758,SpatialV2,15,1997
563,21,0,27,1,39,1,0,0,68,758,SpatialV2,15,1997
564,22,0,0,0,0,0,0,0,0,758,SpatialV2,15,1997
565,27,0,0,0,0,0,0,0,0,758,SpatialV2,15,1997
566,33,0,1,0,1,0,0,0,2,758,SpatialV2,15,1997
567,Total,0,102,1,57,1,0,0,161,758,SpatialV2,15,1997
568,3,5,15,0,1,0,0,0,21,Caatinga,SpatialV2,15,1991
569,4,16,689,8,268,0,0,0,981,Caatinga,SpatialV2,15,1991
570,12,1,6,1,16,0,0,0,24,Caatinga,SpatialV2,15,1991
571,21,6,163,7,325,1,0,1,503,Caatinga,SpatialV2,15,1991
572,22,0,1,0,8,0,0,0,9,Caatinga,SpatialV2,15,1991
573,27,0,0,0,0,0,0,0,0,Caatinga,SpatialV2,15,1991
574,33,1,5,7,4,0,0,13,30,Caatinga,SpatialV2,15,1991
575,Total,29,879,23,622,1,0,14,1568,Caatinga,SpatialV2,15,1991
576,3,4,8,0,0,0,0,0,12,754,SpatialV2,15,1988
577,4,12,411,2,105,1,0,0,531,754,SpatialV2,15,1988
578,12,0,4,1,7,0,0,0,12,754,SpatialV2,15,1988
579,21,4,62,1,81,0,0,0,148,754,SpatialV2,15,1988
580,22,0,2,0,1,0,0,0,3,754,SpatialV2,15,1988
581,27,0,0,0,0,0,0,0,0,754,SpatialV2,15,1988
582,33,0,4,3,0,0,0,10,17,754,SpatialV2,15,1988
583,Total,20,491,7,194,1,0,10,723,754,SpatialV2,15,1988
584,3,0,4,0,0,0,0,0,4,756,SpatialV2,15,2020
585,4,1,202,11,40,0,0,0,254,756,SpatialV2,15,2020
586,12,0,0,3,2,0,0,2,7,756,SpatialV2,15,2020
587,21,0,53,5,62,0,0,1,121,756,SpatialV2,15,2020
588,22,0,0,0,2,0,0,0,2,756,SpatialV2,15,2020
589,27,0,0,0,0,0,0,0,0,756,SpatialV2,15,2020
590,33,1,1,0,0,0,0,5,7,756,SpatialV2,15,2020
591,Total,2,260,19,106,0,0,8,395,756,SpatialV2,15,2020
592,3,6,10,0,1,0,0,0,17,Caatinga,SpatialV2,15,2009
593,4,15,724,2,198,0,0,1,940,Caatinga,SpatialV2,15,2009
594,12,0,4,1,17,1,0,1,24,Caatinga,SpatialV2,15,2009
595,21,11,199,6,313,5,0,2,536,Caatinga,SpatialV2,15,2009
596,22,0,3,1,4,1,0,0,9,Caatinga,SpatialV2,15,2009
597,27,0,0,0,0,0,0,0,0,Caatinga,SpatialV2,15,2009
598,33,2,6,1,2,0,0,31,42,Caatinga,SpatialV2,15,2009
599,Total,34,946,11,535,7,0,35,1568,Caatinga,SpatialV2,15,2009
600,3,0,3,0,1,0,0,0,4,756,SpatialV2,15,2008
601,4,0,170,3,73,0,0,0,246,756,SpatialV2,15,2008
602,12,0,1,1,3,0,0,1,6,756,SpatialV2,15,2008
603,21,0,39,1,83,1,0,1,125,756,SpatialV2,15,2008
604,22,0,1,0,2,0,0,0,3,756,SpatialV2,15,2008
605,27,0,0,0,0,0,0,0,0,756,SpatialV2,15,2008
606,33,0,0,1,0,0,0,10,11,756,SpatialV2,15,2008
607,Total,0,214,6,162,1,0,12,395,756,SpatialV2,15,2008
608,3,0,0,0,0,0,0,0,0,758,SpatialV2,15,1995
609,4,0,70,0,20,0,0,0,90,758,SpatialV2,15,1995
610,12,0,0,0,2,0,0,0,2,758,SpatialV2,15,1995
611,21,1,30,0,36,0,0,0,67,758,SpatialV2,15,1995
612,22,0,0,0,0,0,0,0,0,758,SpatialV2,15,1995
613,27,0,0,0,0,0,0,0,0,758,SpatialV2,15,1995
614,33,0,1,1,0,0,0,0,2,758,SpatialV2,15,1995
615,Total,1,101,1,58,0,0,0,161,758,SpatialV2,15,1995
616,3,0,5,0,0,0,0,0,5,756,SpatialV2,15,2003
617,4,0,195,16,33,0,0,0,244,756,SpatialV2,15,2003
618,12,0,4,1,1,0,0,0,6,756,SpatialV2,15,2003
619,21,0,59,7,63,0,0,0,129,756,SpatialV2,15,2003
620,22,0,2,0,1,0,0,0,3,756,SpatialV2,15,2003
621,27,0,0,0,0,0,0,0,0,756,SpatialV2,15,2003
622,33,0,0,2,0,0,0,6,8,756,SpatialV2,15,2003
623,Total,0,265,26,98,0,0,6,395,756,SpatialV2,15,2003
624,3,4,6,0,1,0,0,0,11,754,SpatialV2,15,1990
625,4,10,387,1,107,2,0,0,507,754,SpatialV2,15,1990
626,12,0,3,0,9,0,0,0,12,754,SpatialV2,15,1990
627,21,3,63,0,106,0,0,1,173,754,SpatialV2,15,1990
628,22,0,1,0,3,0,0,0,4,754,SpatialV2,15,1990
629,27,0,0,0,0,0,0,0,0,754,SpatialV2,15,1990
630,33,0,4,3,0,0,0,9,16,754,SpatialV2,15,1990
631,Total,17,464,4,226,2,0,10,723,754,SpatialV2,15,1990
632,3,4,8,0,0,0,0,0,12,754,SpatialV2,15,1987
633,4,10,428,1,94,1,0,0,534,754,SpatialV2,15,1987
634,12,0,6,1,5,0,0,0,12,754,SpatialV2,15,1987
635,21,3,54,4,84,0,0,0,145,754,SpatialV2,15,1987
636,22,0,1,0,1,1,0,0,3,754,SpatialV2,15,1987
637,27,0,0,0,0,0,0,0,0,754,SpatialV2,15,1987
638,33,0,2,3,2,0,0,10,17,754,SpatialV2,15,1987
639,Total,17,499,9,186,2,0,10,723,754,SpatialV2,15,1987
640,3,0,3,0,0,0,0,0,3,756,SpatialV2,15,2017
641,4,2,215,3,34,0,0,0,254,756,SpatialV2,15,2017
642,12,0,4,0,3,0,0,0,7,756,SpatialV2,15,2017
643,21,0,48,5,71,0,0,0,124,756,SpatialV2,15,2017
644,22,0,1,0,1,0,0,0,2,756,SpatialV2,15,2017
645,27,0,0,0,0,0,0,0,0,756,SpatialV2,15,2017
646,33,0,2,1,0,0,0,2,5,756,SpatialV2,15,2017
647,Total,2,273,9,109,0,0,2,395,756,SpatialV2,15,2017
648,3,1,1,0,2,0,0,0,4,757,SpatialV2,15,1995
649,4,2,109,0,40,0,0,1,152,757,SpatialV2,15,1995
650,12,0,0,0,2,0,0,0,2,757,SpatialV2,15,1995
651,21,1,36,0,87,0,0,0,124,757,SpatialV2,15,1995
652,22,0,0,0,1,0,0,0,1,757,SpatialV2,15,1995
653,27,0,0,0,0,0,0,0,0,757,SpatialV2,15,1995
654,33,1,1,1,0,0,0,3,6,757,SpatialV2,15,1995
655,Total,5,147,1,132,0,0,4,289,757,SpatialV2,15,1995
656,3,4,5,0,1,0,0,0,10,754,SpatialV2,15,2000
657,4,10,366,3,100,0,0,0,479,754,SpatialV2,15,2000
658,12,0,4,3,7,0,0,0,14,754,SpatialV2,15,2000
659,21,3,88,2,112,0,0,0,205,754,SpatialV2,15,2000
660,22,0,1,0,4,0,0,0,5,754,SpatialV2,15,2000
661,27,0,0,0,0,0,0,0,0,754,SpatialV2,15,2000
662,33,1,2,0,2,0,0,5,10,754,SpatialV2,15,2000
663,Total,18,466,8,226,0,0,5,723,754,SpatialV2,15,2000
664,3,5,13,0,2,0,0,0,20,Caatinga,SpatialV2,15,1996
665,4,12,706,6,231,1,0,1,957,Caatinga,SpatialV2,15,1996
666,12,0,6,2,14,1,0,2,25,Caatinga,SpatialV2,15,1996
667,21,3,209,8,307,1,0,2,530,Caatinga,SpatialV2,15,1996
668,22,0,0,0,7,0,0,0,7,Caatinga,SpatialV2,15,1996
669,27,0,0,0,0,0,0,0,0,Caatinga,SpatialV2,15,1996
670,33,2,5,4,3,1,0,14,29,Caatinga,SpatialV2,15,1996
671,Total,22,939,20,564,4,0,19,1568,Caatinga,SpatialV2,15,1996
672,3,1,2,0,1,0,0,0,4,757,SpatialV2,15,2014
673,4,3,82,0,55,1,0,0,141,757,SpatialV2,15,2014
674,12,0,0,0,2,0,0,0,2,757,SpatialV2,15,2014
675,21,1,25,0,107,0,0,0,133,757,SpatialV2,15,2014
676,22,0,1,0,1,0,0,0,2,757,SpatialV2,15,2014
677,27,0,0,0,0,0,0,0,0,757,SpatialV2,15,2014
678,33,0,1,0,4,0,0,2,7,757,SpatialV2,15,2014
679,Total,5,111,0,170,1,0,2,289,757,SpatialV2,15,2014
680,3,5,13,0,1,0,0,0,19,Caatinga,SpatialV2,15,2005
681,4,17,659,9,251,3,0,0,939,Caatinga,SpatialV2,15,2005
682,12,0,4,2,17,0,0,1,24,Caatinga,SpatialV2,15,2005
683,21,1,170,10,352,4,0,3,540,Caatinga,SpatialV2,15,2005
684,22,0,2,0,6,0,0,0,8,Caatinga,SpatialV2,15,2005
685,27,0,0,0,0,0,0,0,0,Caatinga,SpatialV2,15,2005
686,33,2,4,1,5,0,0,26,38,Caatinga,SpatialV2,15,2005
687,Total,25,852,22,632,7,0,30,1568,Caatinga,SpatialV2,15,2005
688,3,0,0,0,0,0,0,0,0,758,SpatialV2,15,1992
689,4,0,76,1,15,0,0,0,92,758,SpatialV2,15,1992
690,12,0,0,0,1,1,0,0,2,758,SpatialV2,15,1992
691,21,0,33,0,31,1,0,0,65,758,SpatialV2,15,1992
692,22,0,0,0,0,0,0,0,0,758,SpatialV2,15,1992
693,27,0,0,0,0,0,0,0,0,758,SpatialV2,15,1992
694,33,0,0,0,0,0,0,2,2,758,SpatialV2,15,1992
695,Total,0,109,1,47,2,0,2,161,758,SpatialV2,15,1992
696,3,0,5,0,1,0,0,0,6,756,SpatialV2,15,1996
697,4,1,183,3,52,0,0,1,240,756,SpatialV2,15,1996
698,12,0,3,1,2,0,0,1,7,756,SpatialV2,15,1996
699,21,0,56,3,73,0,0,0,132,756,SpatialV2,15,1996
700,22,0,0,0,2,0,0,0,2,756,SpatialV2,15,1996
701,27,0,0,0,0,0,0,0,0,756,SpatialV2,15,1996
702,33,1,0,0,1,0,0,6,8,756,SpatialV2,15,1996
703,Total,2,247,7,131,0,0,8,395,756,SpatialV2,15,1996
704,3,6,13,0,0,0,0,0,19,Caatinga,SpatialV2,15,2004
705,4,17,727,3,195,3,0,3,948,Caatinga,SpatialV2,15,2004
706,12,0,6,1,13,2,0,2,24,Caatinga,SpatialV2,15,2004
707,21,3,192,9,321,1,0,6,532,Caatinga,SpatialV2,15,2004
708,22,0,1,2,4,0,0,0,7,Caatinga,SpatialV2,15,2004
709,27,0,0,0,0,0,0,0,0,Caatinga,SpatialV2,15,2004
710,33,2,3,1,4,0,0,28,38,Caatinga,SpatialV2,15,2004
711,Total,28,942,16,537,6,0,39,1568,Caatinga,SpatialV2,15,2004
712,3,0,5,0,0,0,0,0,5,756,SpatialV2,15,2004
713,4,2,184,1,57,1,0,0,245,756,SpatialV2,15,2004
714,12,0,2,1,2,0,0,1,6,756,SpatialV2,15,2004
715,21,1,48,4,70,1,0,2,126,756,SpatialV2,15,2004
716,22,0,0,1,2,0,0,0,3,756,SpatialV2,15,2004
717,27,0,0,0,0,0,0,0,0,756,SpatialV2,15,2004
718,33,0,1,1,0,0,0,8,10,756,SpatialV2,15,2004
719,Total,3,240,8,131,2,0,11,395,756,SpatialV2,15,2004
720,3,1,1,0,2,0,0,0,4,757,SpatialV2,15,2001
721,4,4,106,0,37,0,0,0,147,757,SpatialV2,15,2001
722,12,0,0,0,2,0,0,0,2,757,SpatialV2,15,2001
723,21,0,36,1,90,1,0,0,128,757,SpatialV2,15,2001
724,22,0,0,0,1,0,0,0,1,757,SpatialV2,15,2001
725,27,0,0,0,0,0,0,0,0,757,SpatialV2,15,2001
726,33,0,1,0,2,0,0,4,7,757,SpatialV2,15,2001
727,Total,5,144,1,134,1,0,4,289,757,SpatialV2,15,2001
728,3,1,3,0,0,0,0,0,4,757,SpatialV2,15,2005
729,4,4,92,0,45,1,0,0,142,757,SpatialV2,15,2005
730,12,0,0,0,2,0,0,0,2,757,SpatialV2,15,2005
731,21,0,23,1,107,1,0,0,132,757,SpatialV2,15,2005
732,22,0,1,0,1,0,0,0,2,757,SpatialV2,15,2005
733,27,0,0,0,0,0,0,0,0,757,SpatialV2,15,2005
734,33,0,1,0,2,0,0,4,7,757,SpatialV2,15,2005
735,Total,5,120,1,157,2,0,4,289,757,SpatialV2,15,2005
736,3,4,5,0,0,0,0,0,9,754,SpatialV2,15,2010
737,4,8,338,1,117,0,0,1,465,754,SpatialV2,15,2010
738,12,0,2,1,10,0,0,1,14,754,SpatialV2,15,2010
739,21,1,71,5,133,0,0,0,210,754,SpatialV2,15,2010
740,22,0,1,0,3,0,0,0,4,754,SpatialV2,15,2010
741,27,0,0,0,0,0,0,0,0,754,SpatialV2,15,2010
742,33,1,1,2,0,0,0,17,21,754,SpatialV2,15,2010
743,Total,14,418,9,263,0,0,19,723,754,SpatialV2,15,2010
744,3,1,2,0,1,0,0,0,4,757,SpatialV2,15,1996
745,4,2,101,0,48,0,0,0,151,757,SpatialV2,15,1996
746,12,0,0,0,2,0,0,0,2,757,SpatialV2,15,1996
747,21,0,38,0,86,0,0,0,124,757,SpatialV2,15,1996
748,22,0,0,0,1,0,0,0,1,757,SpatialV2,15,1996
749,27,0,0,0,0,0,0,0,0,757,SpatialV2,15,1996
750,33,1,0,2,2,0,0,2,7,757,SpatialV2,15,1996
751,Total,4,141,2,140,0,0,2,289,757,SpatialV2,15,1996
752,3,5,11,0,3,0,0,0,19,Caatinga,SpatialV2,15,2018
753,4,14,743,4,181,0,0,0,942,Caatinga,SpatialV2,15,2018
754,12,1,7,6,11,0,0,0,25,Caatinga,SpatialV2,15,2018
755,21,3,173,11,352,4,0,1,544,Caatinga,SpatialV2,15,2018
756,22,0,2,1,5,0,0,0,8,Caatinga,SpatialV2,15,2018
757,27,0,0,0,0,0,0,0,0,Caatinga,SpatialV2,15,2018
758,33,2,4,1,5,2,0,16,30,Caatinga,SpatialV2,15,2018
759,Total,25,940,23,557,6,0,17,1568,Caatinga,SpatialV2,15,2018
760,3,5,14,0,1,0,0,0,20,Caatinga,SpatialV2,15,1998
761,4,14,768,8,167,6,0,0,963,Caatinga,SpatialV2,15,1998
762,12,0,8,3,13,0,0,0,24,Caatinga,SpatialV2,15,1998
763,21,3,202,11,306,2,0,3,527,Caatinga,SpatialV2,15,1998
764,22,0,3,0,4,0,0,0,7,Caatinga,SpatialV2,15,1998
765,27,0,0,0,0,0,0,0,0,Caatinga,SpatialV2,15,1998
766,33,4,6,1,3,0,0,13,27,Caatinga,SpatialV2,15,1998
767,Total,26,1001,23,494,8,0,16,1568,Caatinga,SpatialV2,15,1998
768,3,6,11,0,1,0,0,0,18,Caatinga,SpatialV2,15,2015
769,4,20,742,12,169,0,0,1,944,Caatinga,SpatialV2,15,2015
770,12,0,4,2,19,0,0,0,25,Caatinga,SpatialV2,15,2015
771,21,2,176,11,357,2,0,0,548,Caatinga,SpatialV2,15,2015
772,22,0,3,1,4,0,0,0,8,Caatinga,SpatialV2,15,2015
773,27,0,0,0,0,0,0,0,0,Caatinga,SpatialV2,15,2015
774,33,4,3,3,7,0,0,8,25,Caatinga,SpatialV2,15,2015
775,Total,32,939,29,557,2,0,9,1568,Caatinga,SpatialV2,15,2015
776,3,0,3,0,0,0,0,0,3,756,SpatialV2,15,2018
777,4,1,219,3,32,0,0,0,255,756,SpatialV2,15,2018
778,12,1,3,2,1,0,0,0,7,756,SpatialV2,15,2018
779,21,0,48,8,64,2,0,0,122,756,SpatialV2,15,2018
780,22,0,0,1,1,0,0,0,2,756,SpatialV2,15,2018
781,27,0,0,0,0,0,0,0,0,756,SpatialV2,15,2018
782,33,0,0,0,0,0,0,6,6,756,SpatialV2,15,2018
783,Total,2,273,14,98,2,0,6,395,756,SpatialV2,15,2018
784,3,5,13,0,0,0,0,0,18,Caatinga,SpatialV2,15,2016
785,4,14,763,9,158,0,0,1,945,Caatinga,SpatialV2,15,2016
786,12,0,9,3,13,1,0,0,26,Caatinga,SpatialV2,15,2016
787,21,2,177,8,358,2,0,0,547,Caatinga,SpatialV2,15,2016
788,22,0,3,0,5,0,0,0,8,Caatinga,SpatialV2,15,2016
789,27,0,0,0,0,0,0,0,0,Caatinga,SpatialV2,15,2016
790,33,2,6,1,4,1,0,10,24,Caatinga,SpatialV2,15,2016
791,Total,23,971,21,538,4,0,11,1568,Caatinga,SpatialV2,15,2016
792,3,5,12,0,3,0,0,0,20,Caatinga,SpatialV2,15,1993
793,4,17,738,8,196,5,0,0,964,Caatinga,SpatialV2,15,1993
794,12,0,10,3,15,0,0,0,28,Caatinga,SpatialV2,15,1993
795,21,2,204,6,308,1,0,2,523,Caatinga,SpatialV2,15,1993
796,22,0,2,0,6,1,0,0,9,Caatinga,SpatialV2,15,1993
797,27,0,0,0,0,0,0,0,0,Caatinga,SpatialV2,15,1993
798,33,0,7,1,7,1,0,8,24,Caatinga,SpatialV2,15,1993
799,Total,24,973,18,535,8,0,10,1568,Caatinga,SpatialV2,15,1993
800,3,0,3,0,0,0,0,0,3,756,SpatialV2,15,2011
801,4,2,172,5,71,1,0,0,251,756,SpatialV2,15,2011
802,12,0,1,2,2,0,0,1,6,756,SpatialV2,15,2011
803,21,0,35,6,81,0,0,0,122,756,SpatialV2,15,2011
804,22,0,0,0,2,0,0,0,2,756,SpatialV2,15,2011
805,27,0,0,0,0,0,0,0,0,756,SpatialV2,15,2011
806,33,0,1,2,1,0,0,7,11,756,SpatialV2,15,2011
807,Total,2,212,15,157,1,0,8,395,756,SpatialV2,15,2011
808,3,4,6,0,0,0,0,0,10,754,SpatialV2,15,2005
809,4,11,320,0,133,0,0,0,464,754,SpatialV2,15,2005
810,12,0,3,0,11,0,0,0,14,754,SpatialV2,15,2005
811,21,1,60,1,148,1,0,2,213,754,SpatialV2,15,2005
812,22,0,1,0,2,0,0,0,3,754,SpatialV2,15,2005
813,27,0,0,0,0,0,0,0,0,754,SpatialV2,15,2005
814,33,2,2,0,1,0,0,14,19,754,SpatialV2,15,2005
815,Total,18,392,1,295,1,0,16,723,754,SpatialV2,15,2005
816,3,0,3,0,0,0,0,0,3,756,SpatialV2,15,2012
817,4,2,219,4,26,0,0,0,251,756,SpatialV2,15,2012
818,12,0,1,2,2,0,0,1,6,756,SpatialV2,15,2012
819,21,0,50,4,69,0,0,0,123,756,SpatialV2,15,2012
820,22,0,0,0,2,0,0,0,2,756,SpatialV2,15,2012
821,27,0,0,0,0,0,0,0,0,756,SpatialV2,15,2012
822,33,0,0,0,2,0,0,8,10,756,SpatialV2,15,2012
823,Total,2,273,10,101,0,0,9,395,756,SpatialV2,15,2012
824,3,0,0,0,0,0,0,0,0,758,SpatialV2,15,1998
825,4,0,83,0,7,0,0,0,90,758,SpatialV2,15,1998
826,12,0,0,0,2,0,0,0,2,758,SpatialV2,15,1998
827,21,0,28,0,37,1,0,1,67,758,SpatialV2,15,1998
828,22,0,0,0,0,0,0,0,0,758,SpatialV2,15,1998
829,27,0,0,0,0,0,0,0,0,758,SpatialV2,15,1998
830,33,0,1,0,1,0,0,0,2,758,SpatialV2,15,1998
831,Total,0,112,0,47,1,0,1,161,758,SpatialV2,15,1998
832,3,0,5,0,1,0,0,0,6,756,SpatialV2,15,1993
833,4,2,197,5,31,4,0,0,239,756,SpatialV2,15,1993
834,12,0,4,2,3,0,0,0,9,756,SpatialV2,15,1993
835,21,0,66,3,62,1,0,0,132,756,SpatialV2,15,1993
836,22,0,1,0,2,1,0,0,4,756,SpatialV2,15,1993
837,27,0,0,0,0,0,0,0,0,756,SpatialV2,15,1993
838,33,0,1,0,0,1,0,3,5,756,SpatialV2,15,1993
839,Total,2,274,10,99,7,0,3,395,756,SpatialV2,15,1993
840,3,0,0,0,0,0,0,0,0,758,SpatialV2,15,2007
841,4,0,67,1,14,0,0,0,82,758,SpatialV2,15,2007
842,12,0,0,0,0,2,0,0,2,758,SpatialV2,15,2007
843,21,0,31,4,39,0,0,0,74,758,SpatialV2,15,2007
844,22,0,0,0,0,0,0,0,0,758,SpatialV2,15,2007
845,27,0,0,0,0,0,0,0,0,758,SpatialV2,15,2007
846,33,0,1,0,0,0,0,2,3,758,SpatialV2,15,2007
847,Total,0,99,5,53,2,0,2,161,758,SpatialV2,15,2007
848,3,5,12,0,2,0,0,0,19,Caatinga,SpatialV2,15,2003
849,4,13,757,16,172,0,0,0,958,Caatinga,SpatialV2,15,2003
850,12,1,5,1,17,0,0,0,24,Caatinga,SpatialV2,15,2003
851,21,3,210,9,306,1,0,1,530,Caatinga,SpatialV2,15,2003
852,22,0,4,0,2,1,0,0,7,Caatinga,SpatialV2,15,2003
853,27,0,0,0,0,0,0,0,0,Caatinga,SpatialV2,15,2003
854,33,2,6,3,6,0,0,13,30,Caatinga,SpatialV2,15,2003
855,Total,24,994,29,505,2,0,14,1568,Caatinga,SpatialV2,15,2003
856,3,1,3,0,0,0,0,0,4,757,SpatialV2,15,1986
857,4,0,114,0,42,0,0,0,156,757,SpatialV2,15,1986
858,12,0,0,0,2,0,0,0,2,757,SpatialV2,15,1986
859,21,0,24,0,94,2,0,0,120,757,SpatialV2,15,1986
860,22,0,0,0,0,1,0,0,1,757,SpatialV2,15,1986
861,27,0,0,0,0,0,0,0,0,757,SpatialV2,15,1986
862,33,1,1,0,1,0,0,3,6,757,SpatialV2,15,1986
863,Total,2,142,0,139,3,0,3,289,757,SpatialV2,15,1986
864,3,5,9,0,2,0,0,0,16,Caatinga,SpatialV2,15,2011
865,4,12,650,8,274,1,0,0,945,Caatinga,SpatialV2,15,2011
866,12,0,6,3,13,1,0,1,24,Caatinga,SpatialV2,15,2011
867,21,1,173,10,344,2,0,3,533,Caatinga,SpatialV2,15,2011
868,22,0,0,0,8,0,0,0,8,Caatinga,SpatialV2,15,2011
869,27,0,0,0,0,0,0,0,0,Caatinga,SpatialV2,15,2011
870,33,1,3,4,5,0,0,29,42,Caatinga,SpatialV2,15,2011
871,Total,19,841,25,646,4,0,33,1568,Caatinga,SpatialV2,15,2011
872,3,4,5,0,3,0,0,0,12,754,SpatialV2,15,2019
873,4,11,336,0,118,0,0,0,465,754,SpatialV2,15,2019
874,12,0,3,0,11,0,0,0,14,754,SpatialV2,15,2019
875,21,2,54,0,158,0,0,1,215,754,SpatialV2,15,2019
876,22,0,0,0,4,0,0,0,4,754,SpatialV2,15,2019
877,27,0,0,0,0,0,0,0,0,754,SpatialV2,15,2019
878,33,1,4,0,2,0,0,6,13,754,SpatialV2,15,2019
879,Total,18,402,0,296,0,0,7,723,754,SpatialV2,15,2019
880,3,5,12,0,3,0,0,0,20,Caatinga,SpatialV2,15,1994
881,4,14,709,5,238,1,0,0,967,Caatinga,SpatialV2,15,1994
882,12,2,9,2,14,0,0,1,28,Caatinga,SpatialV2,15,1994
883,21,10,198,1,310,1,0,2,522,Caatinga,SpatialV2,15,1994
884,22,0,1,0,6,1,0,0,8,Caatinga,SpatialV2,15,1994
885,27,0,0,0,0,0,0,0,0,Caatinga,SpatialV2,15,1994
886,33,4,4,1,3,0,0,11,23,Caatinga,SpatialV2,15,1994
887,Total,35,933,9,574,3,0,14,1568,Caatinga,SpatialV2,15,1994
888,3,1,2,0,1,0,0,0,4,757,SpatialV2,15,2011
889,4,1,101,0,40,0,0,0,142,757,SpatialV2,15,2011
890,12,0,0,0,2,0,0,0,2,757,SpatialV2,15,2011
891,21,0,39,0,90,2,0,1,132,757,SpatialV2,15,2011
892,22,0,0,0,2,0,0,0,2,757,SpatialV2,15,2011
893,27,0,0,0,0,0,0,0,0,757,SpatialV2,15,2011
894,33,0,1,0,2,0,0,4,7,757,SpatialV2,15,2011
895,Total,2,143,0,137,2,0,5,289,757,SpatialV2,15,2011
896,3,2,2,0,0,0,0,0,4,757,SpatialV2,15,2004
897,4,4,106,0,33,1,0,0,144,757,SpatialV2,15,2004
898,12,0,0,0,2,0,0,0,2,757,SpatialV2,15,2004
899,21,0,31,1,99,0,0,0,131,757,SpatialV2,15,2004
900,22,0,0,0,1,0,0,0,1,757,SpatialV2,15,2004
901,27,0,0,0,0,0,0,0,0,757,SpatialV2,15,2004
902,33,0,0,0,3,0,0,4,7,757,SpatialV2,15,2004
903,Total,6,139,1,138,1,0,4,289,757,SpatialV2,15,2004
904,3,0,6,0,0,0,0,0,6,756,SpatialV2,15,1987
905,4,2,196,4,46,1,0,0,249,756,SpatialV2,15,1987
906,12,0,1,1,3,1,0,1,7,756,SpatialV2,15,1987
907,21,0,53,3,67,0,0,0,123,756,SpatialV2,15,1987
908,22,0,0,1,1,1,0,0,3,756,SpatialV2,15,1987
909,27,0,0,0,0,0,0,0,0,756,SpatialV2,15,1987
910,33,0,1,0,1,0,0,5,7,756,SpatialV2,15,1987
911,Total,2,257,9,118,3,0,6,395,756,SpatialV2,15,1987
912,3,0,0,0,0,0,0,0,0,758,SpatialV2,15,2014
913,4,0,65,2,15,0,0,0,82,758,SpatialV2,15,2014
914,12,0,1,1,1,0,0,0,3,758,SpatialV2,15,2014
915,21,0,33,2,38,1,0,0,74,758,SpatialV2,15,2014
916,22,0,0,0,0,0,0,0,0,758,SpatialV2,15,2014
917,27,0,0,0,0,0,0,0,0,758,SpatialV2,15,2014
918,33,0,1,1,0,0,0,0,2,758,SpatialV2,15,2014
919,Total,0,100,6,54,1,0,0,161,758,SpatialV2,15,2014
920,3,0,6,0,0,0,0,0,6,756,SpatialV2,15,1990
921,4,2,166,4,67,0,0,0,239,756,SpatialV2,15,1990
922,12,0,1,1,4,0,0,1,7,756,SpatialV2,15,1990
923,21,0,68,0,64,1,0,0,133,756,SpatialV2,15,1990
924,22,0,0,0,4,0,0,0,4,756,SpatialV2,15,1990
925,27,0,0,0,0,0,0,0,0,756,SpatialV2,15,1990
926,33,0,1,0,0,0,0,5,6,756,SpatialV2,15,1990
927,Total,2,242,5,139,1,0,6,395,756,SpatialV2,15,1990
928,3,0,6,0,0,0,0,0,6,756,SpatialV2,15,1986
929,4,1,195,19,39,2,0,0,256,756,SpatialV2,15,1986
930,12,0,2,2,2,0,0,1,7,756,SpatialV2,15,1986
931,21,0,41,7,65,3,0,0,116,756,SpatialV2,15,1986
932,22,0,1,1,1,0,0,0,3,756,SpatialV2,15,1986
933,27,0,0,0,0,0,0,0,0,756,SpatialV2,15,1986
934,33,0,0,0,0,0,0,7,7,756,SpatialV2,15,1986
935,Total,1,245,29,107,5,0,8,395,756,SpatialV2,15,1986
936,3,2,2,0,0,0,0,0,4,757,SpatialV2,15,2019
937,4,5,102,0,37,0,0,0,144,757,SpatialV2,15,2019
938,12,0,0,0,2,0,0,0,2,757,SpatialV2,15,2019
939,21,3,21,0,106,0,0,0,130,757,SpatialV2,15,2019
940,22,0,1,0,1,0,0,0,2,757,SpatialV2,15,2019
941,27,0,0,0,0,0,0,0,0,757,SpatialV2,15,2019
942,33,0,0,0,3,0,0,4,7,757,SpatialV2,15,2019
943,Total,10,126,0,149,0,0,4,289,757,SpatialV2,15,2019
944,3,4,6,0,0,0,0,0,10,754,SpatialV2,15,2004
945,4,11,384,2,72,0,0,3,472,754,SpatialV2,15,2004
946,12,0,4,0,9,0,0,1,14,754,SpatialV2,15,2004
947,21,2,95,3,102,0,0,4,206,754,SpatialV2,15,2004
948,22,0,1,1,1,0,0,0,3,754,SpatialV2,15,2004
949,27,0,0,0,0,0,0,0,0,754,SpatialV2,15,2004
950,33,2,1,0,0,0,0,15,18,754,SpatialV2,15,2004
951,Total,19,491,6,184,0,0,23,723,754,SpatialV2,15,2004
952,3,0,4,0,0,0,0,0,4,756,SpatialV2,15,2021
953,4,2,203,9,40,0,0,0,254,756,SpatialV2,15,2021
954,12,0,2,2,3,0,0,0,7,756,SpatialV2,15,2021
955,21,0,54,6,59,2,0,0,121,756,SpatialV2,15,2021
956,22,0,1,0,1,0,0,0,2,756,SpatialV2,15,2021
957,27,0,0,0,0,0,0,0,0,756,SpatialV2,15,2021
958,33,1,1,1,0,0,0,4,7,756,SpatialV2,15,2021
959,Total,3,265,18,103,2,0,4,395,756,SpatialV2,15,2021
960,3,5,16,0,1,0,0,0,22,Caatinga,SpatialV2,15,1989
961,4,14,751,16,230,1,0,0,1012,Caatinga,SpatialV2,15,1989
962,12,0,5,4,13,0,0,1,23,Caatinga,SpatialV2,15,1989
963,21,7,157,8,293,5,0,1,471,Caatinga,SpatialV2,15,1989
964,22,0,1,1,4,2,0,0,8,Caatinga,SpatialV2,15,1989
965,27,0,0,0,0,0,0,0,0,Caatinga,SpatialV2,15,1989
966,33,1,4,3,3,0,0,21,32,Caatinga,SpatialV2,15,1989
967,Total,27,934,32,544,8,0,23,1568,Caatinga,SpatialV2,15,1989
968,3,0,0,0,0,0,0,0,0,758,SpatialV2,15,2011
969,4,0,66,2,15,0,0,0,83,758,SpatialV2,15,2011
970,12,0,0,0,1,1,0,0,2,758,SpatialV2,15,2011
971,21,0,31,3,39,0,0,0,73,758,SpatialV2,15,2011
972,22,0,0,0,0,0,0,0,0,758,SpatialV2,15,2011
973,27,0,0,0,0,0,0,0,0,758,SpatialV2,15,2011
974,33,0,0,0,2,0,0,1,3,758,SpatialV2,15,2011
975,Total,0,97,5,57,1,0,1,161,758,SpatialV2,15,2011
976,3,0,0,0,0,0,0,0,0,758,SpatialV2,15,2002
977,4,0,72,2,15,0,0,0,89,758,SpatialV2,15,2002
978,12,0,0,1,1,0,0,0,2,758,SpatialV2,15,2002
979,21,0,24,6,36,1,0,0,67,758,SpatialV2,15,2002
980,22,0,0,0,0,0,0,0,0,758,SpatialV2,15,2002
981,27,0,0,0,0,0,0,0,0,758,SpatialV2,15,2002
982,33,0,2,0,1,0,0,0,3,758,SpatialV2,15,2002
983,Total,0,98,9,53,1,0,0,161,758,SpatialV2,15,2002
984,3,2,1,0,1,0,0,0,4,757,SpatialV2,15,2008
985,4,7,116,0,20,1,0,1,145,757,SpatialV2,15,2008
986,12,0,0,0,2,0,0,0,2,757,SpatialV2,15,2008
987,21,0,37,0,92,0,0,0,129,757,SpatialV2,15,2008
988,22,0,1,0,1,0,0,0,2,757,SpatialV2,15,2008
989,27,0,0,0,0,0,0,0,0,757,SpatialV2,15,2008
990,33,1,1,0,1,0,0,4,7,757,SpatialV2,15,2008
991,Total,10,156,0,117,1,0,5,289,757,SpatialV2,15,2008
992,3,5,13,0,2,0,0,0,20,Caatinga,SpatialV2,15,2001
993,4,15,671,9,260,3,0,0,958,Caatinga,SpatialV2,15,2001
994,12,0,4,3,16,1,0,0,24,Caatinga,SpatialV2,15,2001
995,21,2,169,10,346,3,0,1,531,Caatinga,SpatialV2,15,2001
996,22,0,3,0,6,0,0,0,9,Caatinga,SpatialV2,15,2001
997,27,0,0,0,0,0,0,0,0,Caatinga,SpatialV2,15,2001
998,33,1,3,2,7,0,0,13,26,Caatinga,SpatialV2,15,2001
999,Total,23,863,24,637,7,0,14,1568,Caatinga,SpatialV2,15,2001
1000,3,4,6,0,0,0,0,0,10,754,SpatialV2,15,2003
1001,4,11,380,0,89,0,0,0,480,754,SpatialV2,15,2003
1002,12,0,1,0,13,0,0,0,14,754,SpatialV2,15,2003
1003,21,3,92,1,108,0,0,0,204,754,SpatialV2,15,2003
1004,22,0,1,0,1,1,0,0,3,754,SpatialV2,15,2003
1005,27,0,0,0,0,0,0,0,0,754,SpatialV2,15,2003
1006,33,2,2,0,3,0,0,5,12,754,SpatialV2,15,2003
1007,Total,20,482,1,214,1,0,5,723,754,SpatialV2,15,2003
1008,3,4,5,0,1,0,0,0,10,754,SpatialV2,15,1993
1009,4,11,356,1,115,0,0,0,483,754,SpatialV2,15,1993
1010,12,0,4,0,11,0,0,0,15,754,SpatialV2,15,1993
1011,21,1,65,2,131,0,0,1,200,754,SpatialV2,15,1993
1012,22,0,1,0,3,0,0,0,4,754,SpatialV2,15,1993
1013,27,0,0,0,0,0,0,0,0,754,SpatialV2,15,1993
1014,33,0,3,1,4,0,0,3,11,754,SpatialV2,15,1993
1015,Total,16,434,4,265,0,0,4,723,754,SpatialV2,15,1993
1016,3,4,8,0,0,0,0,0,12,754,SpatialV2,15,2017
1017,4,10,361,1,91,0,0,0,463,754,SpatialV2,15,2017
1018,12,0,3,1,10,0,0,0,14,754,SpatialV2,15,2017
1019,21,1,77,0,141,0,0,0,219,754,SpatialV2,15,2017
1020,22,0,1,0,3,0,0,0,4,754,SpatialV2,15,2017
1021,27,0,0,0,0,0,0,0,0,754,SpatialV2,15,2017
1022,33,1,3,0,3,0,0,4,11,754,SpatialV2,15,2017
1023,Total,16,453,2,248,0,0,4,723,754,SpatialV2,15,2017
1024,3,5,12,0,4,0,0,0,21,Caatinga,SpatialV2,15,1992
1025,4,19,678,5,262,4,0,0,968,Caatinga,SpatialV2,15,1992
1026,12,0,5,3,13,3,0,0,24,Caatinga,SpatialV2,15,1992
1027,21,6,176,2,323,7,0,2,516,Caatinga,SpatialV2,15,1992
1028,22,0,2,0,7,0,0,0,9,Caatinga,SpatialV2,15,1992
1029,27,0,0,0,0,0,0,0,0,Caatinga,SpatialV2,15,1992
1030,33,2,6,6,2,0,0,14,30,Caatinga,SpatialV2,15,1992
1031,Total,32,879,16,611,14,0,16,1568,Caatinga,SpatialV2,15,1992
1032,3,5,12,0,3,0,0,0,20,Caatinga,SpatialV2,15,2000
1033,4,14,707,13,228,0,0,0,962,Caatinga,SpatialV2,15,2000
1034,12,0,5,4,13,2,0,0,24,Caatinga,SpatialV2,15,2000
1035,21,3,194,6,322,0,0,1,526,Caatinga,SpatialV2,15,2000
1036,22,0,1,2,6,0,0,0,9,Caatinga,SpatialV2,15,2000
1037,27,0,0,0,0,0,0,0,0,Caatinga,SpatialV2,15,2000
1038,33,1,7,2,3,1,0,13,27,Caatinga,SpatialV2,15,2000
1039,Total,23,926,27,575,3,0,14,1568,Caatinga,SpatialV2,15,2000
1040,3,0,0,0,0,0,0,0,0,758,SpatialV2,15,2009
1041,4,1,65,0,15,0,0,0,81,758,SpatialV2,15,2009
1042,12,0,0,0,1,1,0,0,2,758,SpatialV2,15,2009
1043,21,1,41,0,32,1,0,0,75,758,SpatialV2,15,2009
1044,22,0,0,0,0,0,0,0,0,758,SpatialV2,15,2009
1045,27,0,0,0,0,0,0,0,0,758,SpatialV2,15,2009
1046,33,0,1,1,0,0,0,1,3,758,SpatialV2,15,2009
1047,Total,2,107,1,48,2,0,1,161,758,SpatialV2,15,2009
1048,3,1,3,0,0,0,0,0,4,757,SpatialV2,15,2022
1049,4,3,99,0,40,0,0,0,142,757,SpatialV2,15,2022
1050,12,0,0,0,2,0,0,0,2,757,SpatialV2,15,2022
1051,21,2,31,0,97,2,0,0,132,757,SpatialV2,15,2022
1052,22,0,1,0,1,0,0,0,2,757,SpatialV2,15,2022
1053,27,0,0,0,0,0,0,0,0,757,SpatialV2,15,2022
1054,33,0,1,0,2,0,0,4,7,757,SpatialV2,15,2022
1055,Total,6,135,0,142,2,0,4,289,757,SpatialV2,15,2022
1056,3,0,0,0,0,0,0,0,0,758,SpatialV2,15,2006
1057,4,0,70,0,14,0,0,0,84,758,SpatialV2,15,2006
1058,12,0,0,1,1,0,0,0,2,758,SpatialV2,15,2006
1059,21,0,34,2,35,1,0,0,72,758,SpatialV2,15,2006
1060,22,0,0,0,0,0,0,0,0,758,SpatialV2,15,2006
1061,27,0,0,0,0,0,0,0,0,758,SpatialV2,15,2006
1062,33,0,0,0,1,0,0,2,3,758,SpatialV2,15,2006
1063,Total,0,104,3,51,1,0,2,161,758,SpatialV2,15,2006
1064,3,5,16,0,1,0,0,0,22,Caatinga,SpatialV2,15,1988
1065,4,17,735,12,259,5,0,1,1029,Caatinga,SpatialV2,15,1988
1066,12,0,6,1,14,1,0,1,23,Caatinga,SpatialV2,15,1988
1067,21,5,148,5,294,3,0,0,455,Caatinga,SpatialV2,15,1988
1068,22,0,2,1,2,2,0,0,7,Caatinga,SpatialV2,15,1988
1069,27,0,0,0,0,0,0,0,0,Caatinga,SpatialV2,15,1988
1070,33,0,5,3,3,1,0,20,32,Caatinga,SpatialV2,15,1988
1071,Total,27,912,22,573,12,0,22,1568,Caatinga,SpatialV2,15,1988
1072,3,0,0,0,0,0,0,0,0,758,SpatialV2,15,2017
1073,4,0,70,0,10,1,0,0,81,758,SpatialV2,15,2017
1074,12,0,1,0,2,0,0,0,3,758,SpatialV2,15,2017
1075,21,2,32,1,39,1,0,0,75,758,SpatialV2,15,2017
1076,22,0,0,0,0,0,0,0,0,758,SpatialV2,15,2017
1077,27,0,0,0,0,0,0,0,0,758,SpatialV2,15,2017
1078,33,0,0,0,1,1,0,0,2,758,SpatialV2,15,2017
1079,Total,2,103,1,52,3,0,0,161,758,SpatialV2,15,2017
1080,3,0,0,0,0,0,0,0,0,758,SpatialV2,15,2018
1081,4,0,54,1,24,0,0,0,79,758,SpatialV2,15,2018
1082,12,0,0,2,0,0,0,0,2,758,SpatialV2,15,2018
1083,21,0,23,2,50,1,0,0,76,758,SpatialV2,15,2018
1084,22,0,0,0,0,0,0,0,0,758,SpatialV2,15,2018
1085,27,0,0,0,0,0,0,0,0,758,SpatialV2,15,2018
1086,33,0,0,0,1,2,0,1,4,758,SpatialV2,15,2018
1087,Total,0,77,5,75,3,0,1,161,758,SpatialV2,15,2018
1088,3,6,13,0,0,0,0,0,19,Caatinga,SpatialV2,15,2017
1089,4,17,754,5,164,1,0,0,941,Caatinga,SpatialV2,15,2017
1090,12,0,9,1,16,0,0,0,26,Caatinga,SpatialV2,15,2017
1091,21,4,186,8,350,1,0,0,549,Caatinga,SpatialV2,15,2017
1092,22,0,3,0,5,0,0,0,8,Caatinga,SpatialV2,15,2017
1093,27,0,0,0,0,0,0,0,0,Caatinga,SpatialV2,15,2017
1094,33,1,5,1,9,1,0,8,25,Caatinga,SpatialV2,15,2017
1095,Total,28,970,15,544,3,0,8,1568,Caatinga,SpatialV2,15,2017
1096,3,4,9,0,0,0,0,0,13,754,SpatialV2,15,1986
1097,4,13,431,3,100,0,0,1,548,754,SpatialV2,15,1986
1098,12,0,3,0,10,0,0,0,13,754,SpatialV2,15,1986
1099,21,3,43,3,77,1,0,1,128,754,SpatialV2,15,1986
1100,22,0,1,0,1,0,0,1,3,754,SpatialV2,15,1986
1101,27,0,0,0,0,0,0,0,0,754,SpatialV2,15,1986
1102,33,0,3,2,1,0,0,12,18,754,SpatialV2,15,1986
1103,Total,20,490,8,189,1,0,15,723,754,SpatialV2,15,1986
1104,3,0,6,0,0,0,0,0,6,756,SpatialV2,15,1994
1105,4,1,184,1,53,0,0,0,239,756,SpatialV2,15,1994
1106,12,0,2,1,5,0,0,1,9,756,SpatialV2,15,1994
1107,21,0,52,0,81,0,0,0,133,756,SpatialV2,15,1994
1108,22,0,0,0,3,0,0,0,3,756,SpatialV2,15,1994
1109,27,0,0,0,0,0,0,0,0,756,SpatialV2,15,1994
1110,33,1,0,0,1,0,0,3,5,756,SpatialV2,15,1994
1111,Total,2,244,2,143,0,0,4,395,756,SpatialV2,15,1994
1112,3,4,4,0,1,0,0,0,9,754,SpatialV2,15,2008
1113,4,12,339,0,112,0,0,1,464,754,SpatialV2,15,2008
1114,12,0,4,0,10,0,0,0,14,754,SpatialV2,15,2008
1115,21,2,61,1,145,1,0,2,212,754,SpatialV2,15,2008
1116,22,0,1,0,3,0,0,0,4,754,SpatialV2,15,2008
1117,27,0,0,0,0,0,0,0,0,754,SpatialV2,15,2008
1118,33,1,2,1,1,0,0,15,20,754,SpatialV2,15,2008
1119,Total,19,411,2,272,1,0,18,723,754,SpatialV2,15,2008
1120,3,4,5,0,1,0,0,0,10,754,SpatialV2,15,1994
1121,4,9,356,4,117,0,0,0,486,754,SpatialV2,15,1994
1122,12,2,7,1,5,0,0,0,15,754,SpatialV2,15,1994
1123,21,6,80,1,109,1,0,1,198,754,SpatialV2,15,1994
1124,22,0,1,0,2,1,0,0,4,754,SpatialV2,15,1994
1125,27,0,0,0,0,0,0,0,0,754,SpatialV2,15,1994
1126,33,2,1,1,2,0,0,4,10,754,SpatialV2,15,1994
1127,Total,23,450,7,236,2,0,5,723,754,SpatialV2,15,1994
1128,3,5,11,0,1,0,0,0,17,Caatinga,SpatialV2,15,2013
1129,4,15,783,10,137,0,0,0,945,Caatinga,SpatialV2,15,2013
1130,12,0,5,2,16,1,0,0,24,Caatinga,SpatialV2,15,2013
1131,21,4,185,8,341,2,0,1,541,Caatinga,SpatialV2,15,2013
1132,22,0,2,0,7,0,0,0,9,Caatinga,SpatialV2,15,2013
1133,27,0,0,0,0,0,0,0,0,Caatinga,SpatialV2,15,2013
1134,33,4,5,0,6,0,0,17,32,Caatinga,SpatialV2,15,2013
1135,Total,28,991,20,508,3,0,18,1568,Caatinga,SpatialV2,15,2013
1136,3,4,6,0,0,0,0,0,10,754,SpatialV2,15,2013
1137,4,10,402,0,58,0,0,0,470,754,SpatialV2,15,2013
1138,12,0,4,1,8,0,0,0,13,754,SpatialV2,15,2013
1139,21,3,76,0,130,0,0,1,210,754,SpatialV2,15,2013
1140,22,0,1,0,4,0,0,0,5,754,SpatialV2,15,2013
1141,27,0,0,0,0,0,0,0,0,754,SpatialV2,15,2013
1142,33,2,1,0,1,0,0,11,15,754,SpatialV2,15,2013
1143,Total,19,490,1,201,0,0,12,723,754,SpatialV2,15,2013
1144,3,1,2,0,1,0,0,0,4,757,SpatialV2,15,2018
1145,4,3,110,0,31,0,0,0,144,757,SpatialV2,15,2018
1146,12,0,0,0,2,0,0,0,2,757,SpatialV2,15,2018
1147,21,1,29,0,100,0,0,0,130,757,SpatialV2,15,2018
1148,22,0,1,0,1,0,0,0,2,757,SpatialV2,15,2018
1149,27,0,0,0,0,0,0,0,0,757,SpatialV2,15,2018
1150,33,1,0,1,3,0,0,2,7,757,SpatialV2,15,2018
1151,Total,6,142,1,138,0,0,2,289,757,SpatialV2,15,2018
1152,3,0,6,0,0,0,0,0,6,756,SpatialV2,15,1998
1153,4,0,202,5,32,4,0,0,243,756,SpatialV2,15,1998
1154,12,0,1,2,3,0,0,0,6,756,SpatialV2,15,1998
1155,21,0,59,2,69,1,0,0,131,756,SpatialV2,15,1998
1156,22,0,1,0,1,0,0,0,2,756,SpatialV2,15,1998
1157,27,0,0,0,0,0,0,0,0,756,SpatialV2,15,1998
1158,33,0,2,1,0,0,0,4,7,756,SpatialV2,15,1998
1159,Total,0,271,10,105,5,0,4,395,756,SpatialV2,15,1998
1160,3,4,6,0,0,0,0,0,10,754,SpatialV2,15,1997
1161,4,10,368,1,101,0,0,0,480,754,SpatialV2,15,1997
1162,12,0,3,0,11,0,0,0,14,754,SpatialV2,15,1997
1163,21,3,81,3,111,2,0,3,203,754,SpatialV2,15,1997
1164,22,0,1,0,3,0,0,0,4,754,SpatialV2,15,1997
1165,27,0,0,0,0,0,0,0,0,754,SpatialV2,15,1997
1166,33,2,2,1,0,0,0,7,12,754,SpatialV2,15,1997
1167,Total,19,461,5,226,2,0,10,723,754,SpatialV2,15,1997
1168,3,0,5,0,1,0,0,0,6,756,SpatialV2,15,1992
1169,4,2,159,4,69,4,0,0,238,756,SpatialV2,15,1992
1170,12,0,2,1,2,2,0,0,7,756,SpatialV2,15,1992
1171,21,0,56,2,73,2,0,0,133,756,SpatialV2,15,1992
1172,22,0,1,0,3,0,0,0,4,756,SpatialV2,15,1992
1173,27,0,0,0,0,0,0,0,0,756,SpatialV2,15,1992
1174,33,1,0,2,0,0,0,4,7,756,SpatialV2,15,1992
1175,Total,3,223,9,148,8,0,4,395,756,SpatialV2,15,1992
1176,3,0,6,0,0,0,0,0,6,756,SpatialV2,15,1997
1177,4,1,198,13,30,0,0,1,243,756,SpatialV2,15,1997
1178,12,0,2,1,1,1,0,1,6,756,SpatialV2,15,1997
1179,21,0,57,6,66,1,0,0,130,756,SpatialV2,15,1997
1180,22,0,0,0,2,0,0,0,2,756,SpatialV2,15,1997
1181,27,0,0,0,0,0,0,0,0,756,SpatialV2,15,1997
1182,33,0,0,1,0,0,0,7,8,756,SpatialV2,15,1997
1183,Total,1,263,21,99,2,0,9,395,756,SpatialV2,15,1997
1184,3,2,2,0,0,0,0,0,4,757,SpatialV2,15,2015
1185,4,6,106,2,28,0,0,0,142,757,SpatialV2,15,2015
1186,12,0,0,0,2,0,0,0,2,757,SpatialV2,15,2015
1187,21,0,27,1,104,0,0,0,132,757,SpatialV2,15,2015
1188,22,0,2,0,0,0,0,0,2,757,SpatialV2,15,2015
1189,27,0,0,0,0,0,0,0,0,757,SpatialV2,15,2015
1190,33,1,1,0,4,0,0,1,7,757,SpatialV2,15,2015
1191,Total,9,138,3,138,0,0,1,289,757,SpatialV2,15,2015
1192,3,0,6,0,0,0,0,0,6,756,SpatialV2,15,1988
1193,4,1,152,9,81,4,0,0,247,756,SpatialV2,15,1988
1194,12,0,1,0,4,1,0,1,7,756,SpatialV2,15,1988
1195,21,0,45,2,77,1,0,0,125,756,SpatialV2,15,1988
1196,22,0,0,1,1,1,0,0,3,756,SpatialV2,15,1988
1197,27,0,0,0,0,0,0,0,0,756,SpatialV2,15,1988
1198,33,0,0,0,1,0,0,6,7,756,SpatialV2,15,1988
1199,Total,1,204,12,164,7,0,7,395,756,SpatialV2,15,1988
1200,3,0,0,0,0,0,0,0,0,758,SpatialV2,15,2003
1201,4,0,74,0,14,0,0,0,88,758,SpatialV2,15,2003
1202,12,0,0,0,2,0,0,0,2,758,SpatialV2,15,2003
1203,21,0,26,0,41,0,0,1,68,758,SpatialV2,15,2003
1204,22,0,0,0,0,0,0,0,0,758,SpatialV2,15,2003
1205,27,0,0,0,0,0,0,0,0,758,SpatialV2,15,2003
1206,33,0,3,0,0,0,0,0,3,758,SpatialV2,15,2003
1207,Total,0,103,0,57,0,0,1,161,758,SpatialV2,15,2003
1208,3,0,0,0,0,0,0,0,0,758,SpatialV2,15,1989
1209,4,0,70,4,20,0,0,0,94,758,SpatialV2,15,1989
1210,12,0,0,2,0,0,0,0,2,758,SpatialV2,15,1989
1211,21,0,21,2,40,0,0,0,63,758,SpatialV2,15,1989
1212,22,0,0,0,0,0,0,0,0,758,SpatialV2,15,1989
1213,27,0,0,0,0,0,0,0,0,758,SpatialV2,15,1989
1214,33,0,1,0,0,0,0,1,2,758,SpatialV2,15,1989
1215,Total,0,92,8,60,0,0,1,161,758,SpatialV2,15,1989
1216,3,4,8,0,0,0,0,0,12,754,SpatialV2,15,2021
1217,4,10,360,0,92,0,0,0,462,754,SpatialV2,15,2021
1218,12,0,4,0,10,0,0,0,14,754,SpatialV2,15,2021
1219,21,1,75,1,139,1,0,1,218,754,SpatialV2,15,2021
1220,22,0,1,0,3,0,0,0,4,754,SpatialV2,15,2021
1221,27,0,0,0,0,0,0,0,0,754,SpatialV2,15,2021
1222,33,1,2,1,2,0,0,7,13,754,SpatialV2,15,2021
1223,Total,16,450,2,246,1,0,8,723,754,SpatialV2,15,2021
1224,3,4,9,0,0,0,0,0,13,754,SpatialV2,15,1985
1225,4,14,431,1,110,0,0,0,556,754,SpatialV2,15,1985
1226,12,0,2,0,11,0,0,0,13,754,SpatialV2,15,1985
1227,21,3,49,3,64,1,0,1,121,754,SpatialV2,15,1985
1228,22,0,1,0,0,0,0,0,1,754,SpatialV2,15,1985
1229,27,0,0,0,0,0,0,0,0,754,SpatialV2,15,1985
1230,33,0,3,2,1,0,0,13,19,754,SpatialV2,15,1985
1231,Total,21,495,6,186,1,0,14,723,754,SpatialV2,15,1985
1232,3,0,0,0,0,0,0,0,0,758,SpatialV2,15,2004
1233,4,0,53,0,33,1,0,0,87,758,SpatialV2,15,2004
1234,12,0,0,0,0,2,0,0,2,758,SpatialV2,15,2004
1235,21,0,18,1,50,0,0,0,69,758,SpatialV2,15,2004
1236,22,0,0,0,0,0,0,0,0,758,SpatialV2,15,2004
1237,27,0,0,0,0,0,0,0,0,758,SpatialV2,15,2004
1238,33,0,1,0,1,0,0,1,3,758,SpatialV2,15,2004
1239,Total,0,72,1,84,3,0,1,161,758,SpatialV2,15,2004
1240,3,0,6,0,0,0,0,0,6,756,SpatialV2,15,1989
1241,4,0,179,12,52,0,0,0,243,756,SpatialV2,15,1989
1242,12,0,2,1,3,0,0,1,7,756,SpatialV2,15,1989
1243,21,0,51,4,74,0,0,0,129,756,SpatialV2,15,1989
1244,22,0,0,1,2,0,0,0,3,756,SpatialV2,15,1989
1245,27,0,0,0,0,0,0,0,0,756,SpatialV2,15,1989
1246,33,0,0,0,0,0,0,7,7,756,SpatialV2,15,1989
1247,Total,0,238,18,131,0,0,8,395,756,SpatialV2,15,1989
1248,3,5,11,0,1,0,0,0,17,Caatinga,SpatialV2,15,2010
1249,4,12,665,4,252,3,0,2,938,Caatinga,SpatialV2,15,2010
1250,12,0,3,1,17,1,0,2,24,Caatinga,SpatialV2,15,2010
1251,21,1,155,9,362,9,0,1,537,Caatinga,SpatialV2,15,2010
1252,22,0,4,0,5,0,0,0,9,Caatinga,SpatialV2,15,2010
1253,27,0,0,0,0,0,0,0,0,Caatinga,SpatialV2,15,2010
1254,33,1,5,3,2,1,0,31,43,Caatinga,SpatialV2,15,2010
1255,Total,19,843,17,639,14,0,36,1568,Caatinga,SpatialV2,15,2010
1256,3,4,7,0,0,0,0,0,11,754,SpatialV2,15,1991
1257,4,12,359,1,128,0,0,0,500,754,SpatialV2,15,1991
1258,12,0,4,0,9,0,0,0,13,754,SpatialV2,15,1991
1259,21,3,51,3,122,0,0,1,180,754,SpatialV2,15,1991
1260,22,0,0,0,4,0,0,0,4,754,SpatialV2,15,1991
1261,27,0,0,0,0,0,0,0,0,754,SpatialV2,15,1991
1262,33,0,3,4,1,0,0,7,15,754,SpatialV2,15,1991
1263,Total,19,424,8,264,0,0,8,723,754,SpatialV2,15,1991
1264,3,0,5,0,1,0,0,0,6,756,SpatialV2,15,1995
1265,4,2,172,13,50,1,0,1,239,756,SpatialV2,15,1995
1266,12,0,5,2,1,0,0,0,8,756,SpatialV2,15,1995
1267,21,0,50,2,81,0,0,0,133,756,SpatialV2,15,1995
1268,22,0,1,0,1,0,0,0,2,756,SpatialV2,15,1995
1269,27,0,0,0,0,0,0,0,0,756,SpatialV2,15,1995
1270,33,0,1,1,1,0,0,4,7,756,SpatialV2,15,1995
1271,Total,2,234,18,135,1,0,5,395,756,SpatialV2,15,1995
1272,3,6,14,0,0,0,0,0,20,Caatinga,SpatialV2,15,2020
1273,4,13,726,17,186,1,0,0,943,Caatinga,SpatialV2,15,2020
1274,12,0,4,6,13,0,0,2,25,Caatinga,SpatialV2,15,2020
1275,21,6,174,11,347,2,0,1,541,Caatinga,SpatialV2,15,2020
1276,22,0,1,0,7,0,0,0,8,Caatinga,SpatialV2,15,2020
1277,27,0,0,0,0,0,0,0,0,Caatinga,SpatialV2,15,2020
1278,33,2,3,1,7,1,0,17,31,Caatinga,SpatialV2,15,2020
1279,Total,27,922,35,560,4,0,20,1568,Caatinga,SpatialV2,15,2020
1280,3,0,6,0,0,0,0,0,6,756,SpatialV2,15,1991
1281,4,0,176,1,60,0,0,0,237,756,SpatialV2,15,1991
1282,12,1,2,0,4,0,0,0,7,756,SpatialV2,15,1991
1283,21,0,64,0,70,0,0,0,134,756,SpatialV2,15,1991
1284,22,0,1,0,3,0,0,0,4,756,SpatialV2,15,1991
1285,27,0,0,0,0,0,0,0,0,756,SpatialV2,15,1991
1286,33,1,0,0,1,0,0,5,7,756,SpatialV2,15,1991
1287,Total,2,249,1,138,0,0,5,395,756,SpatialV2,15,1991
1288,3,0,0,0,0,0,0,0,0,758,SpatialV2,15,2010
1289,4,0,65,1,16,0,0,0,82,758,SpatialV2,15,2010
1290,12,0,0,0,1,1,0,0,2,758,SpatialV2,15,2010
1291,21,0,22,0,49,3,0,0,74,758,SpatialV2,15,2010
1292,22,0,0,0,0,0,0,0,0,758,SpatialV2,15,2010
1293,27,0,0,0,0,0,0,0,0,758,SpatialV2,15,2010
1294,33,0,2,0,0,1,0,0,3,758,SpatialV2,15,2010
1295,Total,0,89,1,66,5,0,0,161,758,SpatialV2,15,2010
1296,3,4,8,0,0,0,0,0,12,754,SpatialV2,15,1989
1297,4,11,394,0,114,1,0,0,520,754,SpatialV2,15,1989
1298,12,0,3,1,8,0,0,0,12,754,SpatialV2,15,1989
1299,21,4,67,2,83,1,0,1,158,754,SpatialV2,15,1989
1300,22,0,1,0,2,1,0,0,4,754,SpatialV2,15,1989
1301,27,0,0,0,0,0,0,0,0,754,SpatialV2,15,1989
1302,33,0,3,2,1,0,0,11,17,754,SpatialV2,15,1989
1303,Total,19,476,5,208,3,0,12,723,754,SpatialV2,15,1989
1304,3,4,6,0,0,0,0,0,10,754,SpatialV2,15,2012
1305,4,11,376,1,81,0,0,1,470,754,SpatialV2,15,2012
1306,12,0,1,1,11,0,0,0,13,754,SpatialV2,15,2012
1307,21,1,65,1,138,0,0,1,206,754,SpatialV2,15,2012
1308,22,0,2,0,2,0,0,0,4,754,SpatialV2,15,2012
1309,27,0,0,0,0,0,0,0,0,754,SpatialV2,15,2012
1310,33,1,1,0,3,0,0,15,20,754,SpatialV2,15,2012
1311,Total,17,451,3,235,0,0,17,723,754,SpatialV2,15,2012
1312,3,1,2,0,1,0,0,0,4,757,SpatialV2,15,1993
1313,4,4,103,0,44,0,0,0,151,757,SpatialV2,15,1993
1314,12,0,1,0,1,0,0,0,2,757,SpatialV2,15,1993
1315,21,1,40,0,84,0,0,0,125,757,SpatialV2,15,1993
1316,22,0,0,0,1,0,0,0,1,757,SpatialV2,15,1993
1317,27,0,0,0,0,0,0,0,0,757,SpatialV2,15,1993
1318,33,0,1,0,3,0,0,2,6,757,SpatialV2,15,1993
1319,Total,6,147,0,134,0,0,2,289,757,SpatialV2,15,1993
1320,3,1,2,0,1,0,0,0,4,757,SpatialV2,15,2002
1321,4,4,82,1,60,0,0,0,147,757,SpatialV2,15,2002
1322,12,0,0,0,2,0,0,0,2,757,SpatialV2,15,2002
1323,21,0,17,1,107,3,0,0,128,757,SpatialV2,15,2002
1324,22,0,0,0,1,0,0,0,1,757,SpatialV2,15,2002
1325,27,0,0,0,0,0,0,0,0,757,SpatialV2,15,2002
1326,33,0,1,0,3,0,0,3,7,757,SpatialV2,15,2002
1327,Total,5,102,2,174,3,0,3,289,757,SpatialV2,15,2002
1328,3,4,8,0,0,0,0,0,12,754,SpatialV2,15,2020
1329,4,9,361,1,96,0,0,0,467,754,SpatialV2,15,2020
1330,12,0,4,1,9,0,0,0,14,754,SpatialV2,15,2020
1331,21,2,69,5,136,1,0,0,213,754,SpatialV2,15,2020
1332,22,0,1,0,3,0,0,0,4,754,SpatialV2,15,2020
1333,27,0,0,0,0,0,0,0,0,754,SpatialV2,15,2020
1334,33,1,1,1,3,0,0,7,13,754,SpatialV2,15,2020
1335,Total,16,444,8,247,1,0,7,723,754,SpatialV2,15,2020
1336,3,4,6,0,1,0,0,0,11,754,SpatialV2,15,2015
1337,4,12,364,1,91,0,0,1,469,754,SpatialV2,15,2015
1338,12,0,2,0,12,0,0,0,14,754,SpatialV2,15,2015
1339,21,2,71,1,141,0,0,0,215,754,SpatialV2,15,2015
1340,22,0,1,0,3,0,0,0,4,754,SpatialV2,15,2015
1341,27,0,0,0,0,0,0,0,0,754,SpatialV2,15,2015
1342,33,1,1,2,2,0,0,4,10,754,SpatialV2,15,2015
1343,Total,19,445,4,250,0,0,5,723,754,SpatialV2,15,2015
1344,3,6,11,0,3,0,0,0,20,Caatinga,SpatialV2,15,2019
1345,4,18,721,10,193,0,0,0,942,Caatinga,SpatialV2,15,2019
1346,12,1,5,2,17,0,0,0,25,Caatinga,SpatialV2,15,2019
1347,21,6,151,6,378,1,0,1,543,Caatinga,SpatialV2,15,2019
1348,22,0,1,1,6,0,0,0,8,Caatinga,SpatialV2,15,2019
1349,27,0,0,0,0,0,0,0,0,Caatinga,SpatialV2,15,2019
1350,33,1,5,0,6,1,0,17,30,Caatinga,SpatialV2,15,2019
1351,Total,32,894,19,603,2,0,18,1568,Caatinga,SpatialV2,15,2019
1352,3,4,4,0,1,0,0,0,9,754,SpatialV2,15,1995
1353,4,10,388,1,82,0,0,0,481,754,SpatialV2,15,1995
1354,12,1,4,0,10,0,0,0,15,754,SpatialV2,15,1995
1355,21,3,94,3,98,2,0,4,204,754,SpatialV2,15,1995
1356,22,0,0,0,4,0,0,0,4,754,SpatialV2,15,1995
1357,27,0,0,0,0,0,0,0,0,754,SpatialV2,15,1995
1358,33,0,2,0,0,0,0,8,10,754,SpatialV2,15,1995
1359,Total,18,492,4,195,2,0,12,723,754,SpatialV2,15,1995
1360,3,1,1,0,2,0,0,0,4,757,SpatialV2,15,2000
1361,4,2,105,0,41,0,0,0,148,757,SpatialV2,15,2000
1362,12,0,0,0,2,0,0,0,2,757,SpatialV2,15,2000
1363,21,0,32,0,94,0,0,1,127,757,SpatialV2,15,2000
1364,22,0,0,1,0,0,0,0,1,757,SpatialV2,15,2000
1365,27,0,0,0,0,0,0,0,0,757,SpatialV2,15,2000
1366,33,0,3,1,1,0,0,2,7,757,SpatialV2,15,2000
1367,Total,3,141,2,140,0,0,3,289,757,SpatialV2,15,2000
1368,3,0,0,0,0,0,0,0,0,758,SpatialV2,15,1999
1369,4,0,68,0,20,2,0,0,90,758,SpatialV2,15,1999
1370,12,0,0,0,2,0,0,0,2,758,SpatialV2,15,1999
1371,21,0,24,0,42,0,0,1,67,758,SpatialV2,15,1999
1372,22,0,0,0,0,0,0,0,0,758,SpatialV2,15,1999
1373,27,0,0,0,0,0,0,0,0,758,SpatialV2,15,1999
1374,33,0,1,0,1,0,0,0,2,758,SpatialV2,15,1999
1375,Total,0,93,0,65,2,0,1,161,758,SpatialV2,15,1999
1376,3,1,2,0,1,0,0,0,4,757,SpatialV2,15,2021
1377,4,5,90,0,47,0,0,0,142,757,SpatialV2,15,2021
1378,12,0,0,0,2,0,0,0,2,757,SpatialV2,15,2021
1379,21,3,14,0,115,0,0,0,132,757,SpatialV2,15,2021
1380,22,0,1,0,1,0,0,0,2,757,SpatialV2,15,2021
1381,27,0,0,0,0,0,0,0,0,757,SpatialV2,15,2021
1382,33,0,0,1,3,0,0,3,7,757,SpatialV2,15,2021
1383,Total,9,107,1,169,0,0,3,289,757,SpatialV2,15,2021
1384,3,5,10,0,4,0,0,0,19,Caatinga,SpatialV2,15,1995
1385,4,14,739,14,192,1,0,2,962,Caatinga,SpatialV2,15,1995
1386,12,1,9,2,15,0,0,0,27,Caatinga,SpatialV2,15,1995
1387,21,5,210,5,302,2,0,4,528,Caatinga,SpatialV2,15,1995
1388,22,0,1,0,6,0,0,0,7,Caatinga,SpatialV2,15,1995
1389,27,0,0,0,0,0,0,0,0,Caatinga,SpatialV2,15,1995
1390,33,1,5,3,1,0,0,15,25,Caatinga,SpatialV2,15,1995
1391,Total,26,974,24,520,3,0,21,1568,Caatinga,SpatialV2,15,1995
1392,3,2,2,0,0,0,0,0,4,757,SpatialV2,15,2017
1393,4,5,108,1,29,0,0,0,143,757,SpatialV2,15,2017
1394,12,0,1,0,1,0,0,0,2,757,SpatialV2,15,2017
1395,21,1,29,2,99,0,0,0,131,757,SpatialV2,15,2017
1396,22,0,1,0,1,0,0,0,2,757,SpatialV2,15,2017
1397,27,0,0,0,0,0,0,0,0,757,SpatialV2,15,2017
1398,33,0,0,0,5,0,0,2,7,757,SpatialV2,15,2017
1399,Total,8,141,3,135,0,0,2,289,757,SpatialV2,15,2017
1400,3,4,4,0,1,0,0,0,9,754,SpatialV2,15,2011
1401,4,9,311,1,148,0,0,0,469,754,SpatialV2,15,2011
1402,12,0,5,1,8,0,0,0,14,754,SpatialV2,15,2011
1403,21,1,68,1,134,0,0,2,206,754,SpatialV2,15,2011
1404,22,0,0,0,4,0,0,0,4,754,SpatialV2,15,2011
1405,27,0,0,0,0,0,0,0,0,754,SpatialV2,15,2011
1406,33,1,1,2,0,0,0,17,21,754,SpatialV2,15,2011
1407,Total,15,389,5,295,0,0,19,723,754,SpatialV2,15,2011
1408,3,4,4,0,1,0,0,0,9,754,SpatialV2,15,2006
1409,4,12,341,1,112,0,0,0,466,754,SpatialV2,15,2006
1410,12,1,3,1,9,0,0,0,14,754,SpatialV2,15,2006
1411,21,3,68,3,135,0,0,3,212,754,SpatialV2,15,2006
1412,22,0,2,0,1,1,0,0,4,754,SpatialV2,15,2006
1413,27,0,0,0,0,0,0,0,0,754,SpatialV2,15,2006
1414,33,3,1,0,0,0,0,14,18,754,SpatialV2,15,2006
1415,Total,23,419,5,258,1,0,17,723,754,SpatialV2,15,2006
1416,3,4,6,0,0,0,0,0,10,754,SpatialV2,15,2001
1417,4,10,314,1,153,1,0,0,479,754,SpatialV2,15,2001
1418,12,0,4,1,9,0,0,0,14,754,SpatialV2,15,2001
1419,21,2,62,4,136,1,0,0,205,754,SpatialV2,15,2001
1420,22,0,2,0,3,0,0,0,5,754,SpatialV2,15,2001
1421,27,0,0,0,0,0,0,0,0,754,SpatialV2,15,2001
1422,33,1,2,1,2,0,0,4,10,754,SpatialV2,15,2001
1423,Total,17,390,7,303,2,0,4,723,754,SpatialV2,15,2001
1424,3,0,3,0,0,0,0,0,3,756,SpatialV2,15,2013
1425,4,1,210,9,32,0,0,0,252,756,SpatialV2,15,2013
1426,12,0,1,1,4,1,0,0,7,756,SpatialV2,15,2013
1427,21,0,54,7,61,2,0,0,124,756,SpatialV2,15,2013
1428,22,0,0,0,2,0,0,0,2,756,SpatialV2,15,2013
1429,27,0,0,0,0,0,0,0,0,756,SpatialV2,15,2013
1430,33,1,1,0,2,0,0,3,7,756,SpatialV2,15,2013
1431,Total,2,269,17,101,3,0,3,395,756,SpatialV2,15,2013
1432,3,5,18,0,0,0,0,0,23,Caatinga,SpatialV2,15,1986
1433,4,14,818,23,198,3,0,2,1058,Caatinga,SpatialV2,15,1986
1434,12,0,5,3,14,1,0,1,24,Caatinga,SpatialV2,15,1986
1435,21,4,135,11,265,7,0,1,423,Caatinga,SpatialV2,15,1986
1436,22,0,2,1,2,1,0,1,7,Caatinga,SpatialV2,15,1986
1437,27,0,0,0,0,0,0,0,0,Caatinga,SpatialV2,15,1986
1438,33,1,4,2,2,0,0,24,33,Caatinga,SpatialV2,15,1986
1439,Total,24,982,40,481,12,0,29,1568,Caatinga,SpatialV2,15,1986
1440,3,5,14,0,1,0,0,0,20,Caatinga,SpatialV2,15,2021
1441,4,17,719,10,191,1,0,0,938,Caatinga,SpatialV2,15,2021
1442,12,0,7,2,17,0,0,0,26,Caatinga,SpatialV2,15,2021
1443,21,4,170,9,355,7,0,1,546,Caatinga,SpatialV2,15,2021
1444,22,0,3,0,5,0,0,0,8,Caatinga,SpatialV2,15,2021
1445,27,0,0,0,0,0,0,0,0,Caatinga,SpatialV2,15,2021
1446,33,2,4,3,6,1,0,14,30,Caatinga,SpatialV2,15,2021
1447,Total,28,917,24,575,9,0,15,1568,Caatinga,SpatialV2,15,2021
1448,3,1,2,0,1,0,0,0,4,757,SpatialV2,15,1998
1449,4,4,107,0,37,2,0,0,150,757,SpatialV2,15,1998
1450,12,0,1,0,1,0,0,0,2,757,SpatialV2,15,1998
1451,21,0,32,2,91,0,0,0,125,757,SpatialV2,15,1998
1452,22,0,0,0,1,0,0,0,1,757,SpatialV2,15,1998
1453,27,0,0,0,0,0,0,0,0,757,SpatialV2,15,1998
1454,33,2,0,0,1,0,0,4,7,757,SpatialV2,15,1998
1455,Total,7,142,2,132,2,0,4,289,757,SpatialV2,15,1998
1456,3,5,15,0,1,0,0,0,21,Caatinga,SpatialV2,15,2022
1457,4,15,719,10,193,0,0,1,938,Caatinga,SpatialV2,15,2022
1458,12,0,5,4,16,0,0,1,26,Caatinga,SpatialV2,15,2022
1459,21,3,182,11,341,7,0,0,544,Caatinga,SpatialV2,15,2022
1460,22,0,2,0,5,1,0,0,8,Caatinga,SpatialV2,15,2022
1461,27,0,0,0,0,0,0,0,0,Caatinga,SpatialV2,15,2022
1462,33,2,6,1,3,1,0,18,31,Caatinga,SpatialV2,15,2022
1463,Total,25,929,26,559,9,0,20,1568,Caatinga,SpatialV2,15,2022
1464,3,5,17,0,1,0,0,0,23,Caatinga,SpatialV2,15,1985
1465,4,16,814,19,223,2,0,2,1076,Caatinga,SpatialV2,15,1985
1466,12,0,3,2,16,2,0,1,24,Caatinga,SpatialV2,15,1985
1467,21,3,142,10,246,4,0,1,406,Caatinga,SpatialV2,15,1985
1468,22,0,2,1,2,0,0,0,5,Caatinga,SpatialV2,15,1985
1469,27,0,0,0,0,0,0,0,0,Caatinga,SpatialV2,15,1985
1470,33,1,4,2,2,0,0,25,34,Caatinga,SpatialV2,15,1985
1471,Total,25,982,34,490,8,0,29,1568,Caatinga,SpatialV2,15,1985
1472,3,0,0,0,0,0,0,0,0,758,SpatialV2,15,1991
1473,4,0,64,4,24,0,0,0,92,758,SpatialV2,15,1991
1474,12,0,0,0,2,0,0,0,2,758,SpatialV2,15,1991
1475,21,1,25,4,35,0,0,0,65,758,SpatialV2,15,1991
1476,22,0,0,0,0,0,0,0,0,758,SpatialV2,15,1991
1477,27,0,0,0,0,0,0,0,0,758,SpatialV2,15,1991
1478,33,0,1,1,0,0,0,0,2,758,SpatialV2,15,1991
1479,Total,1,90,9,61,0,0,0,161,758,SpatialV2,15,1991
1480,3,1,1,0,2,0,0,0,4,757,SpatialV2,15,1994
1481,4,4,103,0,45,0,0,0,152,757,SpatialV2,15,1994
1482,12,0,0,0,2,0,0,0,2,757,SpatialV2,15,1994
1483,21,4,37,0,82,0,0,1,124,757,SpatialV2,15,1994
1484,22,0,0,0,1,0,0,0,1,757,SpatialV2,15,1994
1485,27,0,0,0,0,0,0,0,0,757,SpatialV2,15,1994
1486,33,1,1,0,0,0,0,4,6,757,SpatialV2,15,1994
1487,Total,10,142,0,132,0,0,5,289,757,SpatialV2,15,1994
1488,3,0,0,0,0,0,0,0,0,758,SpatialV2,15,1996
1489,4,0,67,2,18,1,0,0,88,758,SpatialV2,15,1996
1490,12,0,1,0,0,1,0,0,2,758,SpatialV2,15,1996
1491,21,0,30,2,36,1,0,0,69,758,SpatialV2,15,1996
1492,22,0,0,0,0,0,0,0,0,758,SpatialV2,15,1996
1493,27,0,0,0,0,0,0,0,0,758,SpatialV2,15,1996
1494,33,0,1,0,0,1,0,0,2,758,SpatialV2,15,1996
1495,Total,0,99,4,54,4,0,0,161,758,SpatialV2,15,1996
1496,3,1,1,0,2,0,0,0,4,757,SpatialV2,15,2012
1497,4,5,104,1,32,0,0,0,142,757,SpatialV2,15,2012
1498,12,0,0,0,2,0,0,0,2,757,SpatialV2,15,2012
1499,21,0,33,0,96,3,0,0,132,757,SpatialV2,15,2012
1500,22,0,1,0,1,0,0,0,2,757,SpatialV2,15,2012
1501,27,0,0,0,0,0,0,0,0,757,SpatialV2,15,2012
1502,33,0,1,0,2,0,0,4,7,757,SpatialV2,15,2012
1503,Total,6,140,1,135,3,0,4,289,757,SpatialV2,15,2012
1504,3,1,2,0,1,0,0,0,4,757,SpatialV2,15,1990
1505,4,5,105,1,41,0,0,0,152,757,SpatialV2,15,1990
1506,12,0,1,0,1,0,0,0,2,757,SpatialV2,15,1990
1507,21,2,27,0,93,1,0,1,124,757,SpatialV2,15,1990
1508,22,0,0,0,0,1,0,0,1,757,SpatialV2,15,1990
1509,27,0,0,0,0,0,0,0,0,757,SpatialV2,15,1990
1510,33,0,1,0,2,0,0,3,6,757,SpatialV2,15,1990
1511,Total,8,136,1,138,2,0,4,289,757,SpatialV2,15,1990
1512,3,1,2,0,1,0,0,0,4,757,SpatialV2,15,1985
1513,4,1,104,1,48,0,0,1,155,757,SpatialV2,15,1985
1514,12,0,0,0,2,0,0,0,2,757,SpatialV2,15,1985
1515,21,0,31,0,89,1,0,0,121,757,SpatialV2,15,1985
1516,22,0,0,0,1,0,0,0,1,757,SpatialV2,15,1985
1517,27,0,0,0,0,0,0,0,0,757,SpatialV2,15,1985
1518,33,1,1,0,1,0,0,3,6,757,SpatialV2,15,1985
1519,Total,3,138,1,142,1,0,4,289,757,SpatialV2,15,1985
