version,Models,Bacia,Years,global_accuracy,quantity diss,alloc dis,exchange,shift
9,RF,Caatinga,1985,44.73,17.58,37.690000000000005,17.89,19.81
9,RF,Caatinga,1986,44.41,29.06,26.530000000000005,17.9,8.62
9,RF,Caatinga,1987,45.37,29.08,25.550000000000004,15.34,10.23
9,RF,Caatinga,1988,48.88,20.45,30.669999999999998,24.92,5.75
9,RF,Caatinga,1989,50.16,25.56,24.280000000000005,18.53,5.76
9,RF,Caatinga,1990,59.11,14.37,26.520000000000003,23.0,3.52
9,RF,Caatinga,1991,54.95,16.93,28.119999999999997,19.8,8.31
9,RF,Caatinga,1992,52.08,15.66,32.260000000000005,27.48,4.79
9,RF,Caatinga,1993,50.8,21.4,27.800000000000004,17.26,10.54
9,RF,Caatinga,1994,47.92,23.96,28.119999999999997,21.09,7.03
9,RF,Caatinga,1995,47.6,23.64,28.759999999999998,23.65,5.11
9,RF,Caatinga,1996,54.95,16.94,28.109999999999996,19.16,8.94
9,RF,Caatinga,1997,54.63,15.34,30.029999999999998,22.37,7.66
9,RF,Caatinga,1998,49.2,14.06,36.739999999999995,24.28,12.46
9,RF,Caatinga,1999,49.52,19.49,30.99,25.56,5.43
9,RF,Caatinga,2000,60.38,9.58,30.04,19.81,10.22
9,RF,Caatinga,2001,58.47,9.59,31.94,26.2,5.76
9,RF,Caatinga,2002,54.95,10.86,34.19,30.67,3.51
9,RF,Caatinga,2003,42.49,23.96,33.55,26.2,7.35
9,RF,Caatinga,2004,57.51,12.14,30.35,22.36,7.99
9,RF,Caatinga,2005,45.05,24.28,30.67,23.65,7.03
9,RF,Caatinga,2006,63.9,13.1,23.0,18.53,4.47
9,RF,Caatinga,2007,59.11,20.44,20.45,17.24,3.2
9,RF,Caatinga,2008,59.11,18.84,22.05,17.9,4.15
9,RF,Caatinga,2009,56.23,16.29,27.480000000000004,22.36,5.12
9,RF,Caatinga,2010,41.21,28.44,30.349999999999998,24.28,6.07
9,RF,Caatinga,2011,46.65,24.28,29.07,21.73,7.35
9,RF,Caatinga,2012,52.72,21.72,25.560000000000002,19.81,5.75
9,RF,Caatinga,2013,60.06,11.18,28.759999999999998,26.2,2.56
9,RF,Caatinga,2014,58.47,9.26,32.27,25.56,6.71
9,RF,Caatinga,2015,66.13,6.71,27.160000000000004,23.01,4.16
9,RF,Caatinga,2016,64.86,10.86,24.28,22.36,1.92
9,RF,Caatinga,2017,61.98,20.44,17.580000000000002,14.7,2.87
9,RF,Caatinga,2018,53.35,14.7,31.95,29.4,2.55
9,RF,Caatinga,2019,60.38,15.98,23.639999999999997,21.09,2.56
9,RF,Caatinga,2020,62.94,7.03,30.03,27.48,2.55
9,RF,Caatinga,2021,63.9,13.1,23.0,21.08,1.92
9,RF,Caatinga,2022,54.31,21.08,24.61,15.98,8.63
9,RF,741,1985,0.0,0.0,0.0,0.0,0.0
9,RF,741,1986,0.0,0.0,0.0,0.0,0.0
9,RF,741,1987,0.0,0.0,0.0,0.0,0.0
9,RF,741,1988,0.0,0.0,0.0,0.0,0.0
9,RF,741,1989,0.0,0.0,0.0,0.0,0.0
9,RF,741,1990,0.0,0.0,0.0,0.0,0.0
9,RF,741,1991,0.0,0.0,0.0,0.0,0.0
9,RF,741,1992,0.0,0.0,0.0,0.0,0.0
9,RF,741,1993,0.0,0.0,0.0,0.0,0.0
9,RF,741,1994,0.0,0.0,0.0,0.0,0.0
9,RF,741,1995,0.0,0.0,0.0,0.0,0.0
9,RF,741,1996,0.0,0.0,0.0,0.0,0.0
9,RF,741,1997,0.0,0.0,0.0,0.0,0.0
9,RF,741,1998,0.0,0.0,0.0,0.0,0.0
9,RF,741,1999,0.0,0.0,0.0,0.0,0.0
9,RF,741,2000,0.0,0.0,0.0,0.0,0.0
9,RF,741,2001,0.0,0.0,0.0,0.0,0.0
9,RF,741,2002,0.0,0.0,0.0,0.0,0.0
9,RF,741,2003,0.0,0.0,0.0,0.0,0.0
9,RF,741,2004,0.0,0.0,0.0,0.0,0.0
9,RF,741,2005,0.0,0.0,0.0,0.0,0.0
9,RF,741,2006,0.0,0.0,0.0,0.0,0.0
9,RF,741,2007,0.0,0.0,0.0,0.0,0.0
9,RF,741,2008,0.0,0.0,0.0,0.0,0.0
9,RF,741,2009,0.0,0.0,0.0,0.0,0.0
9,RF,741,2010,0.0,0.0,0.0,0.0,0.0
9,RF,741,2011,0.0,0.0,0.0,0.0,0.0
9,RF,741,2012,0.0,0.0,0.0,0.0,0.0
9,RF,741,2013,0.0,0.0,0.0,0.0,0.0
9,RF,741,2014,0.0,0.0,0.0,0.0,0.0
9,RF,741,2015,0.0,0.0,0.0,0.0,0.0
9,RF,741,2016,0.0,0.0,0.0,0.0,0.0
9,RF,741,2017,0.0,0.0,0.0,0.0,0.0
9,RF,741,2018,0.0,0.0,0.0,0.0,0.0
9,RF,741,2019,0.0,0.0,0.0,0.0,0.0
9,RF,741,2020,0.0,0.0,0.0,0.0,0.0
9,RF,741,2021,0.0,0.0,0.0,0.0,0.0
9,RF,741,2022,0.0,0.0,0.0,0.0,0.0
9,RF,7421,1985,0.0,0.0,0.0,0.0,0.0
9,RF,7421,1986,0.0,0.0,0.0,0.0,0.0
9,RF,7421,1987,0.0,0.0,0.0,0.0,0.0
9,RF,7421,1988,0.0,0.0,0.0,0.0,0.0
9,RF,7421,1989,0.0,0.0,0.0,0.0,0.0
9,RF,7421,1990,0.0,0.0,0.0,0.0,0.0
9,RF,7421,1991,0.0,0.0,0.0,0.0,0.0
9,RF,7421,1992,0.0,0.0,0.0,0.0,0.0
9,RF,7421,1993,0.0,0.0,0.0,0.0,0.0
9,RF,7421,1994,0.0,0.0,0.0,0.0,0.0
9,RF,7421,1995,0.0,0.0,0.0,0.0,0.0
9,RF,7421,1996,0.0,0.0,0.0,0.0,0.0
9,RF,7421,1997,0.0,0.0,0.0,0.0,0.0
9,RF,7421,1998,0.0,0.0,0.0,0.0,0.0
9,RF,7421,1999,0.0,0.0,0.0,0.0,0.0
9,RF,7421,2000,0.0,0.0,0.0,0.0,0.0
9,RF,7421,2001,0.0,0.0,0.0,0.0,0.0
9,RF,7421,2002,0.0,0.0,0.0,0.0,0.0
9,RF,7421,2003,0.0,0.0,0.0,0.0,0.0
9,RF,7421,2004,0.0,0.0,0.0,0.0,0.0
9,RF,7421,2005,0.0,0.0,0.0,0.0,0.0
9,RF,7421,2006,0.0,0.0,0.0,0.0,0.0
9,RF,7421,2007,0.0,0.0,0.0,0.0,0.0
9,RF,7421,2008,0.0,0.0,0.0,0.0,0.0
9,RF,7421,2009,0.0,0.0,0.0,0.0,0.0
9,RF,7421,2010,0.0,0.0,0.0,0.0,0.0
9,RF,7421,2011,0.0,0.0,0.0,0.0,0.0
9,RF,7421,2012,0.0,0.0,0.0,0.0,0.0
9,RF,7421,2013,0.0,0.0,0.0,0.0,0.0
9,RF,7421,2014,0.0,0.0,0.0,0.0,0.0
9,RF,7421,2015,0.0,0.0,0.0,0.0,0.0
9,RF,7421,2016,0.0,0.0,0.0,0.0,0.0
9,RF,7421,2017,0.0,0.0,0.0,0.0,0.0
9,RF,7421,2018,0.0,0.0,0.0,0.0,0.0
9,RF,7421,2019,0.0,0.0,0.0,0.0,0.0
9,RF,7421,2020,0.0,0.0,0.0,0.0,0.0
9,RF,7421,2021,0.0,0.0,0.0,0.0,0.0
9,RF,7421,2022,0.0,0.0,0.0,0.0,0.0
9,RF,7422,1985,0.0,0.0,0.0,0.0,0.0
9,RF,7422,1986,0.0,0.0,0.0,0.0,0.0
9,RF,7422,1987,0.0,0.0,0.0,0.0,0.0
9,RF,7422,1988,0.0,0.0,0.0,0.0,0.0
9,RF,7422,1989,0.0,0.0,0.0,0.0,0.0
9,RF,7422,1990,0.0,0.0,0.0,0.0,0.0
9,RF,7422,1991,0.0,0.0,0.0,0.0,0.0
9,RF,7422,1992,0.0,0.0,0.0,0.0,0.0
9,RF,7422,1993,0.0,0.0,0.0,0.0,0.0
9,RF,7422,1994,0.0,0.0,0.0,0.0,0.0
9,RF,7422,1995,0.0,0.0,0.0,0.0,0.0
9,RF,7422,1996,0.0,0.0,0.0,0.0,0.0
9,RF,7422,1997,0.0,0.0,0.0,0.0,0.0
9,RF,7422,1998,0.0,0.0,0.0,0.0,0.0
9,RF,7422,1999,0.0,0.0,0.0,0.0,0.0
9,RF,7422,2000,0.0,0.0,0.0,0.0,0.0
9,RF,7422,2001,0.0,0.0,0.0,0.0,0.0
9,RF,7422,2002,0.0,0.0,0.0,0.0,0.0
9,RF,7422,2003,0.0,0.0,0.0,0.0,0.0
9,RF,7422,2004,0.0,0.0,0.0,0.0,0.0
9,RF,7422,2005,0.0,0.0,0.0,0.0,0.0
9,RF,7422,2006,0.0,0.0,0.0,0.0,0.0
9,RF,7422,2007,0.0,0.0,0.0,0.0,0.0
9,RF,7422,2008,0.0,0.0,0.0,0.0,0.0
9,RF,7422,2009,0.0,0.0,0.0,0.0,0.0
9,RF,7422,2010,0.0,0.0,0.0,0.0,0.0
9,RF,7422,2011,0.0,0.0,0.0,0.0,0.0
9,RF,7422,2012,0.0,0.0,0.0,0.0,0.0
9,RF,7422,2013,0.0,0.0,0.0,0.0,0.0
9,RF,7422,2014,0.0,0.0,0.0,0.0,0.0
9,RF,7422,2015,0.0,0.0,0.0,0.0,0.0
9,RF,7422,2016,0.0,0.0,0.0,0.0,0.0
9,RF,7422,2017,0.0,0.0,0.0,0.0,0.0
9,RF,7422,2018,0.0,0.0,0.0,0.0,0.0
9,RF,7422,2019,0.0,0.0,0.0,0.0,0.0
9,RF,7422,2020,0.0,0.0,0.0,0.0,0.0
9,RF,7422,2021,0.0,0.0,0.0,0.0,0.0
9,RF,7422,2022,0.0,0.0,0.0,0.0,0.0
9,RF,744,1985,0.0,0.0,0.0,0.0,0.0
9,RF,744,1986,0.0,0.0,0.0,0.0,0.0
9,RF,744,1987,0.0,0.0,0.0,0.0,0.0
9,RF,744,1988,0.0,0.0,0.0,0.0,0.0
9,RF,744,1989,0.0,0.0,0.0,0.0,0.0
9,RF,744,1990,0.0,0.0,0.0,0.0,0.0
9,RF,744,1991,0.0,0.0,0.0,0.0,0.0
9,RF,744,1992,0.0,0.0,0.0,0.0,0.0
9,RF,744,1993,0.0,0.0,0.0,0.0,0.0
9,RF,744,1994,0.0,0.0,0.0,0.0,0.0
9,RF,744,1995,0.0,0.0,0.0,0.0,0.0
9,RF,744,1996,0.0,0.0,0.0,0.0,0.0
9,RF,744,1997,0.0,0.0,0.0,0.0,0.0
9,RF,744,1998,0.0,0.0,0.0,0.0,0.0
9,RF,744,1999,0.0,0.0,0.0,0.0,0.0
9,RF,744,2000,0.0,0.0,0.0,0.0,0.0
9,RF,744,2001,0.0,0.0,0.0,0.0,0.0
9,RF,744,2002,0.0,0.0,0.0,0.0,0.0
9,RF,744,2003,0.0,0.0,0.0,0.0,0.0
9,RF,744,2004,0.0,0.0,0.0,0.0,0.0
9,RF,744,2005,0.0,0.0,0.0,0.0,0.0
9,RF,744,2006,0.0,0.0,0.0,0.0,0.0
9,RF,744,2007,0.0,0.0,0.0,0.0,0.0
9,RF,744,2008,0.0,0.0,0.0,0.0,0.0
9,RF,744,2009,0.0,0.0,0.0,0.0,0.0
9,RF,744,2010,0.0,0.0,0.0,0.0,0.0
9,RF,744,2011,0.0,0.0,0.0,0.0,0.0
9,RF,744,2012,0.0,0.0,0.0,0.0,0.0
9,RF,744,2013,0.0,0.0,0.0,0.0,0.0
9,RF,744,2014,0.0,0.0,0.0,0.0,0.0
9,RF,744,2015,0.0,0.0,0.0,0.0,0.0
9,RF,744,2016,0.0,0.0,0.0,0.0,0.0
9,RF,744,2017,0.0,0.0,0.0,0.0,0.0
9,RF,744,2018,0.0,0.0,0.0,0.0,0.0
9,RF,744,2019,0.0,0.0,0.0,0.0,0.0
9,RF,744,2020,0.0,0.0,0.0,0.0,0.0
9,RF,744,2021,0.0,0.0,0.0,0.0,0.0
9,RF,744,2022,0.0,0.0,0.0,0.0,0.0
9,RF,745,1985,0.0,0.0,0.0,0.0,0.0
9,RF,745,1986,0.0,0.0,0.0,0.0,0.0
9,RF,745,1987,0.0,0.0,0.0,0.0,0.0
9,RF,745,1988,0.0,0.0,0.0,0.0,0.0
9,RF,745,1989,0.0,0.0,0.0,0.0,0.0
9,RF,745,1990,0.0,0.0,0.0,0.0,0.0
9,RF,745,1991,0.0,0.0,0.0,0.0,0.0
9,RF,745,1992,0.0,0.0,0.0,0.0,0.0
9,RF,745,1993,0.0,0.0,0.0,0.0,0.0
9,RF,745,1994,0.0,0.0,0.0,0.0,0.0
9,RF,745,1995,0.0,0.0,0.0,0.0,0.0
9,RF,745,1996,0.0,0.0,0.0,0.0,0.0
9,RF,745,1997,0.0,0.0,0.0,0.0,0.0
9,RF,745,1998,0.0,0.0,0.0,0.0,0.0
9,RF,745,1999,0.0,0.0,0.0,0.0,0.0
9,RF,745,2000,0.0,0.0,0.0,0.0,0.0
9,RF,745,2001,0.0,0.0,0.0,0.0,0.0
9,RF,745,2002,0.0,0.0,0.0,0.0,0.0
9,RF,745,2003,0.0,0.0,0.0,0.0,0.0
9,RF,745,2004,0.0,0.0,0.0,0.0,0.0
9,RF,745,2005,0.0,0.0,0.0,0.0,0.0
9,RF,745,2006,0.0,0.0,0.0,0.0,0.0
9,RF,745,2007,0.0,0.0,0.0,0.0,0.0
9,RF,745,2008,0.0,0.0,0.0,0.0,0.0
9,RF,745,2009,0.0,0.0,0.0,0.0,0.0
9,RF,745,2010,0.0,0.0,0.0,0.0,0.0
9,RF,745,2011,0.0,0.0,0.0,0.0,0.0
9,RF,745,2012,0.0,0.0,0.0,0.0,0.0
9,RF,745,2013,0.0,0.0,0.0,0.0,0.0
9,RF,745,2014,0.0,0.0,0.0,0.0,0.0
9,RF,745,2015,0.0,0.0,0.0,0.0,0.0
9,RF,745,2016,0.0,0.0,0.0,0.0,0.0
9,RF,745,2017,0.0,0.0,0.0,0.0,0.0
9,RF,745,2018,0.0,0.0,0.0,0.0,0.0
9,RF,745,2019,0.0,0.0,0.0,0.0,0.0
9,RF,745,2020,0.0,0.0,0.0,0.0,0.0
9,RF,745,2021,0.0,0.0,0.0,0.0,0.0
9,RF,745,2022,0.0,0.0,0.0,0.0,0.0
9,RF,746,1985,0.0,0.0,0.0,0.0,0.0
9,RF,746,1986,0.0,0.0,0.0,0.0,0.0
9,RF,746,1987,0.0,0.0,0.0,0.0,0.0
9,RF,746,1988,0.0,0.0,0.0,0.0,0.0
9,RF,746,1989,0.0,0.0,0.0,0.0,0.0
9,RF,746,1990,0.0,0.0,0.0,0.0,0.0
9,RF,746,1991,0.0,0.0,0.0,0.0,0.0
9,RF,746,1992,0.0,0.0,0.0,0.0,0.0
9,RF,746,1993,0.0,0.0,0.0,0.0,0.0
9,RF,746,1994,0.0,0.0,0.0,0.0,0.0
9,RF,746,1995,0.0,0.0,0.0,0.0,0.0
9,RF,746,1996,0.0,0.0,0.0,0.0,0.0
9,RF,746,1997,0.0,0.0,0.0,0.0,0.0
9,RF,746,1998,0.0,0.0,0.0,0.0,0.0
9,RF,746,1999,0.0,0.0,0.0,0.0,0.0
9,RF,746,2000,0.0,0.0,0.0,0.0,0.0
9,RF,746,2001,0.0,0.0,0.0,0.0,0.0
9,RF,746,2002,0.0,0.0,0.0,0.0,0.0
9,RF,746,2003,0.0,0.0,0.0,0.0,0.0
9,RF,746,2004,0.0,0.0,0.0,0.0,0.0
9,RF,746,2005,0.0,0.0,0.0,0.0,0.0
9,RF,746,2006,0.0,0.0,0.0,0.0,0.0
9,RF,746,2007,0.0,0.0,0.0,0.0,0.0
9,RF,746,2008,0.0,0.0,0.0,0.0,0.0
9,RF,746,2009,0.0,0.0,0.0,0.0,0.0
9,RF,746,2010,0.0,0.0,0.0,0.0,0.0
9,RF,746,2011,0.0,0.0,0.0,0.0,0.0
9,RF,746,2012,0.0,0.0,0.0,0.0,0.0
9,RF,746,2013,0.0,0.0,0.0,0.0,0.0
9,RF,746,2014,0.0,0.0,0.0,0.0,0.0
9,RF,746,2015,0.0,0.0,0.0,0.0,0.0
9,RF,746,2016,0.0,0.0,0.0,0.0,0.0
9,RF,746,2017,0.0,0.0,0.0,0.0,0.0
9,RF,746,2018,0.0,0.0,0.0,0.0,0.0
9,RF,746,2019,0.0,0.0,0.0,0.0,0.0
9,RF,746,2020,0.0,0.0,0.0,0.0,0.0
9,RF,746,2021,0.0,0.0,0.0,0.0,0.0
9,RF,746,2022,0.0,0.0,0.0,0.0,0.0
9,RF,751,1985,0.0,0.0,0.0,0.0,0.0
9,RF,751,1986,0.0,0.0,0.0,0.0,0.0
9,RF,751,1987,0.0,0.0,0.0,0.0,0.0
9,RF,751,1988,0.0,0.0,0.0,0.0,0.0
9,RF,751,1989,0.0,0.0,0.0,0.0,0.0
9,RF,751,1990,0.0,0.0,0.0,0.0,0.0
9,RF,751,1991,0.0,0.0,0.0,0.0,0.0
9,RF,751,1992,0.0,0.0,0.0,0.0,0.0
9,RF,751,1993,0.0,0.0,0.0,0.0,0.0
9,RF,751,1994,0.0,0.0,0.0,0.0,0.0
9,RF,751,1995,0.0,0.0,0.0,0.0,0.0
9,RF,751,1996,0.0,0.0,0.0,0.0,0.0
9,RF,751,1997,0.0,0.0,0.0,0.0,0.0
9,RF,751,1998,0.0,0.0,0.0,0.0,0.0
9,RF,751,1999,0.0,0.0,0.0,0.0,0.0
9,RF,751,2000,0.0,0.0,0.0,0.0,0.0
9,RF,751,2001,0.0,0.0,0.0,0.0,0.0
9,RF,751,2002,0.0,0.0,0.0,0.0,0.0
9,RF,751,2003,0.0,0.0,0.0,0.0,0.0
9,RF,751,2004,0.0,0.0,0.0,0.0,0.0
9,RF,751,2005,0.0,0.0,0.0,0.0,0.0
9,RF,751,2006,0.0,0.0,0.0,0.0,0.0
9,RF,751,2007,0.0,0.0,0.0,0.0,0.0
9,RF,751,2008,0.0,0.0,0.0,0.0,0.0
9,RF,751,2009,0.0,0.0,0.0,0.0,0.0
9,RF,751,2010,0.0,0.0,0.0,0.0,0.0
9,RF,751,2011,0.0,0.0,0.0,0.0,0.0
9,RF,751,2012,0.0,0.0,0.0,0.0,0.0
9,RF,751,2013,0.0,0.0,0.0,0.0,0.0
9,RF,751,2014,0.0,0.0,0.0,0.0,0.0
9,RF,751,2015,0.0,0.0,0.0,0.0,0.0
9,RF,751,2016,0.0,0.0,0.0,0.0,0.0
9,RF,751,2017,0.0,0.0,0.0,0.0,0.0
9,RF,751,2018,0.0,0.0,0.0,0.0,0.0
9,RF,751,2019,0.0,0.0,0.0,0.0,0.0
9,RF,751,2020,0.0,0.0,0.0,0.0,0.0
9,RF,751,2021,0.0,0.0,0.0,0.0,0.0
9,RF,751,2022,0.0,0.0,0.0,0.0,0.0
9,RF,752,1985,0.0,0.0,0.0,0.0,0.0
9,RF,752,1986,0.0,0.0,0.0,0.0,0.0
9,RF,752,1987,0.0,0.0,0.0,0.0,0.0
9,RF,752,1988,0.0,0.0,0.0,0.0,0.0
9,RF,752,1989,0.0,0.0,0.0,0.0,0.0
9,RF,752,1990,0.0,0.0,0.0,0.0,0.0
9,RF,752,1991,0.0,0.0,0.0,0.0,0.0
9,RF,752,1992,0.0,0.0,0.0,0.0,0.0
9,RF,752,1993,0.0,0.0,0.0,0.0,0.0
9,RF,752,1994,0.0,0.0,0.0,0.0,0.0
9,RF,752,1995,0.0,0.0,0.0,0.0,0.0
9,RF,752,1996,0.0,0.0,0.0,0.0,0.0
9,RF,752,1997,0.0,0.0,0.0,0.0,0.0
9,RF,752,1998,0.0,0.0,0.0,0.0,0.0
9,RF,752,1999,0.0,0.0,0.0,0.0,0.0
9,RF,752,2000,0.0,0.0,0.0,0.0,0.0
9,RF,752,2001,0.0,0.0,0.0,0.0,0.0
9,RF,752,2002,0.0,0.0,0.0,0.0,0.0
9,RF,752,2003,0.0,0.0,0.0,0.0,0.0
9,RF,752,2004,0.0,0.0,0.0,0.0,0.0
9,RF,752,2005,0.0,0.0,0.0,0.0,0.0
9,RF,752,2006,0.0,0.0,0.0,0.0,0.0
9,RF,752,2007,0.0,0.0,0.0,0.0,0.0
9,RF,752,2008,0.0,0.0,0.0,0.0,0.0
9,RF,752,2009,0.0,0.0,0.0,0.0,0.0
9,RF,752,2010,0.0,0.0,0.0,0.0,0.0
9,RF,752,2011,0.0,0.0,0.0,0.0,0.0
9,RF,752,2012,0.0,0.0,0.0,0.0,0.0
9,RF,752,2013,0.0,0.0,0.0,0.0,0.0
9,RF,752,2014,0.0,0.0,0.0,0.0,0.0
9,RF,752,2015,0.0,0.0,0.0,0.0,0.0
9,RF,752,2016,0.0,0.0,0.0,0.0,0.0
9,RF,752,2017,0.0,0.0,0.0,0.0,0.0
9,RF,752,2018,0.0,0.0,0.0,0.0,0.0
9,RF,752,2019,0.0,0.0,0.0,0.0,0.0
9,RF,752,2020,0.0,0.0,0.0,0.0,0.0
9,RF,752,2021,0.0,0.0,0.0,0.0,0.0
9,RF,752,2022,0.0,0.0,0.0,0.0,0.0
9,RF,7492,1985,0.0,0.0,0.0,0.0,0.0
9,RF,7492,1986,0.0,0.0,0.0,0.0,0.0
9,RF,7492,1987,0.0,0.0,0.0,0.0,0.0
9,RF,7492,1988,0.0,0.0,0.0,0.0,0.0
9,RF,7492,1989,0.0,0.0,0.0,0.0,0.0
9,RF,7492,1990,0.0,0.0,0.0,0.0,0.0
9,RF,7492,1991,0.0,0.0,0.0,0.0,0.0
9,RF,7492,1992,0.0,0.0,0.0,0.0,0.0
9,RF,7492,1993,0.0,0.0,0.0,0.0,0.0
9,RF,7492,1994,0.0,0.0,0.0,0.0,0.0
9,RF,7492,1995,0.0,0.0,0.0,0.0,0.0
9,RF,7492,1996,0.0,0.0,0.0,0.0,0.0
9,RF,7492,1997,0.0,0.0,0.0,0.0,0.0
9,RF,7492,1998,0.0,0.0,0.0,0.0,0.0
9,RF,7492,1999,0.0,0.0,0.0,0.0,0.0
9,RF,7492,2000,0.0,0.0,0.0,0.0,0.0
9,RF,7492,2001,0.0,0.0,0.0,0.0,0.0
9,RF,7492,2002,0.0,0.0,0.0,0.0,0.0
9,RF,7492,2003,0.0,0.0,0.0,0.0,0.0
9,RF,7492,2004,0.0,0.0,0.0,0.0,0.0
9,RF,7492,2005,0.0,0.0,0.0,0.0,0.0
9,RF,7492,2006,0.0,0.0,0.0,0.0,0.0
9,RF,7492,2007,0.0,0.0,0.0,0.0,0.0
9,RF,7492,2008,0.0,0.0,0.0,0.0,0.0
9,RF,7492,2009,0.0,0.0,0.0,0.0,0.0
9,RF,7492,2010,0.0,0.0,0.0,0.0,0.0
9,RF,7492,2011,0.0,0.0,0.0,0.0,0.0
9,RF,7492,2012,0.0,0.0,0.0,0.0,0.0
9,RF,7492,2013,0.0,0.0,0.0,0.0,0.0
9,RF,7492,2014,0.0,0.0,0.0,0.0,0.0
9,RF,7492,2015,0.0,0.0,0.0,0.0,0.0
9,RF,7492,2016,0.0,0.0,0.0,0.0,0.0
9,RF,7492,2017,0.0,0.0,0.0,0.0,0.0
9,RF,7492,2018,0.0,0.0,0.0,0.0,0.0
9,RF,7492,2019,0.0,0.0,0.0,0.0,0.0
9,RF,7492,2020,0.0,0.0,0.0,0.0,0.0
9,RF,7492,2021,0.0,0.0,0.0,0.0,0.0
9,RF,7492,2022,0.0,0.0,0.0,0.0,0.0
9,RF,753,1985,0.0,0.0,0.0,0.0,0.0
9,RF,753,1986,0.0,0.0,0.0,0.0,0.0
9,RF,753,1987,0.0,0.0,0.0,0.0,0.0
9,RF,753,1988,0.0,0.0,0.0,0.0,0.0
9,RF,753,1989,0.0,0.0,0.0,0.0,0.0
9,RF,753,1990,0.0,0.0,0.0,0.0,0.0
9,RF,753,1991,0.0,0.0,0.0,0.0,0.0
9,RF,753,1992,0.0,0.0,0.0,0.0,0.0
9,RF,753,1993,0.0,0.0,0.0,0.0,0.0
9,RF,753,1994,0.0,0.0,0.0,0.0,0.0
9,RF,753,1995,0.0,0.0,0.0,0.0,0.0
9,RF,753,1996,0.0,0.0,0.0,0.0,0.0
9,RF,753,1997,0.0,0.0,0.0,0.0,0.0
9,RF,753,1998,0.0,0.0,0.0,0.0,0.0
9,RF,753,1999,0.0,0.0,0.0,0.0,0.0
9,RF,753,2000,0.0,0.0,0.0,0.0,0.0
9,RF,753,2001,0.0,0.0,0.0,0.0,0.0
9,RF,753,2002,0.0,0.0,0.0,0.0,0.0
9,RF,753,2003,0.0,0.0,0.0,0.0,0.0
9,RF,753,2004,0.0,0.0,0.0,0.0,0.0
9,RF,753,2005,0.0,0.0,0.0,0.0,0.0
9,RF,753,2006,0.0,0.0,0.0,0.0,0.0
9,RF,753,2007,0.0,0.0,0.0,0.0,0.0
9,RF,753,2008,0.0,0.0,0.0,0.0,0.0
9,RF,753,2009,0.0,0.0,0.0,0.0,0.0
9,RF,753,2010,0.0,0.0,0.0,0.0,0.0
9,RF,753,2011,0.0,0.0,0.0,0.0,0.0
9,RF,753,2012,0.0,0.0,0.0,0.0,0.0
9,RF,753,2013,0.0,0.0,0.0,0.0,0.0
9,RF,753,2014,0.0,0.0,0.0,0.0,0.0
9,RF,753,2015,0.0,0.0,0.0,0.0,0.0
9,RF,753,2016,0.0,0.0,0.0,0.0,0.0
9,RF,753,2017,0.0,0.0,0.0,0.0,0.0
9,RF,753,2018,0.0,0.0,0.0,0.0,0.0
9,RF,753,2019,0.0,0.0,0.0,0.0,0.0
9,RF,753,2020,0.0,0.0,0.0,0.0,0.0
9,RF,753,2021,0.0,0.0,0.0,0.0,0.0
9,RF,753,2022,0.0,0.0,0.0,0.0,0.0
9,RF,754,1985,0.0,0.0,0.0,0.0,0.0
9,RF,754,1986,0.0,0.0,0.0,0.0,0.0
9,RF,754,1987,0.0,0.0,0.0,0.0,0.0
9,RF,754,1988,0.0,0.0,0.0,0.0,0.0
9,RF,754,1989,0.0,0.0,0.0,0.0,0.0
9,RF,754,1990,0.0,0.0,0.0,0.0,0.0
9,RF,754,1991,0.0,0.0,0.0,0.0,0.0
9,RF,754,1992,0.0,0.0,0.0,0.0,0.0
9,RF,754,1993,0.0,0.0,0.0,0.0,0.0
9,RF,754,1994,0.0,0.0,0.0,0.0,0.0
9,RF,754,1995,0.0,0.0,0.0,0.0,0.0
9,RF,754,1996,0.0,0.0,0.0,0.0,0.0
9,RF,754,1997,0.0,0.0,0.0,0.0,0.0
9,RF,754,1998,0.0,0.0,0.0,0.0,0.0
9,RF,754,1999,0.0,0.0,0.0,0.0,0.0
9,RF,754,2000,0.0,0.0,0.0,0.0,0.0
9,RF,754,2001,0.0,0.0,0.0,0.0,0.0
9,RF,754,2002,0.0,0.0,0.0,0.0,0.0
9,RF,754,2003,0.0,0.0,0.0,0.0,0.0
9,RF,754,2004,0.0,0.0,0.0,0.0,0.0
9,RF,754,2005,0.0,0.0,0.0,0.0,0.0
9,RF,754,2006,0.0,0.0,0.0,0.0,0.0
9,RF,754,2007,0.0,0.0,0.0,0.0,0.0
9,RF,754,2008,0.0,0.0,0.0,0.0,0.0
9,RF,754,2009,0.0,0.0,0.0,0.0,0.0
9,RF,754,2010,0.0,0.0,0.0,0.0,0.0
9,RF,754,2011,0.0,0.0,0.0,0.0,0.0
9,RF,754,2012,0.0,0.0,0.0,0.0,0.0
9,RF,754,2013,0.0,0.0,0.0,0.0,0.0
9,RF,754,2014,0.0,0.0,0.0,0.0,0.0
9,RF,754,2015,0.0,0.0,0.0,0.0,0.0
9,RF,754,2016,0.0,0.0,0.0,0.0,0.0
9,RF,754,2017,0.0,0.0,0.0,0.0,0.0
9,RF,754,2018,0.0,0.0,0.0,0.0,0.0
9,RF,754,2019,0.0,0.0,0.0,0.0,0.0
9,RF,754,2020,0.0,0.0,0.0,0.0,0.0
9,RF,754,2021,0.0,0.0,0.0,0.0,0.0
9,RF,754,2022,0.0,0.0,0.0,0.0,0.0
9,RF,755,1985,0.0,0.0,0.0,0.0,0.0
9,RF,755,1986,0.0,0.0,0.0,0.0,0.0
9,RF,755,1987,0.0,0.0,0.0,0.0,0.0
9,RF,755,1988,0.0,0.0,0.0,0.0,0.0
9,RF,755,1989,0.0,0.0,0.0,0.0,0.0
9,RF,755,1990,0.0,0.0,0.0,0.0,0.0
9,RF,755,1991,0.0,0.0,0.0,0.0,0.0
9,RF,755,1992,0.0,0.0,0.0,0.0,0.0
9,RF,755,1993,0.0,0.0,0.0,0.0,0.0
9,RF,755,1994,0.0,0.0,0.0,0.0,0.0
9,RF,755,1995,0.0,0.0,0.0,0.0,0.0
9,RF,755,1996,0.0,0.0,0.0,0.0,0.0
9,RF,755,1997,0.0,0.0,0.0,0.0,0.0
9,RF,755,1998,0.0,0.0,0.0,0.0,0.0
9,RF,755,1999,0.0,0.0,0.0,0.0,0.0
9,RF,755,2000,0.0,0.0,0.0,0.0,0.0
9,RF,755,2001,0.0,0.0,0.0,0.0,0.0
9,RF,755,2002,0.0,0.0,0.0,0.0,0.0
9,RF,755,2003,0.0,0.0,0.0,0.0,0.0
9,RF,755,2004,0.0,0.0,0.0,0.0,0.0
9,RF,755,2005,0.0,0.0,0.0,0.0,0.0
9,RF,755,2006,0.0,0.0,0.0,0.0,0.0
9,RF,755,2007,0.0,0.0,0.0,0.0,0.0
9,RF,755,2008,0.0,0.0,0.0,0.0,0.0
9,RF,755,2009,0.0,0.0,0.0,0.0,0.0
9,RF,755,2010,0.0,0.0,0.0,0.0,0.0
9,RF,755,2011,0.0,0.0,0.0,0.0,0.0
9,RF,755,2012,0.0,0.0,0.0,0.0,0.0
9,RF,755,2013,0.0,0.0,0.0,0.0,0.0
9,RF,755,2014,0.0,0.0,0.0,0.0,0.0
9,RF,755,2015,0.0,0.0,0.0,0.0,0.0
9,RF,755,2016,0.0,0.0,0.0,0.0,0.0
9,RF,755,2017,0.0,0.0,0.0,0.0,0.0
9,RF,755,2018,0.0,0.0,0.0,0.0,0.0
9,RF,755,2019,0.0,0.0,0.0,0.0,0.0
9,RF,755,2020,0.0,0.0,0.0,0.0,0.0
9,RF,755,2021,0.0,0.0,0.0,0.0,0.0
9,RF,755,2022,0.0,0.0,0.0,0.0,0.0
9,RF,756,1985,0.0,0.0,0.0,0.0,0.0
9,RF,756,1986,0.0,0.0,0.0,0.0,0.0
9,RF,756,1987,0.0,0.0,0.0,0.0,0.0
9,RF,756,1988,0.0,0.0,0.0,0.0,0.0
9,RF,756,1989,0.0,0.0,0.0,0.0,0.0
9,RF,756,1990,0.0,0.0,0.0,0.0,0.0
9,RF,756,1991,0.0,0.0,0.0,0.0,0.0
9,RF,756,1992,0.0,0.0,0.0,0.0,0.0
9,RF,756,1993,0.0,0.0,0.0,0.0,0.0
9,RF,756,1994,0.0,0.0,0.0,0.0,0.0
9,RF,756,1995,0.0,0.0,0.0,0.0,0.0
9,RF,756,1996,0.0,0.0,0.0,0.0,0.0
9,RF,756,1997,0.0,0.0,0.0,0.0,0.0
9,RF,756,1998,0.0,0.0,0.0,0.0,0.0
9,RF,756,1999,0.0,0.0,0.0,0.0,0.0
9,RF,756,2000,0.0,0.0,0.0,0.0,0.0
9,RF,756,2001,0.0,0.0,0.0,0.0,0.0
9,RF,756,2002,0.0,0.0,0.0,0.0,0.0
9,RF,756,2003,0.0,0.0,0.0,0.0,0.0
9,RF,756,2004,0.0,0.0,0.0,0.0,0.0
9,RF,756,2005,0.0,0.0,0.0,0.0,0.0
9,RF,756,2006,0.0,0.0,0.0,0.0,0.0
9,RF,756,2007,0.0,0.0,0.0,0.0,0.0
9,RF,756,2008,0.0,0.0,0.0,0.0,0.0
9,RF,756,2009,0.0,0.0,0.0,0.0,0.0
9,RF,756,2010,0.0,0.0,0.0,0.0,0.0
9,RF,756,2011,0.0,0.0,0.0,0.0,0.0
9,RF,756,2012,0.0,0.0,0.0,0.0,0.0
9,RF,756,2013,0.0,0.0,0.0,0.0,0.0
9,RF,756,2014,0.0,0.0,0.0,0.0,0.0
9,RF,756,2015,0.0,0.0,0.0,0.0,0.0
9,RF,756,2016,0.0,0.0,0.0,0.0,0.0
9,RF,756,2017,0.0,0.0,0.0,0.0,0.0
9,RF,756,2018,0.0,0.0,0.0,0.0,0.0
9,RF,756,2019,0.0,0.0,0.0,0.0,0.0
9,RF,756,2020,0.0,0.0,0.0,0.0,0.0
9,RF,756,2021,0.0,0.0,0.0,0.0,0.0
9,RF,756,2022,0.0,0.0,0.0,0.0,0.0
9,RF,757,1985,0.0,0.0,0.0,0.0,0.0
9,RF,757,1986,0.0,0.0,0.0,0.0,0.0
9,RF,757,1987,0.0,0.0,0.0,0.0,0.0
9,RF,757,1988,0.0,0.0,0.0,0.0,0.0
9,RF,757,1989,0.0,0.0,0.0,0.0,0.0
9,RF,757,1990,0.0,0.0,0.0,0.0,0.0
9,RF,757,1991,0.0,0.0,0.0,0.0,0.0
9,RF,757,1992,0.0,0.0,0.0,0.0,0.0
9,RF,757,1993,0.0,0.0,0.0,0.0,0.0
9,RF,757,1994,0.0,0.0,0.0,0.0,0.0
9,RF,757,1995,0.0,0.0,0.0,0.0,0.0
9,RF,757,1996,0.0,0.0,0.0,0.0,0.0
9,RF,757,1997,0.0,0.0,0.0,0.0,0.0
9,RF,757,1998,0.0,0.0,0.0,0.0,0.0
9,RF,757,1999,0.0,0.0,0.0,0.0,0.0
9,RF,757,2000,0.0,0.0,0.0,0.0,0.0
9,RF,757,2001,0.0,0.0,0.0,0.0,0.0
9,RF,757,2002,0.0,0.0,0.0,0.0,0.0
9,RF,757,2003,0.0,0.0,0.0,0.0,0.0
9,RF,757,2004,0.0,0.0,0.0,0.0,0.0
9,RF,757,2005,0.0,0.0,0.0,0.0,0.0
9,RF,757,2006,0.0,0.0,0.0,0.0,0.0
9,RF,757,2007,0.0,0.0,0.0,0.0,0.0
9,RF,757,2008,0.0,0.0,0.0,0.0,0.0
9,RF,757,2009,0.0,0.0,0.0,0.0,0.0
9,RF,757,2010,0.0,0.0,0.0,0.0,0.0
9,RF,757,2011,0.0,0.0,0.0,0.0,0.0
9,RF,757,2012,0.0,0.0,0.0,0.0,0.0
9,RF,757,2013,0.0,0.0,0.0,0.0,0.0
9,RF,757,2014,0.0,0.0,0.0,0.0,0.0
9,RF,757,2015,0.0,0.0,0.0,0.0,0.0
9,RF,757,2016,0.0,0.0,0.0,0.0,0.0
9,RF,757,2017,0.0,0.0,0.0,0.0,0.0
9,RF,757,2018,0.0,0.0,0.0,0.0,0.0
9,RF,757,2019,0.0,0.0,0.0,0.0,0.0
9,RF,757,2020,0.0,0.0,0.0,0.0,0.0
9,RF,757,2021,0.0,0.0,0.0,0.0,0.0
9,RF,757,2022,0.0,0.0,0.0,0.0,0.0
9,RF,758,1985,0.0,0.0,0.0,0.0,0.0
9,RF,758,1986,0.0,0.0,0.0,0.0,0.0
9,RF,758,1987,0.0,0.0,0.0,0.0,0.0
9,RF,758,1988,0.0,0.0,0.0,0.0,0.0
9,RF,758,1989,0.0,0.0,0.0,0.0,0.0
9,RF,758,1990,0.0,0.0,0.0,0.0,0.0
9,RF,758,1991,0.0,0.0,0.0,0.0,0.0
9,RF,758,1992,0.0,0.0,0.0,0.0,0.0
9,RF,758,1993,0.0,0.0,0.0,0.0,0.0
9,RF,758,1994,0.0,0.0,0.0,0.0,0.0
9,RF,758,1995,0.0,0.0,0.0,0.0,0.0
9,RF,758,1996,0.0,0.0,0.0,0.0,0.0
9,RF,758,1997,0.0,0.0,0.0,0.0,0.0
9,RF,758,1998,0.0,0.0,0.0,0.0,0.0
9,RF,758,1999,0.0,0.0,0.0,0.0,0.0
9,RF,758,2000,0.0,0.0,0.0,0.0,0.0
9,RF,758,2001,0.0,0.0,0.0,0.0,0.0
9,RF,758,2002,0.0,0.0,0.0,0.0,0.0
9,RF,758,2003,0.0,0.0,0.0,0.0,0.0
9,RF,758,2004,0.0,0.0,0.0,0.0,0.0
9,RF,758,2005,0.0,0.0,0.0,0.0,0.0
9,RF,758,2006,0.0,0.0,0.0,0.0,0.0
9,RF,758,2007,0.0,0.0,0.0,0.0,0.0
9,RF,758,2008,0.0,0.0,0.0,0.0,0.0
9,RF,758,2009,0.0,0.0,0.0,0.0,0.0
9,RF,758,2010,0.0,0.0,0.0,0.0,0.0
9,RF,758,2011,0.0,0.0,0.0,0.0,0.0
9,RF,758,2012,0.0,0.0,0.0,0.0,0.0
9,RF,758,2013,0.0,0.0,0.0,0.0,0.0
9,RF,758,2014,0.0,0.0,0.0,0.0,0.0
9,RF,758,2015,0.0,0.0,0.0,0.0,0.0
9,RF,758,2016,0.0,0.0,0.0,0.0,0.0
9,RF,758,2017,0.0,0.0,0.0,0.0,0.0
9,RF,758,2018,0.0,0.0,0.0,0.0,0.0
9,RF,758,2019,0.0,0.0,0.0,0.0,0.0
9,RF,758,2020,0.0,0.0,0.0,0.0,0.0
9,RF,758,2021,0.0,0.0,0.0,0.0,0.0
9,RF,758,2022,0.0,0.0,0.0,0.0,0.0
9,RF,759,1985,0.0,0.0,0.0,0.0,0.0
9,RF,759,1986,0.0,0.0,0.0,0.0,0.0
9,RF,759,1987,0.0,0.0,0.0,0.0,0.0
9,RF,759,1988,0.0,0.0,0.0,0.0,0.0
9,RF,759,1989,0.0,0.0,0.0,0.0,0.0
9,RF,759,1990,0.0,0.0,0.0,0.0,0.0
9,RF,759,1991,0.0,0.0,0.0,0.0,0.0
9,RF,759,1992,0.0,0.0,0.0,0.0,0.0
9,RF,759,1993,0.0,0.0,0.0,0.0,0.0
9,RF,759,1994,0.0,0.0,0.0,0.0,0.0
9,RF,759,1995,0.0,0.0,0.0,0.0,0.0
9,RF,759,1996,0.0,0.0,0.0,0.0,0.0
9,RF,759,1997,0.0,0.0,0.0,0.0,0.0
9,RF,759,1998,0.0,0.0,0.0,0.0,0.0
9,RF,759,1999,0.0,0.0,0.0,0.0,0.0
9,RF,759,2000,0.0,0.0,0.0,0.0,0.0
9,RF,759,2001,0.0,0.0,0.0,0.0,0.0
9,RF,759,2002,0.0,0.0,0.0,0.0,0.0
9,RF,759,2003,0.0,0.0,0.0,0.0,0.0
9,RF,759,2004,0.0,0.0,0.0,0.0,0.0
9,RF,759,2005,0.0,0.0,0.0,0.0,0.0
9,RF,759,2006,0.0,0.0,0.0,0.0,0.0
9,RF,759,2007,0.0,0.0,0.0,0.0,0.0
9,RF,759,2008,0.0,0.0,0.0,0.0,0.0
9,RF,759,2009,0.0,0.0,0.0,0.0,0.0
9,RF,759,2010,0.0,0.0,0.0,0.0,0.0
9,RF,759,2011,0.0,0.0,0.0,0.0,0.0
9,RF,759,2012,0.0,0.0,0.0,0.0,0.0
9,RF,759,2013,0.0,0.0,0.0,0.0,0.0
9,RF,759,2014,0.0,0.0,0.0,0.0,0.0
9,RF,759,2015,0.0,0.0,0.0,0.0,0.0
9,RF,759,2016,0.0,0.0,0.0,0.0,0.0
9,RF,759,2017,0.0,0.0,0.0,0.0,0.0
9,RF,759,2018,0.0,0.0,0.0,0.0,0.0
9,RF,759,2019,0.0,0.0,0.0,0.0,0.0
9,RF,759,2020,0.0,0.0,0.0,0.0,0.0
9,RF,759,2021,0.0,0.0,0.0,0.0,0.0
9,RF,759,2022,0.0,0.0,0.0,0.0,0.0
9,RF,7621,1985,0.0,0.0,0.0,0.0,0.0
9,RF,7621,1986,0.0,0.0,0.0,0.0,0.0
9,RF,7621,1987,0.0,0.0,0.0,0.0,0.0
9,RF,7621,1988,0.0,0.0,0.0,0.0,0.0
9,RF,7621,1989,0.0,0.0,0.0,0.0,0.0
9,RF,7621,1990,0.0,0.0,0.0,0.0,0.0
9,RF,7621,1991,0.0,0.0,0.0,0.0,0.0
9,RF,7621,1992,0.0,0.0,0.0,0.0,0.0
9,RF,7621,1993,0.0,0.0,0.0,0.0,0.0
9,RF,7621,1994,0.0,0.0,0.0,0.0,0.0
9,RF,7621,1995,0.0,0.0,0.0,0.0,0.0
9,RF,7621,1996,0.0,0.0,0.0,0.0,0.0
9,RF,7621,1997,0.0,0.0,0.0,0.0,0.0
9,RF,7621,1998,0.0,0.0,0.0,0.0,0.0
9,RF,7621,1999,0.0,0.0,0.0,0.0,0.0
9,RF,7621,2000,0.0,0.0,0.0,0.0,0.0
9,RF,7621,2001,0.0,0.0,0.0,0.0,0.0
9,RF,7621,2002,0.0,0.0,0.0,0.0,0.0
9,RF,7621,2003,0.0,0.0,0.0,0.0,0.0
9,RF,7621,2004,0.0,0.0,0.0,0.0,0.0
9,RF,7621,2005,0.0,0.0,0.0,0.0,0.0
9,RF,7621,2006,0.0,0.0,0.0,0.0,0.0
9,RF,7621,2007,0.0,0.0,0.0,0.0,0.0
9,RF,7621,2008,0.0,0.0,0.0,0.0,0.0
9,RF,7621,2009,0.0,0.0,0.0,0.0,0.0
9,RF,7621,2010,0.0,0.0,0.0,0.0,0.0
9,RF,7621,2011,0.0,0.0,0.0,0.0,0.0
9,RF,7621,2012,0.0,0.0,0.0,0.0,0.0
9,RF,7621,2013,0.0,0.0,0.0,0.0,0.0
9,RF,7621,2014,0.0,0.0,0.0,0.0,0.0
9,RF,7621,2015,0.0,0.0,0.0,0.0,0.0
9,RF,7621,2016,0.0,0.0,0.0,0.0,0.0
9,RF,7621,2017,0.0,0.0,0.0,0.0,0.0
9,RF,7621,2018,0.0,0.0,0.0,0.0,0.0
9,RF,7621,2019,0.0,0.0,0.0,0.0,0.0
9,RF,7621,2020,0.0,0.0,0.0,0.0,0.0
9,RF,7621,2021,0.0,0.0,0.0,0.0,0.0
9,RF,7621,2022,0.0,0.0,0.0,0.0,0.0
9,RF,7622,1985,0.0,0.0,0.0,0.0,0.0
9,RF,7622,1986,0.0,0.0,0.0,0.0,0.0
9,RF,7622,1987,0.0,0.0,0.0,0.0,0.0
9,RF,7622,1988,0.0,0.0,0.0,0.0,0.0
9,RF,7622,1989,0.0,0.0,0.0,0.0,0.0
9,RF,7622,1990,0.0,0.0,0.0,0.0,0.0
9,RF,7622,1991,0.0,0.0,0.0,0.0,0.0
9,RF,7622,1992,0.0,0.0,0.0,0.0,0.0
9,RF,7622,1993,0.0,0.0,0.0,0.0,0.0
9,RF,7622,1994,0.0,0.0,0.0,0.0,0.0
9,RF,7622,1995,0.0,0.0,0.0,0.0,0.0
9,RF,7622,1996,0.0,0.0,0.0,0.0,0.0
9,RF,7622,1997,0.0,0.0,0.0,0.0,0.0
9,RF,7622,1998,0.0,0.0,0.0,0.0,0.0
9,RF,7622,1999,0.0,0.0,0.0,0.0,0.0
9,RF,7622,2000,0.0,0.0,0.0,0.0,0.0
9,RF,7622,2001,0.0,0.0,0.0,0.0,0.0
9,RF,7622,2002,0.0,0.0,0.0,0.0,0.0
9,RF,7622,2003,0.0,0.0,0.0,0.0,0.0
9,RF,7622,2004,0.0,0.0,0.0,0.0,0.0
9,RF,7622,2005,0.0,0.0,0.0,0.0,0.0
9,RF,7622,2006,0.0,0.0,0.0,0.0,0.0
9,RF,7622,2007,0.0,0.0,0.0,0.0,0.0
9,RF,7622,2008,0.0,0.0,0.0,0.0,0.0
9,RF,7622,2009,0.0,0.0,0.0,0.0,0.0
9,RF,7622,2010,0.0,0.0,0.0,0.0,0.0
9,RF,7622,2011,0.0,0.0,0.0,0.0,0.0
9,RF,7622,2012,0.0,0.0,0.0,0.0,0.0
9,RF,7622,2013,0.0,0.0,0.0,0.0,0.0
9,RF,7622,2014,0.0,0.0,0.0,0.0,0.0
9,RF,7622,2015,0.0,0.0,0.0,0.0,0.0
9,RF,7622,2016,0.0,0.0,0.0,0.0,0.0
9,RF,7622,2017,0.0,0.0,0.0,0.0,0.0
9,RF,7622,2018,0.0,0.0,0.0,0.0,0.0
9,RF,7622,2019,0.0,0.0,0.0,0.0,0.0
9,RF,7622,2020,0.0,0.0,0.0,0.0,0.0
9,RF,7622,2021,0.0,0.0,0.0,0.0,0.0
9,RF,7622,2022,0.0,0.0,0.0,0.0,0.0
9,RF,763,1985,0.0,0.0,0.0,0.0,0.0
9,RF,763,1986,0.0,0.0,0.0,0.0,0.0
9,RF,763,1987,0.0,0.0,0.0,0.0,0.0
9,RF,763,1988,0.0,0.0,0.0,0.0,0.0
9,RF,763,1989,0.0,0.0,0.0,0.0,0.0
9,RF,763,1990,0.0,0.0,0.0,0.0,0.0
9,RF,763,1991,0.0,0.0,0.0,0.0,0.0
9,RF,763,1992,0.0,0.0,0.0,0.0,0.0
9,RF,763,1993,0.0,0.0,0.0,0.0,0.0
9,RF,763,1994,0.0,0.0,0.0,0.0,0.0
9,RF,763,1995,0.0,0.0,0.0,0.0,0.0
9,RF,763,1996,0.0,0.0,0.0,0.0,0.0
9,RF,763,1997,0.0,0.0,0.0,0.0,0.0
9,RF,763,1998,0.0,0.0,0.0,0.0,0.0
9,RF,763,1999,0.0,0.0,0.0,0.0,0.0
9,RF,763,2000,0.0,0.0,0.0,0.0,0.0
9,RF,763,2001,0.0,0.0,0.0,0.0,0.0
9,RF,763,2002,0.0,0.0,0.0,0.0,0.0
9,RF,763,2003,0.0,0.0,0.0,0.0,0.0
9,RF,763,2004,0.0,0.0,0.0,0.0,0.0
9,RF,763,2005,0.0,0.0,0.0,0.0,0.0
9,RF,763,2006,0.0,0.0,0.0,0.0,0.0
9,RF,763,2007,0.0,0.0,0.0,0.0,0.0
9,RF,763,2008,0.0,0.0,0.0,0.0,0.0
9,RF,763,2009,0.0,0.0,0.0,0.0,0.0
9,RF,763,2010,0.0,0.0,0.0,0.0,0.0
9,RF,763,2011,0.0,0.0,0.0,0.0,0.0
9,RF,763,2012,0.0,0.0,0.0,0.0,0.0
9,RF,763,2013,0.0,0.0,0.0,0.0,0.0
9,RF,763,2014,0.0,0.0,0.0,0.0,0.0
9,RF,763,2015,0.0,0.0,0.0,0.0,0.0
9,RF,763,2016,0.0,0.0,0.0,0.0,0.0
9,RF,763,2017,0.0,0.0,0.0,0.0,0.0
9,RF,763,2018,0.0,0.0,0.0,0.0,0.0
9,RF,763,2019,0.0,0.0,0.0,0.0,0.0
9,RF,763,2020,0.0,0.0,0.0,0.0,0.0
9,RF,763,2021,0.0,0.0,0.0,0.0,0.0
9,RF,763,2022,0.0,0.0,0.0,0.0,0.0
9,RF,764,1985,0.0,0.0,0.0,0.0,0.0
9,RF,764,1986,0.0,0.0,0.0,0.0,0.0
9,RF,764,1987,0.0,0.0,0.0,0.0,0.0
9,RF,764,1988,0.0,0.0,0.0,0.0,0.0
9,RF,764,1989,0.0,0.0,0.0,0.0,0.0
9,RF,764,1990,0.0,0.0,0.0,0.0,0.0
9,RF,764,1991,0.0,0.0,0.0,0.0,0.0
9,RF,764,1992,0.0,0.0,0.0,0.0,0.0
9,RF,764,1993,0.0,0.0,0.0,0.0,0.0
9,RF,764,1994,0.0,0.0,0.0,0.0,0.0
9,RF,764,1995,0.0,0.0,0.0,0.0,0.0
9,RF,764,1996,0.0,0.0,0.0,0.0,0.0
9,RF,764,1997,0.0,0.0,0.0,0.0,0.0
9,RF,764,1998,0.0,0.0,0.0,0.0,0.0
9,RF,764,1999,0.0,0.0,0.0,0.0,0.0
9,RF,764,2000,0.0,0.0,0.0,0.0,0.0
9,RF,764,2001,0.0,0.0,0.0,0.0,0.0
9,RF,764,2002,0.0,0.0,0.0,0.0,0.0
9,RF,764,2003,0.0,0.0,0.0,0.0,0.0
9,RF,764,2004,0.0,0.0,0.0,0.0,0.0
9,RF,764,2005,0.0,0.0,0.0,0.0,0.0
9,RF,764,2006,0.0,0.0,0.0,0.0,0.0
9,RF,764,2007,0.0,0.0,0.0,0.0,0.0
9,RF,764,2008,0.0,0.0,0.0,0.0,0.0
9,RF,764,2009,0.0,0.0,0.0,0.0,0.0
9,RF,764,2010,0.0,0.0,0.0,0.0,0.0
9,RF,764,2011,0.0,0.0,0.0,0.0,0.0
9,RF,764,2012,0.0,0.0,0.0,0.0,0.0
9,RF,764,2013,0.0,0.0,0.0,0.0,0.0
9,RF,764,2014,0.0,0.0,0.0,0.0,0.0
9,RF,764,2015,0.0,0.0,0.0,0.0,0.0
9,RF,764,2016,0.0,0.0,0.0,0.0,0.0
9,RF,764,2017,0.0,0.0,0.0,0.0,0.0
9,RF,764,2018,0.0,0.0,0.0,0.0,0.0
9,RF,764,2019,0.0,0.0,0.0,0.0,0.0
9,RF,764,2020,0.0,0.0,0.0,0.0,0.0
9,RF,764,2021,0.0,0.0,0.0,0.0,0.0
9,RF,764,2022,0.0,0.0,0.0,0.0,0.0
9,RF,765,1985,0.0,0.0,0.0,0.0,0.0
9,RF,765,1986,0.0,0.0,0.0,0.0,0.0
9,RF,765,1987,0.0,0.0,0.0,0.0,0.0
9,RF,765,1988,0.0,0.0,0.0,0.0,0.0
9,RF,765,1989,0.0,0.0,0.0,0.0,0.0
9,RF,765,1990,0.0,0.0,0.0,0.0,0.0
9,RF,765,1991,0.0,0.0,0.0,0.0,0.0
9,RF,765,1992,0.0,0.0,0.0,0.0,0.0
9,RF,765,1993,0.0,0.0,0.0,0.0,0.0
9,RF,765,1994,0.0,0.0,0.0,0.0,0.0
9,RF,765,1995,0.0,0.0,0.0,0.0,0.0
9,RF,765,1996,0.0,0.0,0.0,0.0,0.0
9,RF,765,1997,0.0,0.0,0.0,0.0,0.0
9,RF,765,1998,0.0,0.0,0.0,0.0,0.0
9,RF,765,1999,0.0,0.0,0.0,0.0,0.0
9,RF,765,2000,0.0,0.0,0.0,0.0,0.0
9,RF,765,2001,0.0,0.0,0.0,0.0,0.0
9,RF,765,2002,0.0,0.0,0.0,0.0,0.0
9,RF,765,2003,0.0,0.0,0.0,0.0,0.0
9,RF,765,2004,0.0,0.0,0.0,0.0,0.0
9,RF,765,2005,0.0,0.0,0.0,0.0,0.0
9,RF,765,2006,0.0,0.0,0.0,0.0,0.0
9,RF,765,2007,0.0,0.0,0.0,0.0,0.0
9,RF,765,2008,0.0,0.0,0.0,0.0,0.0
9,RF,765,2009,0.0,0.0,0.0,0.0,0.0
9,RF,765,2010,0.0,0.0,0.0,0.0,0.0
9,RF,765,2011,0.0,0.0,0.0,0.0,0.0
9,RF,765,2012,0.0,0.0,0.0,0.0,0.0
9,RF,765,2013,0.0,0.0,0.0,0.0,0.0
9,RF,765,2014,0.0,0.0,0.0,0.0,0.0
9,RF,765,2015,0.0,0.0,0.0,0.0,0.0
9,RF,765,2016,0.0,0.0,0.0,0.0,0.0
9,RF,765,2017,0.0,0.0,0.0,0.0,0.0
9,RF,765,2018,0.0,0.0,0.0,0.0,0.0
9,RF,765,2019,0.0,0.0,0.0,0.0,0.0
9,RF,765,2020,0.0,0.0,0.0,0.0,0.0
9,RF,765,2021,0.0,0.0,0.0,0.0,0.0
9,RF,765,2022,0.0,0.0,0.0,0.0,0.0
9,RF,766,1985,0.0,0.0,0.0,0.0,0.0
9,RF,766,1986,0.0,0.0,0.0,0.0,0.0
9,RF,766,1987,0.0,0.0,0.0,0.0,0.0
9,RF,766,1988,0.0,0.0,0.0,0.0,0.0
9,RF,766,1989,0.0,0.0,0.0,0.0,0.0
9,RF,766,1990,0.0,0.0,0.0,0.0,0.0
9,RF,766,1991,0.0,0.0,0.0,0.0,0.0
9,RF,766,1992,0.0,0.0,0.0,0.0,0.0
9,RF,766,1993,0.0,0.0,0.0,0.0,0.0
9,RF,766,1994,0.0,0.0,0.0,0.0,0.0
9,RF,766,1995,0.0,0.0,0.0,0.0,0.0
9,RF,766,1996,0.0,0.0,0.0,0.0,0.0
9,RF,766,1997,0.0,0.0,0.0,0.0,0.0
9,RF,766,1998,0.0,0.0,0.0,0.0,0.0
9,RF,766,1999,0.0,0.0,0.0,0.0,0.0
9,RF,766,2000,0.0,0.0,0.0,0.0,0.0
9,RF,766,2001,0.0,0.0,0.0,0.0,0.0
9,RF,766,2002,0.0,0.0,0.0,0.0,0.0
9,RF,766,2003,0.0,0.0,0.0,0.0,0.0
9,RF,766,2004,0.0,0.0,0.0,0.0,0.0
9,RF,766,2005,0.0,0.0,0.0,0.0,0.0
9,RF,766,2006,0.0,0.0,0.0,0.0,0.0
9,RF,766,2007,0.0,0.0,0.0,0.0,0.0
9,RF,766,2008,0.0,0.0,0.0,0.0,0.0
9,RF,766,2009,0.0,0.0,0.0,0.0,0.0
9,RF,766,2010,0.0,0.0,0.0,0.0,0.0
9,RF,766,2011,0.0,0.0,0.0,0.0,0.0
9,RF,766,2012,0.0,0.0,0.0,0.0,0.0
9,RF,766,2013,0.0,0.0,0.0,0.0,0.0
9,RF,766,2014,0.0,0.0,0.0,0.0,0.0
9,RF,766,2015,0.0,0.0,0.0,0.0,0.0
9,RF,766,2016,0.0,0.0,0.0,0.0,0.0
9,RF,766,2017,0.0,0.0,0.0,0.0,0.0
9,RF,766,2018,0.0,0.0,0.0,0.0,0.0
9,RF,766,2019,0.0,0.0,0.0,0.0,0.0
9,RF,766,2020,0.0,0.0,0.0,0.0,0.0
9,RF,766,2021,0.0,0.0,0.0,0.0,0.0
9,RF,766,2022,0.0,0.0,0.0,0.0,0.0
9,RF,767,1985,0.0,0.0,0.0,0.0,0.0
9,RF,767,1986,0.0,0.0,0.0,0.0,0.0
9,RF,767,1987,0.0,0.0,0.0,0.0,0.0
9,RF,767,1988,0.0,0.0,0.0,0.0,0.0
9,RF,767,1989,0.0,0.0,0.0,0.0,0.0
9,RF,767,1990,0.0,0.0,0.0,0.0,0.0
9,RF,767,1991,0.0,0.0,0.0,0.0,0.0
9,RF,767,1992,0.0,0.0,0.0,0.0,0.0
9,RF,767,1993,0.0,0.0,0.0,0.0,0.0
9,RF,767,1994,0.0,0.0,0.0,0.0,0.0
9,RF,767,1995,0.0,0.0,0.0,0.0,0.0
9,RF,767,1996,0.0,0.0,0.0,0.0,0.0
9,RF,767,1997,0.0,0.0,0.0,0.0,0.0
9,RF,767,1998,0.0,0.0,0.0,0.0,0.0
9,RF,767,1999,0.0,0.0,0.0,0.0,0.0
9,RF,767,2000,0.0,0.0,0.0,0.0,0.0
9,RF,767,2001,0.0,0.0,0.0,0.0,0.0
9,RF,767,2002,0.0,0.0,0.0,0.0,0.0
9,RF,767,2003,0.0,0.0,0.0,0.0,0.0
9,RF,767,2004,0.0,0.0,0.0,0.0,0.0
9,RF,767,2005,0.0,0.0,0.0,0.0,0.0
9,RF,767,2006,0.0,0.0,0.0,0.0,0.0
9,RF,767,2007,0.0,0.0,0.0,0.0,0.0
9,RF,767,2008,0.0,0.0,0.0,0.0,0.0
9,RF,767,2009,0.0,0.0,0.0,0.0,0.0
9,RF,767,2010,0.0,0.0,0.0,0.0,0.0
9,RF,767,2011,0.0,0.0,0.0,0.0,0.0
9,RF,767,2012,0.0,0.0,0.0,0.0,0.0
9,RF,767,2013,0.0,0.0,0.0,0.0,0.0
9,RF,767,2014,0.0,0.0,0.0,0.0,0.0
9,RF,767,2015,0.0,0.0,0.0,0.0,0.0
9,RF,767,2016,0.0,0.0,0.0,0.0,0.0
9,RF,767,2017,0.0,0.0,0.0,0.0,0.0
9,RF,767,2018,0.0,0.0,0.0,0.0,0.0
9,RF,767,2019,0.0,0.0,0.0,0.0,0.0
9,RF,767,2020,0.0,0.0,0.0,0.0,0.0
9,RF,767,2021,0.0,0.0,0.0,0.0,0.0
9,RF,767,2022,0.0,0.0,0.0,0.0,0.0
9,RF,771,1985,0.0,0.0,0.0,0.0,0.0
9,RF,771,1986,0.0,0.0,0.0,0.0,0.0
9,RF,771,1987,0.0,0.0,0.0,0.0,0.0
9,RF,771,1988,0.0,0.0,0.0,0.0,0.0
9,RF,771,1989,0.0,0.0,0.0,0.0,0.0
9,RF,771,1990,0.0,0.0,0.0,0.0,0.0
9,RF,771,1991,0.0,0.0,0.0,0.0,0.0
9,RF,771,1992,0.0,0.0,0.0,0.0,0.0
9,RF,771,1993,0.0,0.0,0.0,0.0,0.0
9,RF,771,1994,0.0,0.0,0.0,0.0,0.0
9,RF,771,1995,0.0,0.0,0.0,0.0,0.0
9,RF,771,1996,0.0,0.0,0.0,0.0,0.0
9,RF,771,1997,0.0,0.0,0.0,0.0,0.0
9,RF,771,1998,0.0,0.0,0.0,0.0,0.0
9,RF,771,1999,0.0,0.0,0.0,0.0,0.0
9,RF,771,2000,0.0,0.0,0.0,0.0,0.0
9,RF,771,2001,0.0,0.0,0.0,0.0,0.0
9,RF,771,2002,0.0,0.0,0.0,0.0,0.0
9,RF,771,2003,0.0,0.0,0.0,0.0,0.0
9,RF,771,2004,0.0,0.0,0.0,0.0,0.0
9,RF,771,2005,0.0,0.0,0.0,0.0,0.0
9,RF,771,2006,0.0,0.0,0.0,0.0,0.0
9,RF,771,2007,0.0,0.0,0.0,0.0,0.0
9,RF,771,2008,0.0,0.0,0.0,0.0,0.0
9,RF,771,2009,0.0,0.0,0.0,0.0,0.0
9,RF,771,2010,0.0,0.0,0.0,0.0,0.0
9,RF,771,2011,0.0,0.0,0.0,0.0,0.0
9,RF,771,2012,0.0,0.0,0.0,0.0,0.0
9,RF,771,2013,0.0,0.0,0.0,0.0,0.0
9,RF,771,2014,0.0,0.0,0.0,0.0,0.0
9,RF,771,2015,0.0,0.0,0.0,0.0,0.0
9,RF,771,2016,0.0,0.0,0.0,0.0,0.0
9,RF,771,2017,0.0,0.0,0.0,0.0,0.0
9,RF,771,2018,0.0,0.0,0.0,0.0,0.0
9,RF,771,2019,0.0,0.0,0.0,0.0,0.0
9,RF,771,2020,0.0,0.0,0.0,0.0,0.0
9,RF,771,2021,0.0,0.0,0.0,0.0,0.0
9,RF,771,2022,0.0,0.0,0.0,0.0,0.0
9,RF,772,1985,0.0,0.0,0.0,0.0,0.0
9,RF,772,1986,0.0,0.0,0.0,0.0,0.0
9,RF,772,1987,0.0,0.0,0.0,0.0,0.0
9,RF,772,1988,0.0,0.0,0.0,0.0,0.0
9,RF,772,1989,0.0,0.0,0.0,0.0,0.0
9,RF,772,1990,0.0,0.0,0.0,0.0,0.0
9,RF,772,1991,0.0,0.0,0.0,0.0,0.0
9,RF,772,1992,0.0,0.0,0.0,0.0,0.0
9,RF,772,1993,0.0,0.0,0.0,0.0,0.0
9,RF,772,1994,0.0,0.0,0.0,0.0,0.0
9,RF,772,1995,0.0,0.0,0.0,0.0,0.0
9,RF,772,1996,0.0,0.0,0.0,0.0,0.0
9,RF,772,1997,0.0,0.0,0.0,0.0,0.0
9,RF,772,1998,0.0,0.0,0.0,0.0,0.0
9,RF,772,1999,0.0,0.0,0.0,0.0,0.0
9,RF,772,2000,0.0,0.0,0.0,0.0,0.0
9,RF,772,2001,0.0,0.0,0.0,0.0,0.0
9,RF,772,2002,0.0,0.0,0.0,0.0,0.0
9,RF,772,2003,0.0,0.0,0.0,0.0,0.0
9,RF,772,2004,0.0,0.0,0.0,0.0,0.0
9,RF,772,2005,0.0,0.0,0.0,0.0,0.0
9,RF,772,2006,0.0,0.0,0.0,0.0,0.0
9,RF,772,2007,0.0,0.0,0.0,0.0,0.0
9,RF,772,2008,0.0,0.0,0.0,0.0,0.0
9,RF,772,2009,0.0,0.0,0.0,0.0,0.0
9,RF,772,2010,0.0,0.0,0.0,0.0,0.0
9,RF,772,2011,0.0,0.0,0.0,0.0,0.0
9,RF,772,2012,0.0,0.0,0.0,0.0,0.0
9,RF,772,2013,0.0,0.0,0.0,0.0,0.0
9,RF,772,2014,0.0,0.0,0.0,0.0,0.0
9,RF,772,2015,0.0,0.0,0.0,0.0,0.0
9,RF,772,2016,0.0,0.0,0.0,0.0,0.0
9,RF,772,2017,0.0,0.0,0.0,0.0,0.0
9,RF,772,2018,0.0,0.0,0.0,0.0,0.0
9,RF,772,2019,0.0,0.0,0.0,0.0,0.0
9,RF,772,2020,0.0,0.0,0.0,0.0,0.0
9,RF,772,2021,0.0,0.0,0.0,0.0,0.0
9,RF,772,2022,0.0,0.0,0.0,0.0,0.0
9,RF,773,1985,0.0,0.0,0.0,0.0,0.0
9,RF,773,1986,0.0,0.0,0.0,0.0,0.0
9,RF,773,1987,0.0,0.0,0.0,0.0,0.0
9,RF,773,1988,0.0,0.0,0.0,0.0,0.0
9,RF,773,1989,0.0,0.0,0.0,0.0,0.0
9,RF,773,1990,0.0,0.0,0.0,0.0,0.0
9,RF,773,1991,0.0,0.0,0.0,0.0,0.0
9,RF,773,1992,0.0,0.0,0.0,0.0,0.0
9,RF,773,1993,0.0,0.0,0.0,0.0,0.0
9,RF,773,1994,0.0,0.0,0.0,0.0,0.0
9,RF,773,1995,0.0,0.0,0.0,0.0,0.0
9,RF,773,1996,0.0,0.0,0.0,0.0,0.0
9,RF,773,1997,0.0,0.0,0.0,0.0,0.0
9,RF,773,1998,0.0,0.0,0.0,0.0,0.0
9,RF,773,1999,0.0,0.0,0.0,0.0,0.0
9,RF,773,2000,0.0,0.0,0.0,0.0,0.0
9,RF,773,2001,0.0,0.0,0.0,0.0,0.0
9,RF,773,2002,0.0,0.0,0.0,0.0,0.0
9,RF,773,2003,0.0,0.0,0.0,0.0,0.0
9,RF,773,2004,0.0,0.0,0.0,0.0,0.0
9,RF,773,2005,0.0,0.0,0.0,0.0,0.0
9,RF,773,2006,0.0,0.0,0.0,0.0,0.0
9,RF,773,2007,0.0,0.0,0.0,0.0,0.0
9,RF,773,2008,0.0,0.0,0.0,0.0,0.0
9,RF,773,2009,0.0,0.0,0.0,0.0,0.0
9,RF,773,2010,0.0,0.0,0.0,0.0,0.0
9,RF,773,2011,0.0,0.0,0.0,0.0,0.0
9,RF,773,2012,0.0,0.0,0.0,0.0,0.0
9,RF,773,2013,0.0,0.0,0.0,0.0,0.0
9,RF,773,2014,0.0,0.0,0.0,0.0,0.0
9,RF,773,2015,0.0,0.0,0.0,0.0,0.0
9,RF,773,2016,0.0,0.0,0.0,0.0,0.0
9,RF,773,2017,0.0,0.0,0.0,0.0,0.0
9,RF,773,2018,0.0,0.0,0.0,0.0,0.0
9,RF,773,2019,0.0,0.0,0.0,0.0,0.0
9,RF,773,2020,0.0,0.0,0.0,0.0,0.0
9,RF,773,2021,0.0,0.0,0.0,0.0,0.0
9,RF,773,2022,0.0,0.0,0.0,0.0,0.0
9,RF,7741,1985,47.37,20.0,32.63,25.26,7.37
9,RF,7741,1986,52.63,21.06,26.31,21.06,5.26
9,RF,7741,1987,48.42,21.06,30.52,25.26,5.27
9,RF,7741,1988,49.47,13.68,36.85,27.37,9.48
9,RF,7741,1989,56.84,13.68,29.479999999999997,23.16,6.32
9,RF,7741,1990,56.84,15.79,27.369999999999997,25.26,2.1
9,RF,7741,1991,58.95,11.58,29.47,23.16,6.32
9,RF,7741,1992,47.37,16.84,35.790000000000006,21.06,14.74
9,RF,7741,1993,53.68,17.9,28.42,25.27,3.16
9,RF,7741,1994,46.32,22.11,31.57,21.06,10.53
9,RF,7741,1995,54.74,15.8,29.459999999999997,23.16,6.32
9,RF,7741,1996,55.79,22.1,22.11,14.74,7.37
9,RF,7741,1997,50.53,18.94,30.529999999999998,27.37,3.16
9,RF,7741,1998,55.79,13.69,30.520000000000003,23.16,7.38
9,RF,7741,1999,45.26,21.06,33.68000000000001,25.26,8.43
9,RF,7741,2000,56.84,17.89,25.269999999999996,21.06,4.22
9,RF,7741,2001,52.63,14.74,32.629999999999995,27.37,5.27
9,RF,7741,2002,47.37,17.9,34.730000000000004,23.16,11.58
9,RF,7741,2003,49.47,23.15,27.380000000000003,18.95,8.42
9,RF,7741,2004,54.74,17.9,27.36,14.74,12.64
9,RF,7741,2005,43.16,23.15,33.690000000000005,16.85,16.84
9,RF,7741,2006,55.79,15.79,28.42,23.16,5.26
9,RF,7741,2007,50.53,23.16,26.31,21.06,5.26
9,RF,7741,2008,48.42,25.26,26.319999999999997,14.74,11.58
9,RF,7741,2009,49.47,18.95,31.580000000000002,16.85,14.74
9,RF,7741,2010,49.47,14.74,35.79,27.37,8.42
9,RF,7741,2011,52.63,12.63,34.739999999999995,25.26,9.48
9,RF,7741,2012,51.58,21.05,27.37,12.64,14.74
9,RF,7741,2013,64.21,17.9,17.890000000000008,16.85,1.06
9,RF,7741,2014,54.74,10.53,34.73,29.48,5.27
9,RF,7741,2015,63.16,9.47,27.370000000000005,23.17,4.22
9,RF,7741,2016,62.11,5.26,32.63,27.37,5.27
9,RF,7741,2017,57.89,18.94,23.169999999999998,21.06,2.11
9,RF,7741,2018,54.74,15.8,29.459999999999997,25.26,4.22
9,RF,7741,2019,57.89,3.16,38.95,33.68,5.27
9,RF,7741,2020,56.84,13.69,29.47,23.16,6.32
9,RF,7741,2021,55.79,13.68,30.53,23.16,7.37
9,RF,7741,2022,50.53,22.11,27.36,10.53,16.84
9,RF,7742,1985,0.0,0.0,0.0,0.0,0.0
9,RF,7742,1986,0.0,0.0,0.0,0.0,0.0
9,RF,7742,1987,0.0,0.0,0.0,0.0,0.0
9,RF,7742,1988,0.0,0.0,0.0,0.0,0.0
9,RF,7742,1989,0.0,0.0,0.0,0.0,0.0
9,RF,7742,1990,0.0,0.0,0.0,0.0,0.0
9,RF,7742,1991,0.0,0.0,0.0,0.0,0.0
9,RF,7742,1992,0.0,0.0,0.0,0.0,0.0
9,RF,7742,1993,0.0,0.0,0.0,0.0,0.0
9,RF,7742,1994,0.0,0.0,0.0,0.0,0.0
9,RF,7742,1995,0.0,0.0,0.0,0.0,0.0
9,RF,7742,1996,0.0,0.0,0.0,0.0,0.0
9,RF,7742,1997,0.0,0.0,0.0,0.0,0.0
9,RF,7742,1998,0.0,0.0,0.0,0.0,0.0
9,RF,7742,1999,0.0,0.0,0.0,0.0,0.0
9,RF,7742,2000,0.0,0.0,0.0,0.0,0.0
9,RF,7742,2001,0.0,0.0,0.0,0.0,0.0
9,RF,7742,2002,0.0,0.0,0.0,0.0,0.0
9,RF,7742,2003,0.0,0.0,0.0,0.0,0.0
9,RF,7742,2004,0.0,0.0,0.0,0.0,0.0
9,RF,7742,2005,0.0,0.0,0.0,0.0,0.0
9,RF,7742,2006,0.0,0.0,0.0,0.0,0.0
9,RF,7742,2007,0.0,0.0,0.0,0.0,0.0
9,RF,7742,2008,0.0,0.0,0.0,0.0,0.0
9,RF,7742,2009,0.0,0.0,0.0,0.0,0.0
9,RF,7742,2010,0.0,0.0,0.0,0.0,0.0
9,RF,7742,2011,0.0,0.0,0.0,0.0,0.0
9,RF,7742,2012,0.0,0.0,0.0,0.0,0.0
9,RF,7742,2013,0.0,0.0,0.0,0.0,0.0
9,RF,7742,2014,0.0,0.0,0.0,0.0,0.0
9,RF,7742,2015,0.0,0.0,0.0,0.0,0.0
9,RF,7742,2016,0.0,0.0,0.0,0.0,0.0
9,RF,7742,2017,0.0,0.0,0.0,0.0,0.0
9,RF,7742,2018,0.0,0.0,0.0,0.0,0.0
9,RF,7742,2019,0.0,0.0,0.0,0.0,0.0
9,RF,7742,2020,0.0,0.0,0.0,0.0,0.0
9,RF,7742,2021,0.0,0.0,0.0,0.0,0.0
9,RF,7742,2022,0.0,0.0,0.0,0.0,0.0
9,RF,775,1985,0.0,0.0,0.0,0.0,0.0
9,RF,775,1986,0.0,0.0,0.0,0.0,0.0
9,RF,775,1987,0.0,0.0,0.0,0.0,0.0
9,RF,775,1988,0.0,0.0,0.0,0.0,0.0
9,RF,775,1989,0.0,0.0,0.0,0.0,0.0
9,RF,775,1990,0.0,0.0,0.0,0.0,0.0
9,RF,775,1991,0.0,0.0,0.0,0.0,0.0
9,RF,775,1992,0.0,0.0,0.0,0.0,0.0
9,RF,775,1993,0.0,0.0,0.0,0.0,0.0
9,RF,775,1994,0.0,0.0,0.0,0.0,0.0
9,RF,775,1995,0.0,0.0,0.0,0.0,0.0
9,RF,775,1996,0.0,0.0,0.0,0.0,0.0
9,RF,775,1997,0.0,0.0,0.0,0.0,0.0
9,RF,775,1998,0.0,0.0,0.0,0.0,0.0
9,RF,775,1999,0.0,0.0,0.0,0.0,0.0
9,RF,775,2000,0.0,0.0,0.0,0.0,0.0
9,RF,775,2001,0.0,0.0,0.0,0.0,0.0
9,RF,775,2002,0.0,0.0,0.0,0.0,0.0
9,RF,775,2003,0.0,0.0,0.0,0.0,0.0
9,RF,775,2004,0.0,0.0,0.0,0.0,0.0
9,RF,775,2005,0.0,0.0,0.0,0.0,0.0
9,RF,775,2006,0.0,0.0,0.0,0.0,0.0
9,RF,775,2007,0.0,0.0,0.0,0.0,0.0
9,RF,775,2008,0.0,0.0,0.0,0.0,0.0
9,RF,775,2009,0.0,0.0,0.0,0.0,0.0
9,RF,775,2010,0.0,0.0,0.0,0.0,0.0
9,RF,775,2011,0.0,0.0,0.0,0.0,0.0
9,RF,775,2012,0.0,0.0,0.0,0.0,0.0
9,RF,775,2013,0.0,0.0,0.0,0.0,0.0
9,RF,775,2014,0.0,0.0,0.0,0.0,0.0
9,RF,775,2015,0.0,0.0,0.0,0.0,0.0
9,RF,775,2016,0.0,0.0,0.0,0.0,0.0
9,RF,775,2017,0.0,0.0,0.0,0.0,0.0
9,RF,775,2018,0.0,0.0,0.0,0.0,0.0
9,RF,775,2019,0.0,0.0,0.0,0.0,0.0
9,RF,775,2020,0.0,0.0,0.0,0.0,0.0
9,RF,775,2021,0.0,0.0,0.0,0.0,0.0
9,RF,775,2022,0.0,0.0,0.0,0.0,0.0
9,RF,776,1985,43.58,26.6,29.82,11.0,18.81
9,RF,776,1986,40.83,33.94,25.230000000000004,11.92,13.3
9,RF,776,1987,44.04,33.94,22.020000000000003,6.42,15.6
9,RF,776,1988,48.62,26.6,24.78,10.09,14.68
9,RF,776,1989,47.25,30.74,22.01,11.92,10.09
9,RF,776,1990,60.09,13.76,26.15,22.01,4.12
9,RF,776,1991,53.21,19.26,27.529999999999998,13.76,13.76
9,RF,776,1992,54.13,18.35,27.519999999999996,22.93,4.59
9,RF,776,1993,49.54,24.77,25.69,7.34,18.35
9,RF,776,1994,48.62,25.23,26.150000000000002,12.85,13.3
9,RF,776,1995,44.5,32.1,23.4,15.6,7.8
9,RF,776,1996,54.59,17.88,27.529999999999998,11.0,16.52
9,RF,776,1997,56.42,23.86,19.72,12.85,6.88
9,RF,776,1998,46.33,17.43,36.24,17.43,18.8
9,RF,776,1999,51.38,22.02,26.599999999999998,12.85,13.76
9,RF,776,2000,61.93,9.63,28.439999999999998,14.68,13.76
9,RF,776,2001,61.01,11.46,27.53,14.68,12.84
9,RF,776,2002,58.26,16.05,25.69,20.18,5.5
9,RF,776,2003,39.45,27.06,33.489999999999995,20.18,13.3
9,RF,776,2004,58.72,12.85,28.43,13.76,14.68
9,RF,776,2005,45.87,29.82,24.310000000000002,17.43,6.88
9,RF,776,2006,67.43,14.22,18.349999999999994,14.68,3.67
9,RF,776,2007,62.84,21.1,16.059999999999995,14.68,1.38
9,RF,776,2008,63.76,20.64,15.600000000000001,12.84,2.76
9,RF,776,2009,59.17,21.56,19.27,17.43,1.84
9,RF,776,2010,37.61,37.62,24.770000000000003,12.84,11.92
9,RF,776,2011,44.04,31.65,24.310000000000002,16.51,7.8
9,RF,776,2012,53.21,25.23,21.56,14.68,6.88
9,RF,776,2013,58.26,9.63,32.11,22.02,10.09
9,RF,776,2014,60.09,10.09,29.819999999999997,22.93,6.88
9,RF,776,2015,67.43,12.84,19.729999999999993,16.51,3.22
9,RF,776,2016,66.06,16.51,17.429999999999996,14.68,2.76
9,RF,776,2017,63.76,21.56,14.680000000000003,11.92,2.76
9,RF,776,2018,52.75,16.52,30.73,22.93,7.8
9,RF,776,2019,61.47,22.48,16.05,13.76,2.3
9,RF,776,2020,65.6,11.93,22.470000000000006,20.18,2.3
9,RF,776,2021,67.43,16.51,16.05999999999999,14.67,1.38
9,RF,776,2022,55.96,23.4,20.64,13.76,6.88
9,RF,76111,1985,0.0,0.0,0.0,0.0,0.0
9,RF,76111,1986,0.0,0.0,0.0,0.0,0.0
9,RF,76111,1987,0.0,0.0,0.0,0.0,0.0
9,RF,76111,1988,0.0,0.0,0.0,0.0,0.0
9,RF,76111,1989,0.0,0.0,0.0,0.0,0.0
9,RF,76111,1990,0.0,0.0,0.0,0.0,0.0
9,RF,76111,1991,0.0,0.0,0.0,0.0,0.0
9,RF,76111,1992,0.0,0.0,0.0,0.0,0.0
9,RF,76111,1993,0.0,0.0,0.0,0.0,0.0
9,RF,76111,1994,0.0,0.0,0.0,0.0,0.0
9,RF,76111,1995,0.0,0.0,0.0,0.0,0.0
9,RF,76111,1996,0.0,0.0,0.0,0.0,0.0
9,RF,76111,1997,0.0,0.0,0.0,0.0,0.0
9,RF,76111,1998,0.0,0.0,0.0,0.0,0.0
9,RF,76111,1999,0.0,0.0,0.0,0.0,0.0
9,RF,76111,2000,0.0,0.0,0.0,0.0,0.0
9,RF,76111,2001,0.0,0.0,0.0,0.0,0.0
9,RF,76111,2002,0.0,0.0,0.0,0.0,0.0
9,RF,76111,2003,0.0,0.0,0.0,0.0,0.0
9,RF,76111,2004,0.0,0.0,0.0,0.0,0.0
9,RF,76111,2005,0.0,0.0,0.0,0.0,0.0
9,RF,76111,2006,0.0,0.0,0.0,0.0,0.0
9,RF,76111,2007,0.0,0.0,0.0,0.0,0.0
9,RF,76111,2008,0.0,0.0,0.0,0.0,0.0
9,RF,76111,2009,0.0,0.0,0.0,0.0,0.0
9,RF,76111,2010,0.0,0.0,0.0,0.0,0.0
9,RF,76111,2011,0.0,0.0,0.0,0.0,0.0
9,RF,76111,2012,0.0,0.0,0.0,0.0,0.0
9,RF,76111,2013,0.0,0.0,0.0,0.0,0.0
9,RF,76111,2014,0.0,0.0,0.0,0.0,0.0
9,RF,76111,2015,0.0,0.0,0.0,0.0,0.0
9,RF,76111,2016,0.0,0.0,0.0,0.0,0.0
9,RF,76111,2017,0.0,0.0,0.0,0.0,0.0
9,RF,76111,2018,0.0,0.0,0.0,0.0,0.0
9,RF,76111,2019,0.0,0.0,0.0,0.0,0.0
9,RF,76111,2020,0.0,0.0,0.0,0.0,0.0
9,RF,76111,2021,0.0,0.0,0.0,0.0,0.0
9,RF,76111,2022,0.0,0.0,0.0,0.0,0.0
9,RF,76116,1985,0.0,0.0,0.0,0.0,0.0
9,RF,76116,1986,0.0,0.0,0.0,0.0,0.0
9,RF,76116,1987,0.0,0.0,0.0,0.0,0.0
9,RF,76116,1988,0.0,0.0,0.0,0.0,0.0
9,RF,76116,1989,0.0,0.0,0.0,0.0,0.0
9,RF,76116,1990,0.0,0.0,0.0,0.0,0.0
9,RF,76116,1991,0.0,0.0,0.0,0.0,0.0
9,RF,76116,1992,0.0,0.0,0.0,0.0,0.0
9,RF,76116,1993,0.0,0.0,0.0,0.0,0.0
9,RF,76116,1994,0.0,0.0,0.0,0.0,0.0
9,RF,76116,1995,0.0,0.0,0.0,0.0,0.0
9,RF,76116,1996,0.0,0.0,0.0,0.0,0.0
9,RF,76116,1997,0.0,0.0,0.0,0.0,0.0
9,RF,76116,1998,0.0,0.0,0.0,0.0,0.0
9,RF,76116,1999,0.0,0.0,0.0,0.0,0.0
9,RF,76116,2000,0.0,0.0,0.0,0.0,0.0
9,RF,76116,2001,0.0,0.0,0.0,0.0,0.0
9,RF,76116,2002,0.0,0.0,0.0,0.0,0.0
9,RF,76116,2003,0.0,0.0,0.0,0.0,0.0
9,RF,76116,2004,0.0,0.0,0.0,0.0,0.0
9,RF,76116,2005,0.0,0.0,0.0,0.0,0.0
9,RF,76116,2006,0.0,0.0,0.0,0.0,0.0
9,RF,76116,2007,0.0,0.0,0.0,0.0,0.0
9,RF,76116,2008,0.0,0.0,0.0,0.0,0.0
9,RF,76116,2009,0.0,0.0,0.0,0.0,0.0
9,RF,76116,2010,0.0,0.0,0.0,0.0,0.0
9,RF,76116,2011,0.0,0.0,0.0,0.0,0.0
9,RF,76116,2012,0.0,0.0,0.0,0.0,0.0
9,RF,76116,2013,0.0,0.0,0.0,0.0,0.0
9,RF,76116,2014,0.0,0.0,0.0,0.0,0.0
9,RF,76116,2015,0.0,0.0,0.0,0.0,0.0
9,RF,76116,2016,0.0,0.0,0.0,0.0,0.0
9,RF,76116,2017,0.0,0.0,0.0,0.0,0.0
9,RF,76116,2018,0.0,0.0,0.0,0.0,0.0
9,RF,76116,2019,0.0,0.0,0.0,0.0,0.0
9,RF,76116,2020,0.0,0.0,0.0,0.0,0.0
9,RF,76116,2021,0.0,0.0,0.0,0.0,0.0
9,RF,76116,2022,0.0,0.0,0.0,0.0,0.0
9,RF,7612,1985,0.0,0.0,0.0,0.0,0.0
9,RF,7612,1986,0.0,0.0,0.0,0.0,0.0
9,RF,7612,1987,0.0,0.0,0.0,0.0,0.0
9,RF,7612,1988,0.0,0.0,0.0,0.0,0.0
9,RF,7612,1989,0.0,0.0,0.0,0.0,0.0
9,RF,7612,1990,0.0,0.0,0.0,0.0,0.0
9,RF,7612,1991,0.0,0.0,0.0,0.0,0.0
9,RF,7612,1992,0.0,0.0,0.0,0.0,0.0
9,RF,7612,1993,0.0,0.0,0.0,0.0,0.0
9,RF,7612,1994,0.0,0.0,0.0,0.0,0.0
9,RF,7612,1995,0.0,0.0,0.0,0.0,0.0
9,RF,7612,1996,0.0,0.0,0.0,0.0,0.0
9,RF,7612,1997,0.0,0.0,0.0,0.0,0.0
9,RF,7612,1998,0.0,0.0,0.0,0.0,0.0
9,RF,7612,1999,0.0,0.0,0.0,0.0,0.0
9,RF,7612,2000,0.0,0.0,0.0,0.0,0.0
9,RF,7612,2001,0.0,0.0,0.0,0.0,0.0
9,RF,7612,2002,0.0,0.0,0.0,0.0,0.0
9,RF,7612,2003,0.0,0.0,0.0,0.0,0.0
9,RF,7612,2004,0.0,0.0,0.0,0.0,0.0
9,RF,7612,2005,0.0,0.0,0.0,0.0,0.0
9,RF,7612,2006,0.0,0.0,0.0,0.0,0.0
9,RF,7612,2007,0.0,0.0,0.0,0.0,0.0
9,RF,7612,2008,0.0,0.0,0.0,0.0,0.0
9,RF,7612,2009,0.0,0.0,0.0,0.0,0.0
9,RF,7612,2010,0.0,0.0,0.0,0.0,0.0
9,RF,7612,2011,0.0,0.0,0.0,0.0,0.0
9,RF,7612,2012,0.0,0.0,0.0,0.0,0.0
9,RF,7612,2013,0.0,0.0,0.0,0.0,0.0
9,RF,7612,2014,0.0,0.0,0.0,0.0,0.0
9,RF,7612,2015,0.0,0.0,0.0,0.0,0.0
9,RF,7612,2016,0.0,0.0,0.0,0.0,0.0
9,RF,7612,2017,0.0,0.0,0.0,0.0,0.0
9,RF,7612,2018,0.0,0.0,0.0,0.0,0.0
9,RF,7612,2019,0.0,0.0,0.0,0.0,0.0
9,RF,7612,2020,0.0,0.0,0.0,0.0,0.0
9,RF,7612,2021,0.0,0.0,0.0,0.0,0.0
9,RF,7612,2022,0.0,0.0,0.0,0.0,0.0
9,RF,7613,1985,0.0,0.0,0.0,0.0,0.0
9,RF,7613,1986,0.0,0.0,0.0,0.0,0.0
9,RF,7613,1987,0.0,0.0,0.0,0.0,0.0
9,RF,7613,1988,0.0,0.0,0.0,0.0,0.0
9,RF,7613,1989,0.0,0.0,0.0,0.0,0.0
9,RF,7613,1990,0.0,0.0,0.0,0.0,0.0
9,RF,7613,1991,0.0,0.0,0.0,0.0,0.0
9,RF,7613,1992,0.0,0.0,0.0,0.0,0.0
9,RF,7613,1993,0.0,0.0,0.0,0.0,0.0
9,RF,7613,1994,0.0,0.0,0.0,0.0,0.0
9,RF,7613,1995,0.0,0.0,0.0,0.0,0.0
9,RF,7613,1996,0.0,0.0,0.0,0.0,0.0
9,RF,7613,1997,0.0,0.0,0.0,0.0,0.0
9,RF,7613,1998,0.0,0.0,0.0,0.0,0.0
9,RF,7613,1999,0.0,0.0,0.0,0.0,0.0
9,RF,7613,2000,0.0,0.0,0.0,0.0,0.0
9,RF,7613,2001,0.0,0.0,0.0,0.0,0.0
9,RF,7613,2002,0.0,0.0,0.0,0.0,0.0
9,RF,7613,2003,0.0,0.0,0.0,0.0,0.0
9,RF,7613,2004,0.0,0.0,0.0,0.0,0.0
9,RF,7613,2005,0.0,0.0,0.0,0.0,0.0
9,RF,7613,2006,0.0,0.0,0.0,0.0,0.0
9,RF,7613,2007,0.0,0.0,0.0,0.0,0.0
9,RF,7613,2008,0.0,0.0,0.0,0.0,0.0
9,RF,7613,2009,0.0,0.0,0.0,0.0,0.0
9,RF,7613,2010,0.0,0.0,0.0,0.0,0.0
9,RF,7613,2011,0.0,0.0,0.0,0.0,0.0
9,RF,7613,2012,0.0,0.0,0.0,0.0,0.0
9,RF,7613,2013,0.0,0.0,0.0,0.0,0.0
9,RF,7613,2014,0.0,0.0,0.0,0.0,0.0
9,RF,7613,2015,0.0,0.0,0.0,0.0,0.0
9,RF,7613,2016,0.0,0.0,0.0,0.0,0.0
9,RF,7613,2017,0.0,0.0,0.0,0.0,0.0
9,RF,7613,2018,0.0,0.0,0.0,0.0,0.0
9,RF,7613,2019,0.0,0.0,0.0,0.0,0.0
9,RF,7613,2020,0.0,0.0,0.0,0.0,0.0
9,RF,7613,2021,0.0,0.0,0.0,0.0,0.0
9,RF,7613,2022,0.0,0.0,0.0,0.0,0.0
9,RF,7614,1985,0.0,0.0,0.0,0.0,0.0
9,RF,7614,1986,0.0,0.0,0.0,0.0,0.0
9,RF,7614,1987,0.0,0.0,0.0,0.0,0.0
9,RF,7614,1988,0.0,0.0,0.0,0.0,0.0
9,RF,7614,1989,0.0,0.0,0.0,0.0,0.0
9,RF,7614,1990,0.0,0.0,0.0,0.0,0.0
9,RF,7614,1991,0.0,0.0,0.0,0.0,0.0
9,RF,7614,1992,0.0,0.0,0.0,0.0,0.0
9,RF,7614,1993,0.0,0.0,0.0,0.0,0.0
9,RF,7614,1994,0.0,0.0,0.0,0.0,0.0
9,RF,7614,1995,0.0,0.0,0.0,0.0,0.0
9,RF,7614,1996,0.0,0.0,0.0,0.0,0.0
9,RF,7614,1997,0.0,0.0,0.0,0.0,0.0
9,RF,7614,1998,0.0,0.0,0.0,0.0,0.0
9,RF,7614,1999,0.0,0.0,0.0,0.0,0.0
9,RF,7614,2000,0.0,0.0,0.0,0.0,0.0
9,RF,7614,2001,0.0,0.0,0.0,0.0,0.0
9,RF,7614,2002,0.0,0.0,0.0,0.0,0.0
9,RF,7614,2003,0.0,0.0,0.0,0.0,0.0
9,RF,7614,2004,0.0,0.0,0.0,0.0,0.0
9,RF,7614,2005,0.0,0.0,0.0,0.0,0.0
9,RF,7614,2006,0.0,0.0,0.0,0.0,0.0
9,RF,7614,2007,0.0,0.0,0.0,0.0,0.0
9,RF,7614,2008,0.0,0.0,0.0,0.0,0.0
9,RF,7614,2009,0.0,0.0,0.0,0.0,0.0
9,RF,7614,2010,0.0,0.0,0.0,0.0,0.0
9,RF,7614,2011,0.0,0.0,0.0,0.0,0.0
9,RF,7614,2012,0.0,0.0,0.0,0.0,0.0
9,RF,7614,2013,0.0,0.0,0.0,0.0,0.0
9,RF,7614,2014,0.0,0.0,0.0,0.0,0.0
9,RF,7614,2015,0.0,0.0,0.0,0.0,0.0
9,RF,7614,2016,0.0,0.0,0.0,0.0,0.0
9,RF,7614,2017,0.0,0.0,0.0,0.0,0.0
9,RF,7614,2018,0.0,0.0,0.0,0.0,0.0
9,RF,7614,2019,0.0,0.0,0.0,0.0,0.0
9,RF,7614,2020,0.0,0.0,0.0,0.0,0.0
9,RF,7614,2021,0.0,0.0,0.0,0.0,0.0
9,RF,7614,2022,0.0,0.0,0.0,0.0,0.0
9,RF,7615,1985,0.0,0.0,0.0,0.0,0.0
9,RF,7615,1986,0.0,0.0,0.0,0.0,0.0
9,RF,7615,1987,0.0,0.0,0.0,0.0,0.0
9,RF,7615,1988,0.0,0.0,0.0,0.0,0.0
9,RF,7615,1989,0.0,0.0,0.0,0.0,0.0
9,RF,7615,1990,0.0,0.0,0.0,0.0,0.0
9,RF,7615,1991,0.0,0.0,0.0,0.0,0.0
9,RF,7615,1992,0.0,0.0,0.0,0.0,0.0
9,RF,7615,1993,0.0,0.0,0.0,0.0,0.0
9,RF,7615,1994,0.0,0.0,0.0,0.0,0.0
9,RF,7615,1995,0.0,0.0,0.0,0.0,0.0
9,RF,7615,1996,0.0,0.0,0.0,0.0,0.0
9,RF,7615,1997,0.0,0.0,0.0,0.0,0.0
9,RF,7615,1998,0.0,0.0,0.0,0.0,0.0
9,RF,7615,1999,0.0,0.0,0.0,0.0,0.0
9,RF,7615,2000,0.0,0.0,0.0,0.0,0.0
9,RF,7615,2001,0.0,0.0,0.0,0.0,0.0
9,RF,7615,2002,0.0,0.0,0.0,0.0,0.0
9,RF,7615,2003,0.0,0.0,0.0,0.0,0.0
9,RF,7615,2004,0.0,0.0,0.0,0.0,0.0
9,RF,7615,2005,0.0,0.0,0.0,0.0,0.0
9,RF,7615,2006,0.0,0.0,0.0,0.0,0.0
9,RF,7615,2007,0.0,0.0,0.0,0.0,0.0
9,RF,7615,2008,0.0,0.0,0.0,0.0,0.0
9,RF,7615,2009,0.0,0.0,0.0,0.0,0.0
9,RF,7615,2010,0.0,0.0,0.0,0.0,0.0
9,RF,7615,2011,0.0,0.0,0.0,0.0,0.0
9,RF,7615,2012,0.0,0.0,0.0,0.0,0.0
9,RF,7615,2013,0.0,0.0,0.0,0.0,0.0
9,RF,7615,2014,0.0,0.0,0.0,0.0,0.0
9,RF,7615,2015,0.0,0.0,0.0,0.0,0.0
9,RF,7615,2016,0.0,0.0,0.0,0.0,0.0
9,RF,7615,2017,0.0,0.0,0.0,0.0,0.0
9,RF,7615,2018,0.0,0.0,0.0,0.0,0.0
9,RF,7615,2019,0.0,0.0,0.0,0.0,0.0
9,RF,7615,2020,0.0,0.0,0.0,0.0,0.0
9,RF,7615,2021,0.0,0.0,0.0,0.0,0.0
9,RF,7615,2022,0.0,0.0,0.0,0.0,0.0
9,RF,777,1985,0.0,0.0,0.0,0.0,0.0
9,RF,777,1986,0.0,0.0,0.0,0.0,0.0
9,RF,777,1987,0.0,0.0,0.0,0.0,0.0
9,RF,777,1988,0.0,0.0,0.0,0.0,0.0
9,RF,777,1989,0.0,0.0,0.0,0.0,0.0
9,RF,777,1990,0.0,0.0,0.0,0.0,0.0
9,RF,777,1991,0.0,0.0,0.0,0.0,0.0
9,RF,777,1992,0.0,0.0,0.0,0.0,0.0
9,RF,777,1993,0.0,0.0,0.0,0.0,0.0
9,RF,777,1994,0.0,0.0,0.0,0.0,0.0
9,RF,777,1995,0.0,0.0,0.0,0.0,0.0
9,RF,777,1996,0.0,0.0,0.0,0.0,0.0
9,RF,777,1997,0.0,0.0,0.0,0.0,0.0
9,RF,777,1998,0.0,0.0,0.0,0.0,0.0
9,RF,777,1999,0.0,0.0,0.0,0.0,0.0
9,RF,777,2000,0.0,0.0,0.0,0.0,0.0
9,RF,777,2001,0.0,0.0,0.0,0.0,0.0
9,RF,777,2002,0.0,0.0,0.0,0.0,0.0
9,RF,777,2003,0.0,0.0,0.0,0.0,0.0
9,RF,777,2004,0.0,0.0,0.0,0.0,0.0
9,RF,777,2005,0.0,0.0,0.0,0.0,0.0
9,RF,777,2006,0.0,0.0,0.0,0.0,0.0
9,RF,777,2007,0.0,0.0,0.0,0.0,0.0
9,RF,777,2008,0.0,0.0,0.0,0.0,0.0
9,RF,777,2009,0.0,0.0,0.0,0.0,0.0
9,RF,777,2010,0.0,0.0,0.0,0.0,0.0
9,RF,777,2011,0.0,0.0,0.0,0.0,0.0
9,RF,777,2012,0.0,0.0,0.0,0.0,0.0
9,RF,777,2013,0.0,0.0,0.0,0.0,0.0
9,RF,777,2014,0.0,0.0,0.0,0.0,0.0
9,RF,777,2015,0.0,0.0,0.0,0.0,0.0
9,RF,777,2016,0.0,0.0,0.0,0.0,0.0
9,RF,777,2017,0.0,0.0,0.0,0.0,0.0
9,RF,777,2018,0.0,0.0,0.0,0.0,0.0
9,RF,777,2019,0.0,0.0,0.0,0.0,0.0
9,RF,777,2020,0.0,0.0,0.0,0.0,0.0
9,RF,777,2021,0.0,0.0,0.0,0.0,0.0
9,RF,777,2022,0.0,0.0,0.0,0.0,0.0
9,RF,778,1985,0.0,0.0,0.0,0.0,0.0
9,RF,778,1986,0.0,0.0,0.0,0.0,0.0
9,RF,778,1987,0.0,0.0,0.0,0.0,0.0
9,RF,778,1988,0.0,0.0,0.0,0.0,0.0
9,RF,778,1989,0.0,0.0,0.0,0.0,0.0
9,RF,778,1990,0.0,0.0,0.0,0.0,0.0
9,RF,778,1991,0.0,0.0,0.0,0.0,0.0
9,RF,778,1992,0.0,0.0,0.0,0.0,0.0
9,RF,778,1993,0.0,0.0,0.0,0.0,0.0
9,RF,778,1994,0.0,0.0,0.0,0.0,0.0
9,RF,778,1995,0.0,0.0,0.0,0.0,0.0
9,RF,778,1996,0.0,0.0,0.0,0.0,0.0
9,RF,778,1997,0.0,0.0,0.0,0.0,0.0
9,RF,778,1998,0.0,0.0,0.0,0.0,0.0
9,RF,778,1999,0.0,0.0,0.0,0.0,0.0
9,RF,778,2000,0.0,0.0,0.0,0.0,0.0
9,RF,778,2001,0.0,0.0,0.0,0.0,0.0
9,RF,778,2002,0.0,0.0,0.0,0.0,0.0
9,RF,778,2003,0.0,0.0,0.0,0.0,0.0
9,RF,778,2004,0.0,0.0,0.0,0.0,0.0
9,RF,778,2005,0.0,0.0,0.0,0.0,0.0
9,RF,778,2006,0.0,0.0,0.0,0.0,0.0
9,RF,778,2007,0.0,0.0,0.0,0.0,0.0
9,RF,778,2008,0.0,0.0,0.0,0.0,0.0
9,RF,778,2009,0.0,0.0,0.0,0.0,0.0
9,RF,778,2010,0.0,0.0,0.0,0.0,0.0
9,RF,778,2011,0.0,0.0,0.0,0.0,0.0
9,RF,778,2012,0.0,0.0,0.0,0.0,0.0
9,RF,778,2013,0.0,0.0,0.0,0.0,0.0
9,RF,778,2014,0.0,0.0,0.0,0.0,0.0
9,RF,778,2015,0.0,0.0,0.0,0.0,0.0
9,RF,778,2016,0.0,0.0,0.0,0.0,0.0
9,RF,778,2017,0.0,0.0,0.0,0.0,0.0
9,RF,778,2018,0.0,0.0,0.0,0.0,0.0
9,RF,778,2019,0.0,0.0,0.0,0.0,0.0
9,RF,778,2020,0.0,0.0,0.0,0.0,0.0
9,RF,778,2021,0.0,0.0,0.0,0.0,0.0
9,RF,778,2022,0.0,0.0,0.0,0.0,0.0
9,RF,7616,1985,0.0,0.0,0.0,0.0,0.0
9,RF,7616,1986,0.0,0.0,0.0,0.0,0.0
9,RF,7616,1987,0.0,0.0,0.0,0.0,0.0
9,RF,7616,1988,0.0,0.0,0.0,0.0,0.0
9,RF,7616,1989,0.0,0.0,0.0,0.0,0.0
9,RF,7616,1990,0.0,0.0,0.0,0.0,0.0
9,RF,7616,1991,0.0,0.0,0.0,0.0,0.0
9,RF,7616,1992,0.0,0.0,0.0,0.0,0.0
9,RF,7616,1993,0.0,0.0,0.0,0.0,0.0
9,RF,7616,1994,0.0,0.0,0.0,0.0,0.0
9,RF,7616,1995,0.0,0.0,0.0,0.0,0.0
9,RF,7616,1996,0.0,0.0,0.0,0.0,0.0
9,RF,7616,1997,0.0,0.0,0.0,0.0,0.0
9,RF,7616,1998,0.0,0.0,0.0,0.0,0.0
9,RF,7616,1999,0.0,0.0,0.0,0.0,0.0
9,RF,7616,2000,0.0,0.0,0.0,0.0,0.0
9,RF,7616,2001,0.0,0.0,0.0,0.0,0.0
9,RF,7616,2002,0.0,0.0,0.0,0.0,0.0
9,RF,7616,2003,0.0,0.0,0.0,0.0,0.0
9,RF,7616,2004,0.0,0.0,0.0,0.0,0.0
9,RF,7616,2005,0.0,0.0,0.0,0.0,0.0
9,RF,7616,2006,0.0,0.0,0.0,0.0,0.0
9,RF,7616,2007,0.0,0.0,0.0,0.0,0.0
9,RF,7616,2008,0.0,0.0,0.0,0.0,0.0
9,RF,7616,2009,0.0,0.0,0.0,0.0,0.0
9,RF,7616,2010,0.0,0.0,0.0,0.0,0.0
9,RF,7616,2011,0.0,0.0,0.0,0.0,0.0
9,RF,7616,2012,0.0,0.0,0.0,0.0,0.0
9,RF,7616,2013,0.0,0.0,0.0,0.0,0.0
9,RF,7616,2014,0.0,0.0,0.0,0.0,0.0
9,RF,7616,2015,0.0,0.0,0.0,0.0,0.0
9,RF,7616,2016,0.0,0.0,0.0,0.0,0.0
9,RF,7616,2017,0.0,0.0,0.0,0.0,0.0
9,RF,7616,2018,0.0,0.0,0.0,0.0,0.0
9,RF,7616,2019,0.0,0.0,0.0,0.0,0.0
9,RF,7616,2020,0.0,0.0,0.0,0.0,0.0
9,RF,7616,2021,0.0,0.0,0.0,0.0,0.0
9,RF,7616,2022,0.0,0.0,0.0,0.0,0.0
9,RF,7617,1985,0.0,0.0,0.0,0.0,0.0
9,RF,7617,1986,0.0,0.0,0.0,0.0,0.0
9,RF,7617,1987,0.0,0.0,0.0,0.0,0.0
9,RF,7617,1988,0.0,0.0,0.0,0.0,0.0
9,RF,7617,1989,0.0,0.0,0.0,0.0,0.0
9,RF,7617,1990,0.0,0.0,0.0,0.0,0.0
9,RF,7617,1991,0.0,0.0,0.0,0.0,0.0
9,RF,7617,1992,0.0,0.0,0.0,0.0,0.0
9,RF,7617,1993,0.0,0.0,0.0,0.0,0.0
9,RF,7617,1994,0.0,0.0,0.0,0.0,0.0
9,RF,7617,1995,0.0,0.0,0.0,0.0,0.0
9,RF,7617,1996,0.0,0.0,0.0,0.0,0.0
9,RF,7617,1997,0.0,0.0,0.0,0.0,0.0
9,RF,7617,1998,0.0,0.0,0.0,0.0,0.0
9,RF,7617,1999,0.0,0.0,0.0,0.0,0.0
9,RF,7617,2000,0.0,0.0,0.0,0.0,0.0
9,RF,7617,2001,0.0,0.0,0.0,0.0,0.0
9,RF,7617,2002,0.0,0.0,0.0,0.0,0.0
9,RF,7617,2003,0.0,0.0,0.0,0.0,0.0
9,RF,7617,2004,0.0,0.0,0.0,0.0,0.0
9,RF,7617,2005,0.0,0.0,0.0,0.0,0.0
9,RF,7617,2006,0.0,0.0,0.0,0.0,0.0
9,RF,7617,2007,0.0,0.0,0.0,0.0,0.0
9,RF,7617,2008,0.0,0.0,0.0,0.0,0.0
9,RF,7617,2009,0.0,0.0,0.0,0.0,0.0
9,RF,7617,2010,0.0,0.0,0.0,0.0,0.0
9,RF,7617,2011,0.0,0.0,0.0,0.0,0.0
9,RF,7617,2012,0.0,0.0,0.0,0.0,0.0
9,RF,7617,2013,0.0,0.0,0.0,0.0,0.0
9,RF,7617,2014,0.0,0.0,0.0,0.0,0.0
9,RF,7617,2015,0.0,0.0,0.0,0.0,0.0
9,RF,7617,2016,0.0,0.0,0.0,0.0,0.0
9,RF,7617,2017,0.0,0.0,0.0,0.0,0.0
9,RF,7617,2018,0.0,0.0,0.0,0.0,0.0
9,RF,7617,2019,0.0,0.0,0.0,0.0,0.0
9,RF,7617,2020,0.0,0.0,0.0,0.0,0.0
9,RF,7617,2021,0.0,0.0,0.0,0.0,0.0
9,RF,7617,2022,0.0,0.0,0.0,0.0,0.0
9,RF,7618,1985,0.0,0.0,0.0,0.0,0.0
9,RF,7618,1986,0.0,0.0,0.0,0.0,0.0
9,RF,7618,1987,0.0,0.0,0.0,0.0,0.0
9,RF,7618,1988,0.0,0.0,0.0,0.0,0.0
9,RF,7618,1989,0.0,0.0,0.0,0.0,0.0
9,RF,7618,1990,0.0,0.0,0.0,0.0,0.0
9,RF,7618,1991,0.0,0.0,0.0,0.0,0.0
9,RF,7618,1992,0.0,0.0,0.0,0.0,0.0
9,RF,7618,1993,0.0,0.0,0.0,0.0,0.0
9,RF,7618,1994,0.0,0.0,0.0,0.0,0.0
9,RF,7618,1995,0.0,0.0,0.0,0.0,0.0
9,RF,7618,1996,0.0,0.0,0.0,0.0,0.0
9,RF,7618,1997,0.0,0.0,0.0,0.0,0.0
9,RF,7618,1998,0.0,0.0,0.0,0.0,0.0
9,RF,7618,1999,0.0,0.0,0.0,0.0,0.0
9,RF,7618,2000,0.0,0.0,0.0,0.0,0.0
9,RF,7618,2001,0.0,0.0,0.0,0.0,0.0
9,RF,7618,2002,0.0,0.0,0.0,0.0,0.0
9,RF,7618,2003,0.0,0.0,0.0,0.0,0.0
9,RF,7618,2004,0.0,0.0,0.0,0.0,0.0
9,RF,7618,2005,0.0,0.0,0.0,0.0,0.0
9,RF,7618,2006,0.0,0.0,0.0,0.0,0.0
9,RF,7618,2007,0.0,0.0,0.0,0.0,0.0
9,RF,7618,2008,0.0,0.0,0.0,0.0,0.0
9,RF,7618,2009,0.0,0.0,0.0,0.0,0.0
9,RF,7618,2010,0.0,0.0,0.0,0.0,0.0
9,RF,7618,2011,0.0,0.0,0.0,0.0,0.0
9,RF,7618,2012,0.0,0.0,0.0,0.0,0.0
9,RF,7618,2013,0.0,0.0,0.0,0.0,0.0
9,RF,7618,2014,0.0,0.0,0.0,0.0,0.0
9,RF,7618,2015,0.0,0.0,0.0,0.0,0.0
9,RF,7618,2016,0.0,0.0,0.0,0.0,0.0
9,RF,7618,2017,0.0,0.0,0.0,0.0,0.0
9,RF,7618,2018,0.0,0.0,0.0,0.0,0.0
9,RF,7618,2019,0.0,0.0,0.0,0.0,0.0
9,RF,7618,2020,0.0,0.0,0.0,0.0,0.0
9,RF,7618,2021,0.0,0.0,0.0,0.0,0.0
9,RF,7618,2022,0.0,0.0,0.0,0.0,0.0
9,RF,7619,1985,0.0,0.0,0.0,0.0,0.0
9,RF,7619,1986,0.0,0.0,0.0,0.0,0.0
9,RF,7619,1987,0.0,0.0,0.0,0.0,0.0
9,RF,7619,1988,0.0,0.0,0.0,0.0,0.0
9,RF,7619,1989,0.0,0.0,0.0,0.0,0.0
9,RF,7619,1990,0.0,0.0,0.0,0.0,0.0
9,RF,7619,1991,0.0,0.0,0.0,0.0,0.0
9,RF,7619,1992,0.0,0.0,0.0,0.0,0.0
9,RF,7619,1993,0.0,0.0,0.0,0.0,0.0
9,RF,7619,1994,0.0,0.0,0.0,0.0,0.0
9,RF,7619,1995,0.0,0.0,0.0,0.0,0.0
9,RF,7619,1996,0.0,0.0,0.0,0.0,0.0
9,RF,7619,1997,0.0,0.0,0.0,0.0,0.0
9,RF,7619,1998,0.0,0.0,0.0,0.0,0.0
9,RF,7619,1999,0.0,0.0,0.0,0.0,0.0
9,RF,7619,2000,0.0,0.0,0.0,0.0,0.0
9,RF,7619,2001,0.0,0.0,0.0,0.0,0.0
9,RF,7619,2002,0.0,0.0,0.0,0.0,0.0
9,RF,7619,2003,0.0,0.0,0.0,0.0,0.0
9,RF,7619,2004,0.0,0.0,0.0,0.0,0.0
9,RF,7619,2005,0.0,0.0,0.0,0.0,0.0
9,RF,7619,2006,0.0,0.0,0.0,0.0,0.0
9,RF,7619,2007,0.0,0.0,0.0,0.0,0.0
9,RF,7619,2008,0.0,0.0,0.0,0.0,0.0
9,RF,7619,2009,0.0,0.0,0.0,0.0,0.0
9,RF,7619,2010,0.0,0.0,0.0,0.0,0.0
9,RF,7619,2011,0.0,0.0,0.0,0.0,0.0
9,RF,7619,2012,0.0,0.0,0.0,0.0,0.0
9,RF,7619,2013,0.0,0.0,0.0,0.0,0.0
9,RF,7619,2014,0.0,0.0,0.0,0.0,0.0
9,RF,7619,2015,0.0,0.0,0.0,0.0,0.0
9,RF,7619,2016,0.0,0.0,0.0,0.0,0.0
9,RF,7619,2017,0.0,0.0,0.0,0.0,0.0
9,RF,7619,2018,0.0,0.0,0.0,0.0,0.0
9,RF,7619,2019,0.0,0.0,0.0,0.0,0.0
9,RF,7619,2020,0.0,0.0,0.0,0.0,0.0
9,RF,7619,2021,0.0,0.0,0.0,0.0,0.0
9,RF,7619,2022,0.0,0.0,0.0,0.0,0.0
