Version,Models,Bacia,Years,global_accuracy,quantity diss,alloc dis,exchange,shift
9,RF,Caatinga,1985,26.44,21.6,51.96,26.76,8.6
9,RF,Caatinga,1986,47.12,21.96,30.92,21.48,8.71
9,RF,Caatinga,1987,51.12,20.96,27.92,25.24,2.02
9,RF,Caatinga,1988,49.12,21.34,29.540000000000003,27.83,1.53
9,RF,Caatinga,1989,47.0,21.84,31.16,19.44,5.46
9,RF,Caatinga,1990,57.7,16.06,26.24,19.17,3.62
9,RF,Caatinga,1991,54.88,15.38,29.739999999999995,26.22,2.74
9,RF,Caatinga,1992,44.89,21.15,33.96,21.4,7.57
9,RF,Caatinga,1993,53.0,18.13,28.87,26.54,1.9
9,RF,Caatinga,1994,49.12,21.18,29.700000000000003,25.7,1.95
9,RF,Caatinga,1995,45.59,22.21,32.199999999999996,20.52,6.88
9,RF,Caatinga,1996,55.11,15.13,29.759999999999998,26.48,2.96
9,RF,Caatinga,1997,50.53,20.96,28.509999999999998,20.36,7.18
9,RF,Caatinga,1998,46.89,16.01,37.099999999999994,23.96,8.07
9,RF,Caatinga,1999,50.18,18.42,31.4,22.56,5.51
9,RF,Caatinga,2000,55.7,12.16,32.14,27.98,2.18
9,RF,Caatinga,2001,57.23,15.94,26.830000000000005,23.38,3.18
9,RF,Caatinga,2002,54.88,16.78,28.339999999999996,21.5,5.32
9,RF,Caatinga,2003,49.82,18.97,31.21,26.5,3.94
9,RF,Caatinga,2004,57.58,12.99,29.43,24.09,5.08
9,RF,Caatinga,2005,46.65,23.84,29.51,20.6,8.02
9,RF,Caatinga,2006,58.4,16.92,24.68,20.4,3.0
9,RF,Caatinga,2007,57.46,22.88,19.66,16.98,2.48
9,RF,Caatinga,2008,58.87,17.84,23.290000000000003,19.62,3.31
9,RF,Caatinga,2009,59.93,16.71,23.36,19.9,2.96
9,RF,Caatinga,2010,44.77,23.65,31.58,24.68,2.7
9,RF,Caatinga,2011,50.76,22.42,26.82,21.11,5.22
9,RF,Caatinga,2012,49.94,23.13,26.930000000000003,17.62,7.22
9,RF,Caatinga,2013,60.87,14.47,24.660000000000004,21.35,2.72
9,RF,Caatinga,2014,60.87,10.38,28.75,24.53,4.0
9,RF,Caatinga,2015,63.69,11.1,25.21,21.72,3.19
9,RF,Caatinga,2016,66.16,12.74,21.1,19.34,1.53
9,RF,Caatinga,2017,59.58,24.67,15.75,12.75,2.72
9,RF,Caatinga,2018,53.7,17.04,29.259999999999998,24.97,3.12
9,RF,Caatinga,2019,59.58,18.16,22.26,19.82,2.24
9,RF,Caatinga,2020,62.75,12.04,25.21,23.38,1.54
9,RF,Caatinga,2021,62.16,15.72,22.120000000000005,19.62,2.14
9,RF,Caatinga,2022,53.35,23.85,22.799999999999997,17.24,5.32
9,RF,741,1985,0.0,0.0,0.0,0.0,0.0
9,RF,741,1986,0.0,0.0,0.0,0.0,0.0
9,RF,741,1987,0.0,0.0,0.0,0.0,0.0
9,RF,741,1988,0.0,0.0,0.0,0.0,0.0
9,RF,741,1989,0.0,0.0,0.0,0.0,0.0
9,RF,741,1990,0.0,0.0,0.0,0.0,0.0
9,RF,741,1991,0.0,0.0,0.0,0.0,0.0
9,RF,741,1992,0.0,0.0,0.0,0.0,0.0
9,RF,741,1993,0.0,0.0,0.0,0.0,0.0
9,RF,741,1994,0.0,0.0,0.0,0.0,0.0
9,RF,741,1995,0.0,0.0,0.0,0.0,0.0
9,RF,741,1996,0.0,0.0,0.0,0.0,0.0
9,RF,741,1997,0.0,0.0,0.0,0.0,0.0
9,RF,741,1998,0.0,0.0,0.0,0.0,0.0
9,RF,741,1999,0.0,0.0,0.0,0.0,0.0
9,RF,741,2000,0.0,0.0,0.0,0.0,0.0
9,RF,741,2001,0.0,0.0,0.0,0.0,0.0
9,RF,741,2002,0.0,0.0,0.0,0.0,0.0
9,RF,741,2003,0.0,0.0,0.0,0.0,0.0
9,RF,741,2004,0.0,0.0,0.0,0.0,0.0
9,RF,741,2005,0.0,0.0,0.0,0.0,0.0
9,RF,741,2006,0.0,0.0,0.0,0.0,0.0
9,RF,741,2007,0.0,0.0,0.0,0.0,0.0
9,RF,741,2008,0.0,0.0,0.0,0.0,0.0
9,RF,741,2009,0.0,0.0,0.0,0.0,0.0
9,RF,741,2010,0.0,0.0,0.0,0.0,0.0
9,RF,741,2011,0.0,0.0,0.0,0.0,0.0
9,RF,741,2012,0.0,0.0,0.0,0.0,0.0
9,RF,741,2013,0.0,0.0,0.0,0.0,0.0
9,RF,741,2014,0.0,0.0,0.0,0.0,0.0
9,RF,741,2015,0.0,0.0,0.0,0.0,0.0
9,RF,741,2016,0.0,0.0,0.0,0.0,0.0
9,RF,741,2017,0.0,0.0,0.0,0.0,0.0
9,RF,741,2018,0.0,0.0,0.0,0.0,0.0
9,RF,741,2019,0.0,0.0,0.0,0.0,0.0
9,RF,741,2020,0.0,0.0,0.0,0.0,0.0
9,RF,741,2021,0.0,0.0,0.0,0.0,0.0
9,RF,741,2022,0.0,0.0,0.0,0.0,0.0
9,RF,7421,1985,0.0,0.0,0.0,0.0,0.0
9,RF,7421,1986,0.0,0.0,0.0,0.0,0.0
9,RF,7421,1987,0.0,0.0,0.0,0.0,0.0
9,RF,7421,1988,0.0,0.0,0.0,0.0,0.0
9,RF,7421,1989,0.0,0.0,0.0,0.0,0.0
9,RF,7421,1990,0.0,0.0,0.0,0.0,0.0
9,RF,7421,1991,0.0,0.0,0.0,0.0,0.0
9,RF,7421,1992,0.0,0.0,0.0,0.0,0.0
9,RF,7421,1993,0.0,0.0,0.0,0.0,0.0
9,RF,7421,1994,0.0,0.0,0.0,0.0,0.0
9,RF,7421,1995,0.0,0.0,0.0,0.0,0.0
9,RF,7421,1996,0.0,0.0,0.0,0.0,0.0
9,RF,7421,1997,0.0,0.0,0.0,0.0,0.0
9,RF,7421,1998,0.0,0.0,0.0,0.0,0.0
9,RF,7421,1999,0.0,0.0,0.0,0.0,0.0
9,RF,7421,2000,0.0,0.0,0.0,0.0,0.0
9,RF,7421,2001,0.0,0.0,0.0,0.0,0.0
9,RF,7421,2002,0.0,0.0,0.0,0.0,0.0
9,RF,7421,2003,0.0,0.0,0.0,0.0,0.0
9,RF,7421,2004,0.0,0.0,0.0,0.0,0.0
9,RF,7421,2005,0.0,0.0,0.0,0.0,0.0
9,RF,7421,2006,0.0,0.0,0.0,0.0,0.0
9,RF,7421,2007,0.0,0.0,0.0,0.0,0.0
9,RF,7421,2008,0.0,0.0,0.0,0.0,0.0
9,RF,7421,2009,0.0,0.0,0.0,0.0,0.0
9,RF,7421,2010,0.0,0.0,0.0,0.0,0.0
9,RF,7421,2011,0.0,0.0,0.0,0.0,0.0
9,RF,7421,2012,0.0,0.0,0.0,0.0,0.0
9,RF,7421,2013,0.0,0.0,0.0,0.0,0.0
9,RF,7421,2014,0.0,0.0,0.0,0.0,0.0
9,RF,7421,2015,0.0,0.0,0.0,0.0,0.0
9,RF,7421,2016,0.0,0.0,0.0,0.0,0.0
9,RF,7421,2017,0.0,0.0,0.0,0.0,0.0
9,RF,7421,2018,0.0,0.0,0.0,0.0,0.0
9,RF,7421,2019,0.0,0.0,0.0,0.0,0.0
9,RF,7421,2020,0.0,0.0,0.0,0.0,0.0
9,RF,7421,2021,0.0,0.0,0.0,0.0,0.0
9,RF,7421,2022,0.0,0.0,0.0,0.0,0.0
9,RF,7422,1985,0.0,0.0,0.0,0.0,0.0
9,RF,7422,1986,0.0,0.0,0.0,0.0,0.0
9,RF,7422,1987,0.0,0.0,0.0,0.0,0.0
9,RF,7422,1988,0.0,0.0,0.0,0.0,0.0
9,RF,7422,1989,0.0,0.0,0.0,0.0,0.0
9,RF,7422,1990,0.0,0.0,0.0,0.0,0.0
9,RF,7422,1991,0.0,0.0,0.0,0.0,0.0
9,RF,7422,1992,0.0,0.0,0.0,0.0,0.0
9,RF,7422,1993,0.0,0.0,0.0,0.0,0.0
9,RF,7422,1994,0.0,0.0,0.0,0.0,0.0
9,RF,7422,1995,0.0,0.0,0.0,0.0,0.0
9,RF,7422,1996,0.0,0.0,0.0,0.0,0.0
9,RF,7422,1997,0.0,0.0,0.0,0.0,0.0
9,RF,7422,1998,0.0,0.0,0.0,0.0,0.0
9,RF,7422,1999,0.0,0.0,0.0,0.0,0.0
9,RF,7422,2000,0.0,0.0,0.0,0.0,0.0
9,RF,7422,2001,0.0,0.0,0.0,0.0,0.0
9,RF,7422,2002,0.0,0.0,0.0,0.0,0.0
9,RF,7422,2003,0.0,0.0,0.0,0.0,0.0
9,RF,7422,2004,0.0,0.0,0.0,0.0,0.0
9,RF,7422,2005,0.0,0.0,0.0,0.0,0.0
9,RF,7422,2006,0.0,0.0,0.0,0.0,0.0
9,RF,7422,2007,0.0,0.0,0.0,0.0,0.0
9,RF,7422,2008,0.0,0.0,0.0,0.0,0.0
9,RF,7422,2009,0.0,0.0,0.0,0.0,0.0
9,RF,7422,2010,0.0,0.0,0.0,0.0,0.0
9,RF,7422,2011,0.0,0.0,0.0,0.0,0.0
9,RF,7422,2012,0.0,0.0,0.0,0.0,0.0
9,RF,7422,2013,0.0,0.0,0.0,0.0,0.0
9,RF,7422,2014,0.0,0.0,0.0,0.0,0.0
9,RF,7422,2015,0.0,0.0,0.0,0.0,0.0
9,RF,7422,2016,0.0,0.0,0.0,0.0,0.0
9,RF,7422,2017,0.0,0.0,0.0,0.0,0.0
9,RF,7422,2018,0.0,0.0,0.0,0.0,0.0
9,RF,7422,2019,0.0,0.0,0.0,0.0,0.0
9,RF,7422,2020,0.0,0.0,0.0,0.0,0.0
9,RF,7422,2021,0.0,0.0,0.0,0.0,0.0
9,RF,7422,2022,0.0,0.0,0.0,0.0,0.0
9,RF,744,1985,0.0,0.0,0.0,0.0,0.0
9,RF,744,1986,0.0,0.0,0.0,0.0,0.0
9,RF,744,1987,0.0,0.0,0.0,0.0,0.0
9,RF,744,1988,0.0,0.0,0.0,0.0,0.0
9,RF,744,1989,0.0,0.0,0.0,0.0,0.0
9,RF,744,1990,0.0,0.0,0.0,0.0,0.0
9,RF,744,1991,0.0,0.0,0.0,0.0,0.0
9,RF,744,1992,0.0,0.0,0.0,0.0,0.0
9,RF,744,1993,0.0,0.0,0.0,0.0,0.0
9,RF,744,1994,0.0,0.0,0.0,0.0,0.0
9,RF,744,1995,0.0,0.0,0.0,0.0,0.0
9,RF,744,1996,0.0,0.0,0.0,0.0,0.0
9,RF,744,1997,0.0,0.0,0.0,0.0,0.0
9,RF,744,1998,0.0,0.0,0.0,0.0,0.0
9,RF,744,1999,0.0,0.0,0.0,0.0,0.0
9,RF,744,2000,0.0,0.0,0.0,0.0,0.0
9,RF,744,2001,0.0,0.0,0.0,0.0,0.0
9,RF,744,2002,0.0,0.0,0.0,0.0,0.0
9,RF,744,2003,0.0,0.0,0.0,0.0,0.0
9,RF,744,2004,0.0,0.0,0.0,0.0,0.0
9,RF,744,2005,0.0,0.0,0.0,0.0,0.0
9,RF,744,2006,0.0,0.0,0.0,0.0,0.0
9,RF,744,2007,0.0,0.0,0.0,0.0,0.0
9,RF,744,2008,0.0,0.0,0.0,0.0,0.0
9,RF,744,2009,0.0,0.0,0.0,0.0,0.0
9,RF,744,2010,0.0,0.0,0.0,0.0,0.0
9,RF,744,2011,0.0,0.0,0.0,0.0,0.0
9,RF,744,2012,0.0,0.0,0.0,0.0,0.0
9,RF,744,2013,0.0,0.0,0.0,0.0,0.0
9,RF,744,2014,0.0,0.0,0.0,0.0,0.0
9,RF,744,2015,0.0,0.0,0.0,0.0,0.0
9,RF,744,2016,0.0,0.0,0.0,0.0,0.0
9,RF,744,2017,0.0,0.0,0.0,0.0,0.0
9,RF,744,2018,0.0,0.0,0.0,0.0,0.0
9,RF,744,2019,0.0,0.0,0.0,0.0,0.0
9,RF,744,2020,0.0,0.0,0.0,0.0,0.0
9,RF,744,2021,0.0,0.0,0.0,0.0,0.0
9,RF,744,2022,0.0,0.0,0.0,0.0,0.0
9,RF,745,1985,0.0,0.0,0.0,0.0,0.0
9,RF,745,1986,0.0,0.0,0.0,0.0,0.0
9,RF,745,1987,0.0,0.0,0.0,0.0,0.0
9,RF,745,1988,0.0,0.0,0.0,0.0,0.0
9,RF,745,1989,0.0,0.0,0.0,0.0,0.0
9,RF,745,1990,0.0,0.0,0.0,0.0,0.0
9,RF,745,1991,0.0,0.0,0.0,0.0,0.0
9,RF,745,1992,0.0,0.0,0.0,0.0,0.0
9,RF,745,1993,0.0,0.0,0.0,0.0,0.0
9,RF,745,1994,0.0,0.0,0.0,0.0,0.0
9,RF,745,1995,0.0,0.0,0.0,0.0,0.0
9,RF,745,1996,0.0,0.0,0.0,0.0,0.0
9,RF,745,1997,0.0,0.0,0.0,0.0,0.0
9,RF,745,1998,0.0,0.0,0.0,0.0,0.0
9,RF,745,1999,0.0,0.0,0.0,0.0,0.0
9,RF,745,2000,0.0,0.0,0.0,0.0,0.0
9,RF,745,2001,0.0,0.0,0.0,0.0,0.0
9,RF,745,2002,0.0,0.0,0.0,0.0,0.0
9,RF,745,2003,0.0,0.0,0.0,0.0,0.0
9,RF,745,2004,0.0,0.0,0.0,0.0,0.0
9,RF,745,2005,0.0,0.0,0.0,0.0,0.0
9,RF,745,2006,0.0,0.0,0.0,0.0,0.0
9,RF,745,2007,0.0,0.0,0.0,0.0,0.0
9,RF,745,2008,0.0,0.0,0.0,0.0,0.0
9,RF,745,2009,0.0,0.0,0.0,0.0,0.0
9,RF,745,2010,0.0,0.0,0.0,0.0,0.0
9,RF,745,2011,0.0,0.0,0.0,0.0,0.0
9,RF,745,2012,0.0,0.0,0.0,0.0,0.0
9,RF,745,2013,0.0,0.0,0.0,0.0,0.0
9,RF,745,2014,0.0,0.0,0.0,0.0,0.0
9,RF,745,2015,0.0,0.0,0.0,0.0,0.0
9,RF,745,2016,0.0,0.0,0.0,0.0,0.0
9,RF,745,2017,0.0,0.0,0.0,0.0,0.0
9,RF,745,2018,0.0,0.0,0.0,0.0,0.0
9,RF,745,2019,0.0,0.0,0.0,0.0,0.0
9,RF,745,2020,0.0,0.0,0.0,0.0,0.0
9,RF,745,2021,0.0,0.0,0.0,0.0,0.0
9,RF,745,2022,0.0,0.0,0.0,0.0,0.0
9,RF,746,1985,0.0,0.0,0.0,0.0,0.0
9,RF,746,1986,0.0,0.0,0.0,0.0,0.0
9,RF,746,1987,0.0,0.0,0.0,0.0,0.0
9,RF,746,1988,0.0,0.0,0.0,0.0,0.0
9,RF,746,1989,0.0,0.0,0.0,0.0,0.0
9,RF,746,1990,0.0,0.0,0.0,0.0,0.0
9,RF,746,1991,0.0,0.0,0.0,0.0,0.0
9,RF,746,1992,0.0,0.0,0.0,0.0,0.0
9,RF,746,1993,0.0,0.0,0.0,0.0,0.0
9,RF,746,1994,0.0,0.0,0.0,0.0,0.0
9,RF,746,1995,0.0,0.0,0.0,0.0,0.0
9,RF,746,1996,0.0,0.0,0.0,0.0,0.0
9,RF,746,1997,0.0,0.0,0.0,0.0,0.0
9,RF,746,1998,0.0,0.0,0.0,0.0,0.0
9,RF,746,1999,0.0,0.0,0.0,0.0,0.0
9,RF,746,2000,0.0,0.0,0.0,0.0,0.0
9,RF,746,2001,0.0,0.0,0.0,0.0,0.0
9,RF,746,2002,0.0,0.0,0.0,0.0,0.0
9,RF,746,2003,0.0,0.0,0.0,0.0,0.0
9,RF,746,2004,0.0,0.0,0.0,0.0,0.0
9,RF,746,2005,0.0,0.0,0.0,0.0,0.0
9,RF,746,2006,0.0,0.0,0.0,0.0,0.0
9,RF,746,2007,0.0,0.0,0.0,0.0,0.0
9,RF,746,2008,0.0,0.0,0.0,0.0,0.0
9,RF,746,2009,0.0,0.0,0.0,0.0,0.0
9,RF,746,2010,0.0,0.0,0.0,0.0,0.0
9,RF,746,2011,0.0,0.0,0.0,0.0,0.0
9,RF,746,2012,0.0,0.0,0.0,0.0,0.0
9,RF,746,2013,0.0,0.0,0.0,0.0,0.0
9,RF,746,2014,0.0,0.0,0.0,0.0,0.0
9,RF,746,2015,0.0,0.0,0.0,0.0,0.0
9,RF,746,2016,0.0,0.0,0.0,0.0,0.0
9,RF,746,2017,0.0,0.0,0.0,0.0,0.0
9,RF,746,2018,0.0,0.0,0.0,0.0,0.0
9,RF,746,2019,0.0,0.0,0.0,0.0,0.0
9,RF,746,2020,0.0,0.0,0.0,0.0,0.0
9,RF,746,2021,0.0,0.0,0.0,0.0,0.0
9,RF,746,2022,0.0,0.0,0.0,0.0,0.0
9,RF,751,1985,0.0,0.0,0.0,0.0,0.0
9,RF,751,1986,0.0,0.0,0.0,0.0,0.0
9,RF,751,1987,0.0,0.0,0.0,0.0,0.0
9,RF,751,1988,0.0,0.0,0.0,0.0,0.0
9,RF,751,1989,0.0,0.0,0.0,0.0,0.0
9,RF,751,1990,0.0,0.0,0.0,0.0,0.0
9,RF,751,1991,0.0,0.0,0.0,0.0,0.0
9,RF,751,1992,0.0,0.0,0.0,0.0,0.0
9,RF,751,1993,0.0,0.0,0.0,0.0,0.0
9,RF,751,1994,0.0,0.0,0.0,0.0,0.0
9,RF,751,1995,0.0,0.0,0.0,0.0,0.0
9,RF,751,1996,0.0,0.0,0.0,0.0,0.0
9,RF,751,1997,0.0,0.0,0.0,0.0,0.0
9,RF,751,1998,0.0,0.0,0.0,0.0,0.0
9,RF,751,1999,0.0,0.0,0.0,0.0,0.0
9,RF,751,2000,0.0,0.0,0.0,0.0,0.0
9,RF,751,2001,0.0,0.0,0.0,0.0,0.0
9,RF,751,2002,0.0,0.0,0.0,0.0,0.0
9,RF,751,2003,0.0,0.0,0.0,0.0,0.0
9,RF,751,2004,0.0,0.0,0.0,0.0,0.0
9,RF,751,2005,0.0,0.0,0.0,0.0,0.0
9,RF,751,2006,0.0,0.0,0.0,0.0,0.0
9,RF,751,2007,0.0,0.0,0.0,0.0,0.0
9,RF,751,2008,0.0,0.0,0.0,0.0,0.0
9,RF,751,2009,0.0,0.0,0.0,0.0,0.0
9,RF,751,2010,0.0,0.0,0.0,0.0,0.0
9,RF,751,2011,0.0,0.0,0.0,0.0,0.0
9,RF,751,2012,0.0,0.0,0.0,0.0,0.0
9,RF,751,2013,0.0,0.0,0.0,0.0,0.0
9,RF,751,2014,0.0,0.0,0.0,0.0,0.0
9,RF,751,2015,0.0,0.0,0.0,0.0,0.0
9,RF,751,2016,0.0,0.0,0.0,0.0,0.0
9,RF,751,2017,0.0,0.0,0.0,0.0,0.0
9,RF,751,2018,0.0,0.0,0.0,0.0,0.0
9,RF,751,2019,0.0,0.0,0.0,0.0,0.0
9,RF,751,2020,0.0,0.0,0.0,0.0,0.0
9,RF,751,2021,0.0,0.0,0.0,0.0,0.0
9,RF,751,2022,0.0,0.0,0.0,0.0,0.0
9,RF,752,1985,0.0,0.0,0.0,0.0,0.0
9,RF,752,1986,0.0,0.0,0.0,0.0,0.0
9,RF,752,1987,0.0,0.0,0.0,0.0,0.0
9,RF,752,1988,0.0,0.0,0.0,0.0,0.0
9,RF,752,1989,0.0,0.0,0.0,0.0,0.0
9,RF,752,1990,0.0,0.0,0.0,0.0,0.0
9,RF,752,1991,0.0,0.0,0.0,0.0,0.0
9,RF,752,1992,0.0,0.0,0.0,0.0,0.0
9,RF,752,1993,0.0,0.0,0.0,0.0,0.0
9,RF,752,1994,0.0,0.0,0.0,0.0,0.0
9,RF,752,1995,0.0,0.0,0.0,0.0,0.0
9,RF,752,1996,0.0,0.0,0.0,0.0,0.0
9,RF,752,1997,0.0,0.0,0.0,0.0,0.0
9,RF,752,1998,0.0,0.0,0.0,0.0,0.0
9,RF,752,1999,0.0,0.0,0.0,0.0,0.0
9,RF,752,2000,0.0,0.0,0.0,0.0,0.0
9,RF,752,2001,0.0,0.0,0.0,0.0,0.0
9,RF,752,2002,0.0,0.0,0.0,0.0,0.0
9,RF,752,2003,0.0,0.0,0.0,0.0,0.0
9,RF,752,2004,0.0,0.0,0.0,0.0,0.0
9,RF,752,2005,0.0,0.0,0.0,0.0,0.0
9,RF,752,2006,0.0,0.0,0.0,0.0,0.0
9,RF,752,2007,0.0,0.0,0.0,0.0,0.0
9,RF,752,2008,0.0,0.0,0.0,0.0,0.0
9,RF,752,2009,0.0,0.0,0.0,0.0,0.0
9,RF,752,2010,0.0,0.0,0.0,0.0,0.0
9,RF,752,2011,0.0,0.0,0.0,0.0,0.0
9,RF,752,2012,0.0,0.0,0.0,0.0,0.0
9,RF,752,2013,0.0,0.0,0.0,0.0,0.0
9,RF,752,2014,0.0,0.0,0.0,0.0,0.0
9,RF,752,2015,0.0,0.0,0.0,0.0,0.0
9,RF,752,2016,0.0,0.0,0.0,0.0,0.0
9,RF,752,2017,0.0,0.0,0.0,0.0,0.0
9,RF,752,2018,0.0,0.0,0.0,0.0,0.0
9,RF,752,2019,0.0,0.0,0.0,0.0,0.0
9,RF,752,2020,0.0,0.0,0.0,0.0,0.0
9,RF,752,2021,0.0,0.0,0.0,0.0,0.0
9,RF,752,2022,0.0,0.0,0.0,0.0,0.0
9,RF,7492,1985,0.0,0.0,0.0,0.0,0.0
9,RF,7492,1986,0.0,0.0,0.0,0.0,0.0
9,RF,7492,1987,0.0,0.0,0.0,0.0,0.0
9,RF,7492,1988,0.0,0.0,0.0,0.0,0.0
9,RF,7492,1989,0.0,0.0,0.0,0.0,0.0
9,RF,7492,1990,0.0,0.0,0.0,0.0,0.0
9,RF,7492,1991,0.0,0.0,0.0,0.0,0.0
9,RF,7492,1992,0.0,0.0,0.0,0.0,0.0
9,RF,7492,1993,0.0,0.0,0.0,0.0,0.0
9,RF,7492,1994,0.0,0.0,0.0,0.0,0.0
9,RF,7492,1995,0.0,0.0,0.0,0.0,0.0
9,RF,7492,1996,0.0,0.0,0.0,0.0,0.0
9,RF,7492,1997,0.0,0.0,0.0,0.0,0.0
9,RF,7492,1998,0.0,0.0,0.0,0.0,0.0
9,RF,7492,1999,0.0,0.0,0.0,0.0,0.0
9,RF,7492,2000,0.0,0.0,0.0,0.0,0.0
9,RF,7492,2001,0.0,0.0,0.0,0.0,0.0
9,RF,7492,2002,0.0,0.0,0.0,0.0,0.0
9,RF,7492,2003,0.0,0.0,0.0,0.0,0.0
9,RF,7492,2004,0.0,0.0,0.0,0.0,0.0
9,RF,7492,2005,0.0,0.0,0.0,0.0,0.0
9,RF,7492,2006,0.0,0.0,0.0,0.0,0.0
9,RF,7492,2007,0.0,0.0,0.0,0.0,0.0
9,RF,7492,2008,0.0,0.0,0.0,0.0,0.0
9,RF,7492,2009,0.0,0.0,0.0,0.0,0.0
9,RF,7492,2010,0.0,0.0,0.0,0.0,0.0
9,RF,7492,2011,0.0,0.0,0.0,0.0,0.0
9,RF,7492,2012,0.0,0.0,0.0,0.0,0.0
9,RF,7492,2013,0.0,0.0,0.0,0.0,0.0
9,RF,7492,2014,0.0,0.0,0.0,0.0,0.0
9,RF,7492,2015,0.0,0.0,0.0,0.0,0.0
9,RF,7492,2016,0.0,0.0,0.0,0.0,0.0
9,RF,7492,2017,0.0,0.0,0.0,0.0,0.0
9,RF,7492,2018,0.0,0.0,0.0,0.0,0.0
9,RF,7492,2019,0.0,0.0,0.0,0.0,0.0
9,RF,7492,2020,0.0,0.0,0.0,0.0,0.0
9,RF,7492,2021,0.0,0.0,0.0,0.0,0.0
9,RF,7492,2022,0.0,0.0,0.0,0.0,0.0
9,RF,753,1985,0.0,0.0,0.0,0.0,0.0
9,RF,753,1986,0.0,0.0,0.0,0.0,0.0
9,RF,753,1987,0.0,0.0,0.0,0.0,0.0
9,RF,753,1988,0.0,0.0,0.0,0.0,0.0
9,RF,753,1989,0.0,0.0,0.0,0.0,0.0
9,RF,753,1990,0.0,0.0,0.0,0.0,0.0
9,RF,753,1991,0.0,0.0,0.0,0.0,0.0
9,RF,753,1992,0.0,0.0,0.0,0.0,0.0
9,RF,753,1993,0.0,0.0,0.0,0.0,0.0
9,RF,753,1994,0.0,0.0,0.0,0.0,0.0
9,RF,753,1995,0.0,0.0,0.0,0.0,0.0
9,RF,753,1996,0.0,0.0,0.0,0.0,0.0
9,RF,753,1997,0.0,0.0,0.0,0.0,0.0
9,RF,753,1998,0.0,0.0,0.0,0.0,0.0
9,RF,753,1999,0.0,0.0,0.0,0.0,0.0
9,RF,753,2000,0.0,0.0,0.0,0.0,0.0
9,RF,753,2001,0.0,0.0,0.0,0.0,0.0
9,RF,753,2002,0.0,0.0,0.0,0.0,0.0
9,RF,753,2003,0.0,0.0,0.0,0.0,0.0
9,RF,753,2004,0.0,0.0,0.0,0.0,0.0
9,RF,753,2005,0.0,0.0,0.0,0.0,0.0
9,RF,753,2006,0.0,0.0,0.0,0.0,0.0
9,RF,753,2007,0.0,0.0,0.0,0.0,0.0
9,RF,753,2008,0.0,0.0,0.0,0.0,0.0
9,RF,753,2009,0.0,0.0,0.0,0.0,0.0
9,RF,753,2010,0.0,0.0,0.0,0.0,0.0
9,RF,753,2011,0.0,0.0,0.0,0.0,0.0
9,RF,753,2012,0.0,0.0,0.0,0.0,0.0
9,RF,753,2013,0.0,0.0,0.0,0.0,0.0
9,RF,753,2014,0.0,0.0,0.0,0.0,0.0
9,RF,753,2015,0.0,0.0,0.0,0.0,0.0
9,RF,753,2016,0.0,0.0,0.0,0.0,0.0
9,RF,753,2017,0.0,0.0,0.0,0.0,0.0
9,RF,753,2018,0.0,0.0,0.0,0.0,0.0
9,RF,753,2019,0.0,0.0,0.0,0.0,0.0
9,RF,753,2020,0.0,0.0,0.0,0.0,0.0
9,RF,753,2021,0.0,0.0,0.0,0.0,0.0
9,RF,753,2022,0.0,0.0,0.0,0.0,0.0
9,RF,754,1985,0.0,0.0,0.0,0.0,0.0
9,RF,754,1986,0.0,0.0,0.0,0.0,0.0
9,RF,754,1987,0.0,0.0,0.0,0.0,0.0
9,RF,754,1988,0.0,0.0,0.0,0.0,0.0
9,RF,754,1989,0.0,0.0,0.0,0.0,0.0
9,RF,754,1990,0.0,0.0,0.0,0.0,0.0
9,RF,754,1991,0.0,0.0,0.0,0.0,0.0
9,RF,754,1992,0.0,0.0,0.0,0.0,0.0
9,RF,754,1993,0.0,0.0,0.0,0.0,0.0
9,RF,754,1994,0.0,0.0,0.0,0.0,0.0
9,RF,754,1995,0.0,0.0,0.0,0.0,0.0
9,RF,754,1996,0.0,0.0,0.0,0.0,0.0
9,RF,754,1997,0.0,0.0,0.0,0.0,0.0
9,RF,754,1998,0.0,0.0,0.0,0.0,0.0
9,RF,754,1999,0.0,0.0,0.0,0.0,0.0
9,RF,754,2000,0.0,0.0,0.0,0.0,0.0
9,RF,754,2001,0.0,0.0,0.0,0.0,0.0
9,RF,754,2002,0.0,0.0,0.0,0.0,0.0
9,RF,754,2003,0.0,0.0,0.0,0.0,0.0
9,RF,754,2004,0.0,0.0,0.0,0.0,0.0
9,RF,754,2005,0.0,0.0,0.0,0.0,0.0
9,RF,754,2006,0.0,0.0,0.0,0.0,0.0
9,RF,754,2007,0.0,0.0,0.0,0.0,0.0
9,RF,754,2008,0.0,0.0,0.0,0.0,0.0
9,RF,754,2009,0.0,0.0,0.0,0.0,0.0
9,RF,754,2010,0.0,0.0,0.0,0.0,0.0
9,RF,754,2011,0.0,0.0,0.0,0.0,0.0
9,RF,754,2012,0.0,0.0,0.0,0.0,0.0
9,RF,754,2013,0.0,0.0,0.0,0.0,0.0
9,RF,754,2014,0.0,0.0,0.0,0.0,0.0
9,RF,754,2015,0.0,0.0,0.0,0.0,0.0
9,RF,754,2016,0.0,0.0,0.0,0.0,0.0
9,RF,754,2017,0.0,0.0,0.0,0.0,0.0
9,RF,754,2018,0.0,0.0,0.0,0.0,0.0
9,RF,754,2019,0.0,0.0,0.0,0.0,0.0
9,RF,754,2020,0.0,0.0,0.0,0.0,0.0
9,RF,754,2021,0.0,0.0,0.0,0.0,0.0
9,RF,754,2022,0.0,0.0,0.0,0.0,0.0
9,RF,755,1985,0.0,0.0,0.0,0.0,0.0
9,RF,755,1986,0.0,0.0,0.0,0.0,0.0
9,RF,755,1987,0.0,0.0,0.0,0.0,0.0
9,RF,755,1988,0.0,0.0,0.0,0.0,0.0
9,RF,755,1989,0.0,0.0,0.0,0.0,0.0
9,RF,755,1990,0.0,0.0,0.0,0.0,0.0
9,RF,755,1991,0.0,0.0,0.0,0.0,0.0
9,RF,755,1992,0.0,0.0,0.0,0.0,0.0
9,RF,755,1993,0.0,0.0,0.0,0.0,0.0
9,RF,755,1994,0.0,0.0,0.0,0.0,0.0
9,RF,755,1995,0.0,0.0,0.0,0.0,0.0
9,RF,755,1996,0.0,0.0,0.0,0.0,0.0
9,RF,755,1997,0.0,0.0,0.0,0.0,0.0
9,RF,755,1998,0.0,0.0,0.0,0.0,0.0
9,RF,755,1999,0.0,0.0,0.0,0.0,0.0
9,RF,755,2000,0.0,0.0,0.0,0.0,0.0
9,RF,755,2001,0.0,0.0,0.0,0.0,0.0
9,RF,755,2002,0.0,0.0,0.0,0.0,0.0
9,RF,755,2003,0.0,0.0,0.0,0.0,0.0
9,RF,755,2004,0.0,0.0,0.0,0.0,0.0
9,RF,755,2005,0.0,0.0,0.0,0.0,0.0
9,RF,755,2006,0.0,0.0,0.0,0.0,0.0
9,RF,755,2007,0.0,0.0,0.0,0.0,0.0
9,RF,755,2008,0.0,0.0,0.0,0.0,0.0
9,RF,755,2009,0.0,0.0,0.0,0.0,0.0
9,RF,755,2010,0.0,0.0,0.0,0.0,0.0
9,RF,755,2011,0.0,0.0,0.0,0.0,0.0
9,RF,755,2012,0.0,0.0,0.0,0.0,0.0
9,RF,755,2013,0.0,0.0,0.0,0.0,0.0
9,RF,755,2014,0.0,0.0,0.0,0.0,0.0
9,RF,755,2015,0.0,0.0,0.0,0.0,0.0
9,RF,755,2016,0.0,0.0,0.0,0.0,0.0
9,RF,755,2017,0.0,0.0,0.0,0.0,0.0
9,RF,755,2018,0.0,0.0,0.0,0.0,0.0
9,RF,755,2019,0.0,0.0,0.0,0.0,0.0
9,RF,755,2020,0.0,0.0,0.0,0.0,0.0
9,RF,755,2021,0.0,0.0,0.0,0.0,0.0
9,RF,755,2022,0.0,0.0,0.0,0.0,0.0
9,RF,756,1985,0.0,0.0,0.0,0.0,0.0
9,RF,756,1986,0.0,0.0,0.0,0.0,0.0
9,RF,756,1987,0.0,0.0,0.0,0.0,0.0
9,RF,756,1988,0.0,0.0,0.0,0.0,0.0
9,RF,756,1989,0.0,0.0,0.0,0.0,0.0
9,RF,756,1990,0.0,0.0,0.0,0.0,0.0
9,RF,756,1991,0.0,0.0,0.0,0.0,0.0
9,RF,756,1992,0.0,0.0,0.0,0.0,0.0
9,RF,756,1993,0.0,0.0,0.0,0.0,0.0
9,RF,756,1994,0.0,0.0,0.0,0.0,0.0
9,RF,756,1995,0.0,0.0,0.0,0.0,0.0
9,RF,756,1996,0.0,0.0,0.0,0.0,0.0
9,RF,756,1997,0.0,0.0,0.0,0.0,0.0
9,RF,756,1998,0.0,0.0,0.0,0.0,0.0
9,RF,756,1999,0.0,0.0,0.0,0.0,0.0
9,RF,756,2000,0.0,0.0,0.0,0.0,0.0
9,RF,756,2001,0.0,0.0,0.0,0.0,0.0
9,RF,756,2002,0.0,0.0,0.0,0.0,0.0
9,RF,756,2003,0.0,0.0,0.0,0.0,0.0
9,RF,756,2004,0.0,0.0,0.0,0.0,0.0
9,RF,756,2005,0.0,0.0,0.0,0.0,0.0
9,RF,756,2006,0.0,0.0,0.0,0.0,0.0
9,RF,756,2007,0.0,0.0,0.0,0.0,0.0
9,RF,756,2008,0.0,0.0,0.0,0.0,0.0
9,RF,756,2009,0.0,0.0,0.0,0.0,0.0
9,RF,756,2010,0.0,0.0,0.0,0.0,0.0
9,RF,756,2011,0.0,0.0,0.0,0.0,0.0
9,RF,756,2012,0.0,0.0,0.0,0.0,0.0
9,RF,756,2013,0.0,0.0,0.0,0.0,0.0
9,RF,756,2014,0.0,0.0,0.0,0.0,0.0
9,RF,756,2015,0.0,0.0,0.0,0.0,0.0
9,RF,756,2016,0.0,0.0,0.0,0.0,0.0
9,RF,756,2017,0.0,0.0,0.0,0.0,0.0
9,RF,756,2018,0.0,0.0,0.0,0.0,0.0
9,RF,756,2019,0.0,0.0,0.0,0.0,0.0
9,RF,756,2020,0.0,0.0,0.0,0.0,0.0
9,RF,756,2021,0.0,0.0,0.0,0.0,0.0
9,RF,756,2022,0.0,0.0,0.0,0.0,0.0
9,RF,757,1985,0.0,0.0,0.0,0.0,0.0
9,RF,757,1986,0.0,0.0,0.0,0.0,0.0
9,RF,757,1987,0.0,0.0,0.0,0.0,0.0
9,RF,757,1988,0.0,0.0,0.0,0.0,0.0
9,RF,757,1989,0.0,0.0,0.0,0.0,0.0
9,RF,757,1990,0.0,0.0,0.0,0.0,0.0
9,RF,757,1991,0.0,0.0,0.0,0.0,0.0
9,RF,757,1992,0.0,0.0,0.0,0.0,0.0
9,RF,757,1993,0.0,0.0,0.0,0.0,0.0
9,RF,757,1994,0.0,0.0,0.0,0.0,0.0
9,RF,757,1995,0.0,0.0,0.0,0.0,0.0
9,RF,757,1996,0.0,0.0,0.0,0.0,0.0
9,RF,757,1997,0.0,0.0,0.0,0.0,0.0
9,RF,757,1998,0.0,0.0,0.0,0.0,0.0
9,RF,757,1999,0.0,0.0,0.0,0.0,0.0
9,RF,757,2000,0.0,0.0,0.0,0.0,0.0
9,RF,757,2001,0.0,0.0,0.0,0.0,0.0
9,RF,757,2002,0.0,0.0,0.0,0.0,0.0
9,RF,757,2003,0.0,0.0,0.0,0.0,0.0
9,RF,757,2004,0.0,0.0,0.0,0.0,0.0
9,RF,757,2005,0.0,0.0,0.0,0.0,0.0
9,RF,757,2006,0.0,0.0,0.0,0.0,0.0
9,RF,757,2007,0.0,0.0,0.0,0.0,0.0
9,RF,757,2008,0.0,0.0,0.0,0.0,0.0
9,RF,757,2009,0.0,0.0,0.0,0.0,0.0
9,RF,757,2010,0.0,0.0,0.0,0.0,0.0
9,RF,757,2011,0.0,0.0,0.0,0.0,0.0
9,RF,757,2012,0.0,0.0,0.0,0.0,0.0
9,RF,757,2013,0.0,0.0,0.0,0.0,0.0
9,RF,757,2014,0.0,0.0,0.0,0.0,0.0
9,RF,757,2015,0.0,0.0,0.0,0.0,0.0
9,RF,757,2016,0.0,0.0,0.0,0.0,0.0
9,RF,757,2017,0.0,0.0,0.0,0.0,0.0
9,RF,757,2018,0.0,0.0,0.0,0.0,0.0
9,RF,757,2019,0.0,0.0,0.0,0.0,0.0
9,RF,757,2020,0.0,0.0,0.0,0.0,0.0
9,RF,757,2021,0.0,0.0,0.0,0.0,0.0
9,RF,757,2022,0.0,0.0,0.0,0.0,0.0
9,RF,758,1985,0.0,0.0,0.0,0.0,0.0
9,RF,758,1986,0.0,0.0,0.0,0.0,0.0
9,RF,758,1987,0.0,0.0,0.0,0.0,0.0
9,RF,758,1988,0.0,0.0,0.0,0.0,0.0
9,RF,758,1989,0.0,0.0,0.0,0.0,0.0
9,RF,758,1990,0.0,0.0,0.0,0.0,0.0
9,RF,758,1991,0.0,0.0,0.0,0.0,0.0
9,RF,758,1992,0.0,0.0,0.0,0.0,0.0
9,RF,758,1993,0.0,0.0,0.0,0.0,0.0
9,RF,758,1994,0.0,0.0,0.0,0.0,0.0
9,RF,758,1995,0.0,0.0,0.0,0.0,0.0
9,RF,758,1996,0.0,0.0,0.0,0.0,0.0
9,RF,758,1997,0.0,0.0,0.0,0.0,0.0
9,RF,758,1998,0.0,0.0,0.0,0.0,0.0
9,RF,758,1999,0.0,0.0,0.0,0.0,0.0
9,RF,758,2000,0.0,0.0,0.0,0.0,0.0
9,RF,758,2001,0.0,0.0,0.0,0.0,0.0
9,RF,758,2002,0.0,0.0,0.0,0.0,0.0
9,RF,758,2003,0.0,0.0,0.0,0.0,0.0
9,RF,758,2004,0.0,0.0,0.0,0.0,0.0
9,RF,758,2005,0.0,0.0,0.0,0.0,0.0
9,RF,758,2006,0.0,0.0,0.0,0.0,0.0
9,RF,758,2007,0.0,0.0,0.0,0.0,0.0
9,RF,758,2008,0.0,0.0,0.0,0.0,0.0
9,RF,758,2009,0.0,0.0,0.0,0.0,0.0
9,RF,758,2010,0.0,0.0,0.0,0.0,0.0
9,RF,758,2011,0.0,0.0,0.0,0.0,0.0
9,RF,758,2012,0.0,0.0,0.0,0.0,0.0
9,RF,758,2013,0.0,0.0,0.0,0.0,0.0
9,RF,758,2014,0.0,0.0,0.0,0.0,0.0
9,RF,758,2015,0.0,0.0,0.0,0.0,0.0
9,RF,758,2016,0.0,0.0,0.0,0.0,0.0
9,RF,758,2017,0.0,0.0,0.0,0.0,0.0
9,RF,758,2018,0.0,0.0,0.0,0.0,0.0
9,RF,758,2019,0.0,0.0,0.0,0.0,0.0
9,RF,758,2020,0.0,0.0,0.0,0.0,0.0
9,RF,758,2021,0.0,0.0,0.0,0.0,0.0
9,RF,758,2022,0.0,0.0,0.0,0.0,0.0
9,RF,759,1985,0.0,0.0,0.0,0.0,0.0
9,RF,759,1986,0.0,0.0,0.0,0.0,0.0
9,RF,759,1987,0.0,0.0,0.0,0.0,0.0
9,RF,759,1988,0.0,0.0,0.0,0.0,0.0
9,RF,759,1989,0.0,0.0,0.0,0.0,0.0
9,RF,759,1990,0.0,0.0,0.0,0.0,0.0
9,RF,759,1991,0.0,0.0,0.0,0.0,0.0
9,RF,759,1992,0.0,0.0,0.0,0.0,0.0
9,RF,759,1993,0.0,0.0,0.0,0.0,0.0
9,RF,759,1994,0.0,0.0,0.0,0.0,0.0
9,RF,759,1995,0.0,0.0,0.0,0.0,0.0
9,RF,759,1996,0.0,0.0,0.0,0.0,0.0
9,RF,759,1997,0.0,0.0,0.0,0.0,0.0
9,RF,759,1998,0.0,0.0,0.0,0.0,0.0
9,RF,759,1999,0.0,0.0,0.0,0.0,0.0
9,RF,759,2000,0.0,0.0,0.0,0.0,0.0
9,RF,759,2001,0.0,0.0,0.0,0.0,0.0
9,RF,759,2002,0.0,0.0,0.0,0.0,0.0
9,RF,759,2003,0.0,0.0,0.0,0.0,0.0
9,RF,759,2004,0.0,0.0,0.0,0.0,0.0
9,RF,759,2005,0.0,0.0,0.0,0.0,0.0
9,RF,759,2006,0.0,0.0,0.0,0.0,0.0
9,RF,759,2007,0.0,0.0,0.0,0.0,0.0
9,RF,759,2008,0.0,0.0,0.0,0.0,0.0
9,RF,759,2009,0.0,0.0,0.0,0.0,0.0
9,RF,759,2010,0.0,0.0,0.0,0.0,0.0
9,RF,759,2011,0.0,0.0,0.0,0.0,0.0
9,RF,759,2012,0.0,0.0,0.0,0.0,0.0
9,RF,759,2013,0.0,0.0,0.0,0.0,0.0
9,RF,759,2014,0.0,0.0,0.0,0.0,0.0
9,RF,759,2015,0.0,0.0,0.0,0.0,0.0
9,RF,759,2016,0.0,0.0,0.0,0.0,0.0
9,RF,759,2017,0.0,0.0,0.0,0.0,0.0
9,RF,759,2018,0.0,0.0,0.0,0.0,0.0
9,RF,759,2019,0.0,0.0,0.0,0.0,0.0
9,RF,759,2020,0.0,0.0,0.0,0.0,0.0
9,RF,759,2021,0.0,0.0,0.0,0.0,0.0
9,RF,759,2022,0.0,0.0,0.0,0.0,0.0
9,RF,7621,1985,0.0,0.0,0.0,0.0,0.0
9,RF,7621,1986,0.0,0.0,0.0,0.0,0.0
9,RF,7621,1987,0.0,0.0,0.0,0.0,0.0
9,RF,7621,1988,0.0,0.0,0.0,0.0,0.0
9,RF,7621,1989,0.0,0.0,0.0,0.0,0.0
9,RF,7621,1990,0.0,0.0,0.0,0.0,0.0
9,RF,7621,1991,0.0,0.0,0.0,0.0,0.0
9,RF,7621,1992,0.0,0.0,0.0,0.0,0.0
9,RF,7621,1993,0.0,0.0,0.0,0.0,0.0
9,RF,7621,1994,0.0,0.0,0.0,0.0,0.0
9,RF,7621,1995,0.0,0.0,0.0,0.0,0.0
9,RF,7621,1996,0.0,0.0,0.0,0.0,0.0
9,RF,7621,1997,0.0,0.0,0.0,0.0,0.0
9,RF,7621,1998,0.0,0.0,0.0,0.0,0.0
9,RF,7621,1999,0.0,0.0,0.0,0.0,0.0
9,RF,7621,2000,0.0,0.0,0.0,0.0,0.0
9,RF,7621,2001,0.0,0.0,0.0,0.0,0.0
9,RF,7621,2002,0.0,0.0,0.0,0.0,0.0
9,RF,7621,2003,0.0,0.0,0.0,0.0,0.0
9,RF,7621,2004,0.0,0.0,0.0,0.0,0.0
9,RF,7621,2005,0.0,0.0,0.0,0.0,0.0
9,RF,7621,2006,0.0,0.0,0.0,0.0,0.0
9,RF,7621,2007,0.0,0.0,0.0,0.0,0.0
9,RF,7621,2008,0.0,0.0,0.0,0.0,0.0
9,RF,7621,2009,0.0,0.0,0.0,0.0,0.0
9,RF,7621,2010,0.0,0.0,0.0,0.0,0.0
9,RF,7621,2011,0.0,0.0,0.0,0.0,0.0
9,RF,7621,2012,0.0,0.0,0.0,0.0,0.0
9,RF,7621,2013,0.0,0.0,0.0,0.0,0.0
9,RF,7621,2014,0.0,0.0,0.0,0.0,0.0
9,RF,7621,2015,0.0,0.0,0.0,0.0,0.0
9,RF,7621,2016,0.0,0.0,0.0,0.0,0.0
9,RF,7621,2017,0.0,0.0,0.0,0.0,0.0
9,RF,7621,2018,0.0,0.0,0.0,0.0,0.0
9,RF,7621,2019,0.0,0.0,0.0,0.0,0.0
9,RF,7621,2020,0.0,0.0,0.0,0.0,0.0
9,RF,7621,2021,0.0,0.0,0.0,0.0,0.0
9,RF,7621,2022,0.0,0.0,0.0,0.0,0.0
9,RF,7622,1985,0.0,0.0,0.0,0.0,0.0
9,RF,7622,1986,0.0,0.0,0.0,0.0,0.0
9,RF,7622,1987,0.0,0.0,0.0,0.0,0.0
9,RF,7622,1988,0.0,0.0,0.0,0.0,0.0
9,RF,7622,1989,0.0,0.0,0.0,0.0,0.0
9,RF,7622,1990,0.0,0.0,0.0,0.0,0.0
9,RF,7622,1991,0.0,0.0,0.0,0.0,0.0
9,RF,7622,1992,0.0,0.0,0.0,0.0,0.0
9,RF,7622,1993,0.0,0.0,0.0,0.0,0.0
9,RF,7622,1994,0.0,0.0,0.0,0.0,0.0
9,RF,7622,1995,0.0,0.0,0.0,0.0,0.0
9,RF,7622,1996,0.0,0.0,0.0,0.0,0.0
9,RF,7622,1997,0.0,0.0,0.0,0.0,0.0
9,RF,7622,1998,0.0,0.0,0.0,0.0,0.0
9,RF,7622,1999,0.0,0.0,0.0,0.0,0.0
9,RF,7622,2000,0.0,0.0,0.0,0.0,0.0
9,RF,7622,2001,0.0,0.0,0.0,0.0,0.0
9,RF,7622,2002,0.0,0.0,0.0,0.0,0.0
9,RF,7622,2003,0.0,0.0,0.0,0.0,0.0
9,RF,7622,2004,0.0,0.0,0.0,0.0,0.0
9,RF,7622,2005,0.0,0.0,0.0,0.0,0.0
9,RF,7622,2006,0.0,0.0,0.0,0.0,0.0
9,RF,7622,2007,0.0,0.0,0.0,0.0,0.0
9,RF,7622,2008,0.0,0.0,0.0,0.0,0.0
9,RF,7622,2009,0.0,0.0,0.0,0.0,0.0
9,RF,7622,2010,0.0,0.0,0.0,0.0,0.0
9,RF,7622,2011,0.0,0.0,0.0,0.0,0.0
9,RF,7622,2012,0.0,0.0,0.0,0.0,0.0
9,RF,7622,2013,0.0,0.0,0.0,0.0,0.0
9,RF,7622,2014,0.0,0.0,0.0,0.0,0.0
9,RF,7622,2015,0.0,0.0,0.0,0.0,0.0
9,RF,7622,2016,0.0,0.0,0.0,0.0,0.0
9,RF,7622,2017,0.0,0.0,0.0,0.0,0.0
9,RF,7622,2018,0.0,0.0,0.0,0.0,0.0
9,RF,7622,2019,0.0,0.0,0.0,0.0,0.0
9,RF,7622,2020,0.0,0.0,0.0,0.0,0.0
9,RF,7622,2021,0.0,0.0,0.0,0.0,0.0
9,RF,7622,2022,0.0,0.0,0.0,0.0,0.0
9,RF,763,1985,0.0,0.0,0.0,0.0,0.0
9,RF,763,1986,0.0,0.0,0.0,0.0,0.0
9,RF,763,1987,0.0,0.0,0.0,0.0,0.0
9,RF,763,1988,0.0,0.0,0.0,0.0,0.0
9,RF,763,1989,0.0,0.0,0.0,0.0,0.0
9,RF,763,1990,0.0,0.0,0.0,0.0,0.0
9,RF,763,1991,0.0,0.0,0.0,0.0,0.0
9,RF,763,1992,0.0,0.0,0.0,0.0,0.0
9,RF,763,1993,0.0,0.0,0.0,0.0,0.0
9,RF,763,1994,0.0,0.0,0.0,0.0,0.0
9,RF,763,1995,0.0,0.0,0.0,0.0,0.0
9,RF,763,1996,0.0,0.0,0.0,0.0,0.0
9,RF,763,1997,0.0,0.0,0.0,0.0,0.0
9,RF,763,1998,0.0,0.0,0.0,0.0,0.0
9,RF,763,1999,0.0,0.0,0.0,0.0,0.0
9,RF,763,2000,0.0,0.0,0.0,0.0,0.0
9,RF,763,2001,0.0,0.0,0.0,0.0,0.0
9,RF,763,2002,0.0,0.0,0.0,0.0,0.0
9,RF,763,2003,0.0,0.0,0.0,0.0,0.0
9,RF,763,2004,0.0,0.0,0.0,0.0,0.0
9,RF,763,2005,0.0,0.0,0.0,0.0,0.0
9,RF,763,2006,0.0,0.0,0.0,0.0,0.0
9,RF,763,2007,0.0,0.0,0.0,0.0,0.0
9,RF,763,2008,0.0,0.0,0.0,0.0,0.0
9,RF,763,2009,0.0,0.0,0.0,0.0,0.0
9,RF,763,2010,0.0,0.0,0.0,0.0,0.0
9,RF,763,2011,0.0,0.0,0.0,0.0,0.0
9,RF,763,2012,0.0,0.0,0.0,0.0,0.0
9,RF,763,2013,0.0,0.0,0.0,0.0,0.0
9,RF,763,2014,0.0,0.0,0.0,0.0,0.0
9,RF,763,2015,0.0,0.0,0.0,0.0,0.0
9,RF,763,2016,0.0,0.0,0.0,0.0,0.0
9,RF,763,2017,0.0,0.0,0.0,0.0,0.0
9,RF,763,2018,0.0,0.0,0.0,0.0,0.0
9,RF,763,2019,0.0,0.0,0.0,0.0,0.0
9,RF,763,2020,0.0,0.0,0.0,0.0,0.0
9,RF,763,2021,0.0,0.0,0.0,0.0,0.0
9,RF,763,2022,0.0,0.0,0.0,0.0,0.0
9,RF,764,1985,0.0,0.0,0.0,0.0,0.0
9,RF,764,1986,0.0,0.0,0.0,0.0,0.0
9,RF,764,1987,0.0,0.0,0.0,0.0,0.0
9,RF,764,1988,0.0,0.0,0.0,0.0,0.0
9,RF,764,1989,0.0,0.0,0.0,0.0,0.0
9,RF,764,1990,0.0,0.0,0.0,0.0,0.0
9,RF,764,1991,0.0,0.0,0.0,0.0,0.0
9,RF,764,1992,0.0,0.0,0.0,0.0,0.0
9,RF,764,1993,0.0,0.0,0.0,0.0,0.0
9,RF,764,1994,0.0,0.0,0.0,0.0,0.0
9,RF,764,1995,0.0,0.0,0.0,0.0,0.0
9,RF,764,1996,0.0,0.0,0.0,0.0,0.0
9,RF,764,1997,0.0,0.0,0.0,0.0,0.0
9,RF,764,1998,0.0,0.0,0.0,0.0,0.0
9,RF,764,1999,0.0,0.0,0.0,0.0,0.0
9,RF,764,2000,0.0,0.0,0.0,0.0,0.0
9,RF,764,2001,0.0,0.0,0.0,0.0,0.0
9,RF,764,2002,0.0,0.0,0.0,0.0,0.0
9,RF,764,2003,0.0,0.0,0.0,0.0,0.0
9,RF,764,2004,0.0,0.0,0.0,0.0,0.0
9,RF,764,2005,0.0,0.0,0.0,0.0,0.0
9,RF,764,2006,0.0,0.0,0.0,0.0,0.0
9,RF,764,2007,0.0,0.0,0.0,0.0,0.0
9,RF,764,2008,0.0,0.0,0.0,0.0,0.0
9,RF,764,2009,0.0,0.0,0.0,0.0,0.0
9,RF,764,2010,0.0,0.0,0.0,0.0,0.0
9,RF,764,2011,0.0,0.0,0.0,0.0,0.0
9,RF,764,2012,0.0,0.0,0.0,0.0,0.0
9,RF,764,2013,0.0,0.0,0.0,0.0,0.0
9,RF,764,2014,0.0,0.0,0.0,0.0,0.0
9,RF,764,2015,0.0,0.0,0.0,0.0,0.0
9,RF,764,2016,0.0,0.0,0.0,0.0,0.0
9,RF,764,2017,0.0,0.0,0.0,0.0,0.0
9,RF,764,2018,0.0,0.0,0.0,0.0,0.0
9,RF,764,2019,0.0,0.0,0.0,0.0,0.0
9,RF,764,2020,0.0,0.0,0.0,0.0,0.0
9,RF,764,2021,0.0,0.0,0.0,0.0,0.0
9,RF,764,2022,0.0,0.0,0.0,0.0,0.0
9,RF,765,1985,0.0,0.0,0.0,0.0,0.0
9,RF,765,1986,0.0,0.0,0.0,0.0,0.0
9,RF,765,1987,0.0,0.0,0.0,0.0,0.0
9,RF,765,1988,0.0,0.0,0.0,0.0,0.0
9,RF,765,1989,0.0,0.0,0.0,0.0,0.0
9,RF,765,1990,0.0,0.0,0.0,0.0,0.0
9,RF,765,1991,0.0,0.0,0.0,0.0,0.0
9,RF,765,1992,0.0,0.0,0.0,0.0,0.0
9,RF,765,1993,0.0,0.0,0.0,0.0,0.0
9,RF,765,1994,0.0,0.0,0.0,0.0,0.0
9,RF,765,1995,0.0,0.0,0.0,0.0,0.0
9,RF,765,1996,0.0,0.0,0.0,0.0,0.0
9,RF,765,1997,0.0,0.0,0.0,0.0,0.0
9,RF,765,1998,0.0,0.0,0.0,0.0,0.0
9,RF,765,1999,0.0,0.0,0.0,0.0,0.0
9,RF,765,2000,0.0,0.0,0.0,0.0,0.0
9,RF,765,2001,0.0,0.0,0.0,0.0,0.0
9,RF,765,2002,0.0,0.0,0.0,0.0,0.0
9,RF,765,2003,0.0,0.0,0.0,0.0,0.0
9,RF,765,2004,0.0,0.0,0.0,0.0,0.0
9,RF,765,2005,0.0,0.0,0.0,0.0,0.0
9,RF,765,2006,0.0,0.0,0.0,0.0,0.0
9,RF,765,2007,0.0,0.0,0.0,0.0,0.0
9,RF,765,2008,0.0,0.0,0.0,0.0,0.0
9,RF,765,2009,0.0,0.0,0.0,0.0,0.0
9,RF,765,2010,0.0,0.0,0.0,0.0,0.0
9,RF,765,2011,0.0,0.0,0.0,0.0,0.0
9,RF,765,2012,0.0,0.0,0.0,0.0,0.0
9,RF,765,2013,0.0,0.0,0.0,0.0,0.0
9,RF,765,2014,0.0,0.0,0.0,0.0,0.0
9,RF,765,2015,0.0,0.0,0.0,0.0,0.0
9,RF,765,2016,0.0,0.0,0.0,0.0,0.0
9,RF,765,2017,0.0,0.0,0.0,0.0,0.0
9,RF,765,2018,0.0,0.0,0.0,0.0,0.0
9,RF,765,2019,0.0,0.0,0.0,0.0,0.0
9,RF,765,2020,0.0,0.0,0.0,0.0,0.0
9,RF,765,2021,0.0,0.0,0.0,0.0,0.0
9,RF,765,2022,0.0,0.0,0.0,0.0,0.0
9,RF,766,1985,0.0,0.0,0.0,0.0,0.0
9,RF,766,1986,0.0,0.0,0.0,0.0,0.0
9,RF,766,1987,0.0,0.0,0.0,0.0,0.0
9,RF,766,1988,0.0,0.0,0.0,0.0,0.0
9,RF,766,1989,0.0,0.0,0.0,0.0,0.0
9,RF,766,1990,0.0,0.0,0.0,0.0,0.0
9,RF,766,1991,0.0,0.0,0.0,0.0,0.0
9,RF,766,1992,0.0,0.0,0.0,0.0,0.0
9,RF,766,1993,0.0,0.0,0.0,0.0,0.0
9,RF,766,1994,0.0,0.0,0.0,0.0,0.0
9,RF,766,1995,0.0,0.0,0.0,0.0,0.0
9,RF,766,1996,0.0,0.0,0.0,0.0,0.0
9,RF,766,1997,0.0,0.0,0.0,0.0,0.0
9,RF,766,1998,0.0,0.0,0.0,0.0,0.0
9,RF,766,1999,0.0,0.0,0.0,0.0,0.0
9,RF,766,2000,0.0,0.0,0.0,0.0,0.0
9,RF,766,2001,0.0,0.0,0.0,0.0,0.0
9,RF,766,2002,0.0,0.0,0.0,0.0,0.0
9,RF,766,2003,0.0,0.0,0.0,0.0,0.0
9,RF,766,2004,0.0,0.0,0.0,0.0,0.0
9,RF,766,2005,0.0,0.0,0.0,0.0,0.0
9,RF,766,2006,0.0,0.0,0.0,0.0,0.0
9,RF,766,2007,0.0,0.0,0.0,0.0,0.0
9,RF,766,2008,0.0,0.0,0.0,0.0,0.0
9,RF,766,2009,0.0,0.0,0.0,0.0,0.0
9,RF,766,2010,0.0,0.0,0.0,0.0,0.0
9,RF,766,2011,0.0,0.0,0.0,0.0,0.0
9,RF,766,2012,0.0,0.0,0.0,0.0,0.0
9,RF,766,2013,0.0,0.0,0.0,0.0,0.0
9,RF,766,2014,0.0,0.0,0.0,0.0,0.0
9,RF,766,2015,0.0,0.0,0.0,0.0,0.0
9,RF,766,2016,0.0,0.0,0.0,0.0,0.0
9,RF,766,2017,0.0,0.0,0.0,0.0,0.0
9,RF,766,2018,0.0,0.0,0.0,0.0,0.0
9,RF,766,2019,0.0,0.0,0.0,0.0,0.0
9,RF,766,2020,0.0,0.0,0.0,0.0,0.0
9,RF,766,2021,0.0,0.0,0.0,0.0,0.0
9,RF,766,2022,0.0,0.0,0.0,0.0,0.0
9,RF,767,1985,0.0,0.0,0.0,0.0,0.0
9,RF,767,1986,0.0,0.0,0.0,0.0,0.0
9,RF,767,1987,0.0,0.0,0.0,0.0,0.0
9,RF,767,1988,0.0,0.0,0.0,0.0,0.0
9,RF,767,1989,0.0,0.0,0.0,0.0,0.0
9,RF,767,1990,0.0,0.0,0.0,0.0,0.0
9,RF,767,1991,0.0,0.0,0.0,0.0,0.0
9,RF,767,1992,0.0,0.0,0.0,0.0,0.0
9,RF,767,1993,0.0,0.0,0.0,0.0,0.0
9,RF,767,1994,0.0,0.0,0.0,0.0,0.0
9,RF,767,1995,0.0,0.0,0.0,0.0,0.0
9,RF,767,1996,0.0,0.0,0.0,0.0,0.0
9,RF,767,1997,0.0,0.0,0.0,0.0,0.0
9,RF,767,1998,0.0,0.0,0.0,0.0,0.0
9,RF,767,1999,0.0,0.0,0.0,0.0,0.0
9,RF,767,2000,0.0,0.0,0.0,0.0,0.0
9,RF,767,2001,0.0,0.0,0.0,0.0,0.0
9,RF,767,2002,0.0,0.0,0.0,0.0,0.0
9,RF,767,2003,0.0,0.0,0.0,0.0,0.0
9,RF,767,2004,0.0,0.0,0.0,0.0,0.0
9,RF,767,2005,0.0,0.0,0.0,0.0,0.0
9,RF,767,2006,0.0,0.0,0.0,0.0,0.0
9,RF,767,2007,0.0,0.0,0.0,0.0,0.0
9,RF,767,2008,0.0,0.0,0.0,0.0,0.0
9,RF,767,2009,0.0,0.0,0.0,0.0,0.0
9,RF,767,2010,0.0,0.0,0.0,0.0,0.0
9,RF,767,2011,0.0,0.0,0.0,0.0,0.0
9,RF,767,2012,0.0,0.0,0.0,0.0,0.0
9,RF,767,2013,0.0,0.0,0.0,0.0,0.0
9,RF,767,2014,0.0,0.0,0.0,0.0,0.0
9,RF,767,2015,0.0,0.0,0.0,0.0,0.0
9,RF,767,2016,0.0,0.0,0.0,0.0,0.0
9,RF,767,2017,0.0,0.0,0.0,0.0,0.0
9,RF,767,2018,0.0,0.0,0.0,0.0,0.0
9,RF,767,2019,0.0,0.0,0.0,0.0,0.0
9,RF,767,2020,0.0,0.0,0.0,0.0,0.0
9,RF,767,2021,0.0,0.0,0.0,0.0,0.0
9,RF,767,2022,0.0,0.0,0.0,0.0,0.0
9,RF,771,1985,0.0,0.0,0.0,0.0,0.0
9,RF,771,1986,0.0,0.0,0.0,0.0,0.0
9,RF,771,1987,0.0,0.0,0.0,0.0,0.0
9,RF,771,1988,0.0,0.0,0.0,0.0,0.0
9,RF,771,1989,0.0,0.0,0.0,0.0,0.0
9,RF,771,1990,0.0,0.0,0.0,0.0,0.0
9,RF,771,1991,0.0,0.0,0.0,0.0,0.0
9,RF,771,1992,0.0,0.0,0.0,0.0,0.0
9,RF,771,1993,0.0,0.0,0.0,0.0,0.0
9,RF,771,1994,0.0,0.0,0.0,0.0,0.0
9,RF,771,1995,0.0,0.0,0.0,0.0,0.0
9,RF,771,1996,0.0,0.0,0.0,0.0,0.0
9,RF,771,1997,0.0,0.0,0.0,0.0,0.0
9,RF,771,1998,0.0,0.0,0.0,0.0,0.0
9,RF,771,1999,0.0,0.0,0.0,0.0,0.0
9,RF,771,2000,0.0,0.0,0.0,0.0,0.0
9,RF,771,2001,0.0,0.0,0.0,0.0,0.0
9,RF,771,2002,0.0,0.0,0.0,0.0,0.0
9,RF,771,2003,0.0,0.0,0.0,0.0,0.0
9,RF,771,2004,0.0,0.0,0.0,0.0,0.0
9,RF,771,2005,0.0,0.0,0.0,0.0,0.0
9,RF,771,2006,0.0,0.0,0.0,0.0,0.0
9,RF,771,2007,0.0,0.0,0.0,0.0,0.0
9,RF,771,2008,0.0,0.0,0.0,0.0,0.0
9,RF,771,2009,0.0,0.0,0.0,0.0,0.0
9,RF,771,2010,0.0,0.0,0.0,0.0,0.0
9,RF,771,2011,0.0,0.0,0.0,0.0,0.0
9,RF,771,2012,0.0,0.0,0.0,0.0,0.0
9,RF,771,2013,0.0,0.0,0.0,0.0,0.0
9,RF,771,2014,0.0,0.0,0.0,0.0,0.0
9,RF,771,2015,0.0,0.0,0.0,0.0,0.0
9,RF,771,2016,0.0,0.0,0.0,0.0,0.0
9,RF,771,2017,0.0,0.0,0.0,0.0,0.0
9,RF,771,2018,0.0,0.0,0.0,0.0,0.0
9,RF,771,2019,0.0,0.0,0.0,0.0,0.0
9,RF,771,2020,0.0,0.0,0.0,0.0,0.0
9,RF,771,2021,0.0,0.0,0.0,0.0,0.0
9,RF,771,2022,0.0,0.0,0.0,0.0,0.0
9,RF,772,1985,0.0,0.0,0.0,0.0,0.0
9,RF,772,1986,0.0,0.0,0.0,0.0,0.0
9,RF,772,1987,0.0,0.0,0.0,0.0,0.0
9,RF,772,1988,0.0,0.0,0.0,0.0,0.0
9,RF,772,1989,0.0,0.0,0.0,0.0,0.0
9,RF,772,1990,0.0,0.0,0.0,0.0,0.0
9,RF,772,1991,0.0,0.0,0.0,0.0,0.0
9,RF,772,1992,0.0,0.0,0.0,0.0,0.0
9,RF,772,1993,0.0,0.0,0.0,0.0,0.0
9,RF,772,1994,0.0,0.0,0.0,0.0,0.0
9,RF,772,1995,0.0,0.0,0.0,0.0,0.0
9,RF,772,1996,0.0,0.0,0.0,0.0,0.0
9,RF,772,1997,0.0,0.0,0.0,0.0,0.0
9,RF,772,1998,0.0,0.0,0.0,0.0,0.0
9,RF,772,1999,0.0,0.0,0.0,0.0,0.0
9,RF,772,2000,0.0,0.0,0.0,0.0,0.0
9,RF,772,2001,0.0,0.0,0.0,0.0,0.0
9,RF,772,2002,0.0,0.0,0.0,0.0,0.0
9,RF,772,2003,0.0,0.0,0.0,0.0,0.0
9,RF,772,2004,0.0,0.0,0.0,0.0,0.0
9,RF,772,2005,0.0,0.0,0.0,0.0,0.0
9,RF,772,2006,0.0,0.0,0.0,0.0,0.0
9,RF,772,2007,0.0,0.0,0.0,0.0,0.0
9,RF,772,2008,0.0,0.0,0.0,0.0,0.0
9,RF,772,2009,0.0,0.0,0.0,0.0,0.0
9,RF,772,2010,0.0,0.0,0.0,0.0,0.0
9,RF,772,2011,0.0,0.0,0.0,0.0,0.0
9,RF,772,2012,0.0,0.0,0.0,0.0,0.0
9,RF,772,2013,0.0,0.0,0.0,0.0,0.0
9,RF,772,2014,0.0,0.0,0.0,0.0,0.0
9,RF,772,2015,0.0,0.0,0.0,0.0,0.0
9,RF,772,2016,0.0,0.0,0.0,0.0,0.0
9,RF,772,2017,0.0,0.0,0.0,0.0,0.0
9,RF,772,2018,0.0,0.0,0.0,0.0,0.0
9,RF,772,2019,0.0,0.0,0.0,0.0,0.0
9,RF,772,2020,0.0,0.0,0.0,0.0,0.0
9,RF,772,2021,0.0,0.0,0.0,0.0,0.0
9,RF,772,2022,0.0,0.0,0.0,0.0,0.0
9,RF,773,1985,0.0,0.0,0.0,0.0,0.0
9,RF,773,1986,0.0,0.0,0.0,0.0,0.0
9,RF,773,1987,0.0,0.0,0.0,0.0,0.0
9,RF,773,1988,0.0,0.0,0.0,0.0,0.0
9,RF,773,1989,0.0,0.0,0.0,0.0,0.0
9,RF,773,1990,0.0,0.0,0.0,0.0,0.0
9,RF,773,1991,0.0,0.0,0.0,0.0,0.0
9,RF,773,1992,0.0,0.0,0.0,0.0,0.0
9,RF,773,1993,0.0,0.0,0.0,0.0,0.0
9,RF,773,1994,0.0,0.0,0.0,0.0,0.0
9,RF,773,1995,0.0,0.0,0.0,0.0,0.0
9,RF,773,1996,0.0,0.0,0.0,0.0,0.0
9,RF,773,1997,0.0,0.0,0.0,0.0,0.0
9,RF,773,1998,0.0,0.0,0.0,0.0,0.0
9,RF,773,1999,0.0,0.0,0.0,0.0,0.0
9,RF,773,2000,0.0,0.0,0.0,0.0,0.0
9,RF,773,2001,0.0,0.0,0.0,0.0,0.0
9,RF,773,2002,0.0,0.0,0.0,0.0,0.0
9,RF,773,2003,0.0,0.0,0.0,0.0,0.0
9,RF,773,2004,0.0,0.0,0.0,0.0,0.0
9,RF,773,2005,0.0,0.0,0.0,0.0,0.0
9,RF,773,2006,0.0,0.0,0.0,0.0,0.0
9,RF,773,2007,0.0,0.0,0.0,0.0,0.0
9,RF,773,2008,0.0,0.0,0.0,0.0,0.0
9,RF,773,2009,0.0,0.0,0.0,0.0,0.0
9,RF,773,2010,0.0,0.0,0.0,0.0,0.0
9,RF,773,2011,0.0,0.0,0.0,0.0,0.0
9,RF,773,2012,0.0,0.0,0.0,0.0,0.0
9,RF,773,2013,0.0,0.0,0.0,0.0,0.0
9,RF,773,2014,0.0,0.0,0.0,0.0,0.0
9,RF,773,2015,0.0,0.0,0.0,0.0,0.0
9,RF,773,2016,0.0,0.0,0.0,0.0,0.0
9,RF,773,2017,0.0,0.0,0.0,0.0,0.0
9,RF,773,2018,0.0,0.0,0.0,0.0,0.0
9,RF,773,2019,0.0,0.0,0.0,0.0,0.0
9,RF,773,2020,0.0,0.0,0.0,0.0,0.0
9,RF,773,2021,0.0,0.0,0.0,0.0,0.0
9,RF,773,2022,0.0,0.0,0.0,0.0,0.0
9,RF,7741,1985,28.57,20.4,51.03000000000001,27.45,11.38
9,RF,7741,1986,43.68,24.94,31.38,19.26,10.76
9,RF,7741,1987,42.58,27.9,29.520000000000003,19.16,9.29
9,RF,7741,1988,41.21,28.93,29.86,17.08,12.67
9,RF,7741,1989,38.19,18.15,43.660000000000004,29.9,2.49
9,RF,7741,1990,44.23,22.81,32.96000000000001,22.5,4.37
9,RF,7741,1991,50.55,21.18,28.270000000000003,20.9,5.93
9,RF,7741,1992,28.57,36.24,35.190000000000005,10.07,18.79
9,RF,7741,1993,50.55,21.66,27.790000000000003,17.22,10.0
9,RF,7741,1994,39.56,31.26,29.179999999999996,19.47,6.78
9,RF,7741,1995,40.93,22.15,36.92,19.46,8.39
9,RF,7741,1996,52.2,21.88,25.919999999999998,18.84,6.64
9,RF,7741,1997,36.81,33.71,29.479999999999997,17.56,10.76
9,RF,7741,1998,43.68,23.1,33.22,20.26,6.33
9,RF,7741,1999,39.29,25.56,35.150000000000006,25.56,3.2
9,RF,7741,2000,46.7,23.98,29.319999999999997,19.3,7.02
9,RF,7741,2001,50.55,28.17,21.28,15.46,5.52
9,RF,7741,2002,42.31,25.36,32.33,15.74,14.0
9,RF,7741,2003,45.88,26.48,27.639999999999997,13.52,12.96
9,RF,7741,2004,50.55,24.8,24.650000000000002,15.42,9.09
9,RF,7741,2005,41.76,30.0,28.240000000000002,11.43,15.14
9,RF,7741,2006,45.05,27.59,27.360000000000003,14.37,10.92
9,RF,7741,2007,47.8,29.48,22.720000000000002,12.67,9.92
9,RF,7741,2008,52.2,21.06,26.74,17.73,8.58
9,RF,7741,2009,50.27,23.12,26.609999999999996,17.27,8.64
9,RF,7741,2010,40.11,21.4,38.49,23.41,6.36
9,RF,7741,2011,48.9,21.45,29.650000000000002,23.96,5.01
9,RF,7741,2012,41.48,30.63,27.890000000000004,13.82,10.21
9,RF,7741,2013,54.95,25.42,19.629999999999995,15.09,3.64
9,RF,7741,2014,55.49,15.15,29.36,23.14,6.06
9,RF,7741,2015,55.22,18.24,26.540000000000003,16.02,10.22
9,RF,7741,2016,58.79,19.56,21.650000000000002,14.32,7.16
9,RF,7741,2017,51.1,29.28,19.619999999999997,16.02,3.32
9,RF,7741,2018,45.6,29.6,24.799999999999997,14.94,7.76
9,RF,7741,2019,53.57,21.2,25.23,16.53,8.54
9,RF,7741,2020,54.67,20.17,25.159999999999997,17.12,7.73
9,RF,7741,2021,55.77,18.84,25.389999999999997,18.28,6.64
9,RF,7741,2022,45.88,30.58,23.54,11.58,11.84
9,RF,7742,1985,0.0,0.0,0.0,0.0,0.0
9,RF,7742,1986,0.0,0.0,0.0,0.0,0.0
9,RF,7742,1987,0.0,0.0,0.0,0.0,0.0
9,RF,7742,1988,0.0,0.0,0.0,0.0,0.0
9,RF,7742,1989,0.0,0.0,0.0,0.0,0.0
9,RF,7742,1990,0.0,0.0,0.0,0.0,0.0
9,RF,7742,1991,0.0,0.0,0.0,0.0,0.0
9,RF,7742,1992,0.0,0.0,0.0,0.0,0.0
9,RF,7742,1993,0.0,0.0,0.0,0.0,0.0
9,RF,7742,1994,0.0,0.0,0.0,0.0,0.0
9,RF,7742,1995,0.0,0.0,0.0,0.0,0.0
9,RF,7742,1996,0.0,0.0,0.0,0.0,0.0
9,RF,7742,1997,0.0,0.0,0.0,0.0,0.0
9,RF,7742,1998,0.0,0.0,0.0,0.0,0.0
9,RF,7742,1999,0.0,0.0,0.0,0.0,0.0
9,RF,7742,2000,0.0,0.0,0.0,0.0,0.0
9,RF,7742,2001,0.0,0.0,0.0,0.0,0.0
9,RF,7742,2002,0.0,0.0,0.0,0.0,0.0
9,RF,7742,2003,0.0,0.0,0.0,0.0,0.0
9,RF,7742,2004,0.0,0.0,0.0,0.0,0.0
9,RF,7742,2005,0.0,0.0,0.0,0.0,0.0
9,RF,7742,2006,0.0,0.0,0.0,0.0,0.0
9,RF,7742,2007,0.0,0.0,0.0,0.0,0.0
9,RF,7742,2008,0.0,0.0,0.0,0.0,0.0
9,RF,7742,2009,0.0,0.0,0.0,0.0,0.0
9,RF,7742,2010,0.0,0.0,0.0,0.0,0.0
9,RF,7742,2011,0.0,0.0,0.0,0.0,0.0
9,RF,7742,2012,0.0,0.0,0.0,0.0,0.0
9,RF,7742,2013,0.0,0.0,0.0,0.0,0.0
9,RF,7742,2014,0.0,0.0,0.0,0.0,0.0
9,RF,7742,2015,0.0,0.0,0.0,0.0,0.0
9,RF,7742,2016,0.0,0.0,0.0,0.0,0.0
9,RF,7742,2017,0.0,0.0,0.0,0.0,0.0
9,RF,7742,2018,0.0,0.0,0.0,0.0,0.0
9,RF,7742,2019,0.0,0.0,0.0,0.0,0.0
9,RF,7742,2020,0.0,0.0,0.0,0.0,0.0
9,RF,7742,2021,0.0,0.0,0.0,0.0,0.0
9,RF,7742,2022,0.0,0.0,0.0,0.0,0.0
9,RF,775,1985,0.0,0.0,0.0,0.0,0.0
9,RF,775,1986,0.0,0.0,0.0,0.0,0.0
9,RF,775,1987,0.0,0.0,0.0,0.0,0.0
9,RF,775,1988,0.0,0.0,0.0,0.0,0.0
9,RF,775,1989,0.0,0.0,0.0,0.0,0.0
9,RF,775,1990,0.0,0.0,0.0,0.0,0.0
9,RF,775,1991,0.0,0.0,0.0,0.0,0.0
9,RF,775,1992,0.0,0.0,0.0,0.0,0.0
9,RF,775,1993,0.0,0.0,0.0,0.0,0.0
9,RF,775,1994,0.0,0.0,0.0,0.0,0.0
9,RF,775,1995,0.0,0.0,0.0,0.0,0.0
9,RF,775,1996,0.0,0.0,0.0,0.0,0.0
9,RF,775,1997,0.0,0.0,0.0,0.0,0.0
9,RF,775,1998,0.0,0.0,0.0,0.0,0.0
9,RF,775,1999,0.0,0.0,0.0,0.0,0.0
9,RF,775,2000,0.0,0.0,0.0,0.0,0.0
9,RF,775,2001,0.0,0.0,0.0,0.0,0.0
9,RF,775,2002,0.0,0.0,0.0,0.0,0.0
9,RF,775,2003,0.0,0.0,0.0,0.0,0.0
9,RF,775,2004,0.0,0.0,0.0,0.0,0.0
9,RF,775,2005,0.0,0.0,0.0,0.0,0.0
9,RF,775,2006,0.0,0.0,0.0,0.0,0.0
9,RF,775,2007,0.0,0.0,0.0,0.0,0.0
9,RF,775,2008,0.0,0.0,0.0,0.0,0.0
9,RF,775,2009,0.0,0.0,0.0,0.0,0.0
9,RF,775,2010,0.0,0.0,0.0,0.0,0.0
9,RF,775,2011,0.0,0.0,0.0,0.0,0.0
9,RF,775,2012,0.0,0.0,0.0,0.0,0.0
9,RF,775,2013,0.0,0.0,0.0,0.0,0.0
9,RF,775,2014,0.0,0.0,0.0,0.0,0.0
9,RF,775,2015,0.0,0.0,0.0,0.0,0.0
9,RF,775,2016,0.0,0.0,0.0,0.0,0.0
9,RF,775,2017,0.0,0.0,0.0,0.0,0.0
9,RF,775,2018,0.0,0.0,0.0,0.0,0.0
9,RF,775,2019,0.0,0.0,0.0,0.0,0.0
9,RF,775,2020,0.0,0.0,0.0,0.0,0.0
9,RF,775,2021,0.0,0.0,0.0,0.0,0.0
9,RF,775,2022,0.0,0.0,0.0,0.0,0.0
9,RF,776,1985,24.85,27.61,47.540000000000006,10.45,16.79
9,RF,776,1986,49.69,26.8,23.51,9.48,13.82
9,RF,776,1987,57.49,21.44,21.069999999999997,7.01,13.81
9,RF,776,1988,55.03,21.03,23.939999999999998,9.07,14.64
9,RF,776,1989,53.59,25.11,21.299999999999997,8.94,10.43
9,RF,776,1990,67.76,11.8,20.439999999999994,16.56,3.31
9,RF,776,1991,58.11,17.94,23.95,9.48,14.23
9,RF,776,1992,57.08,18.58,24.340000000000003,17.95,4.06
9,RF,776,1993,54.83,20.87,24.3,7.85,16.12
9,RF,776,1994,56.26,19.46,24.28,13.81,9.41
9,RF,776,1995,49.08,27.54,23.380000000000003,11.44,10.38
9,RF,776,1996,57.29,15.67,27.04,12.37,14.44
9,RF,776,1997,60.78,21.16,18.06,11.62,5.8
9,RF,776,1998,49.28,18.58,32.14,11.95,16.37
9,RF,776,1999,58.32,18.14,23.54,16.08,7.22
9,RF,776,2000,62.42,8.96,28.619999999999997,18.34,9.38
9,RF,776,2001,62.22,9.48,28.3,21.44,6.6
9,RF,776,2002,64.27,16.08,19.650000000000006,15.67,3.71
9,RF,776,2003,52.77,21.12,26.109999999999996,14.08,11.6
9,RF,776,2004,62.83,10.75,26.42,16.11,9.92
9,RF,776,2005,50.31,24.34,25.349999999999998,17.73,7.42
9,RF,776,2006,68.38,14.23,17.390000000000004,14.84,2.26
9,RF,776,2007,64.68,22.48,12.839999999999993,10.72,1.86
9,RF,776,2008,63.86,20.0,16.14,11.96,3.92
9,RF,776,2009,67.15,16.7,16.149999999999995,14.43,1.44
9,RF,776,2010,48.25,31.32,20.43,11.69,7.94
9,RF,776,2011,52.16,27.27,20.570000000000004,12.81,7.44
9,RF,776,2012,56.26,22.32,21.42,14.46,6.61
9,RF,776,2013,65.3,8.04,26.660000000000004,20.2,6.19
9,RF,776,2014,64.89,8.66,26.45,20.62,5.57
9,RF,776,2015,70.02,9.9,20.080000000000005,17.73,2.06
9,RF,776,2016,71.66,11.76,16.580000000000005,14.43,1.86
9,RF,776,2017,65.91,23.3,10.790000000000003,8.25,2.26
9,RF,776,2018,59.75,12.16,28.09,21.44,6.39
9,RF,776,2019,64.07,20.0,15.930000000000007,14.02,1.65
9,RF,776,2020,68.79,10.1,21.109999999999992,19.79,1.03
9,RF,776,2021,66.94,17.32,15.740000000000002,14.02,1.44
9,RF,776,2022,58.93,22.94,18.13,12.81,4.96
9,RF,76111,1985,0.0,0.0,0.0,0.0,0.0
9,RF,76111,1986,0.0,0.0,0.0,0.0,0.0
9,RF,76111,1987,0.0,0.0,0.0,0.0,0.0
9,RF,76111,1988,0.0,0.0,0.0,0.0,0.0
9,RF,76111,1989,0.0,0.0,0.0,0.0,0.0
9,RF,76111,1990,0.0,0.0,0.0,0.0,0.0
9,RF,76111,1991,0.0,0.0,0.0,0.0,0.0
9,RF,76111,1992,0.0,0.0,0.0,0.0,0.0
9,RF,76111,1993,0.0,0.0,0.0,0.0,0.0
9,RF,76111,1994,0.0,0.0,0.0,0.0,0.0
9,RF,76111,1995,0.0,0.0,0.0,0.0,0.0
9,RF,76111,1996,0.0,0.0,0.0,0.0,0.0
9,RF,76111,1997,0.0,0.0,0.0,0.0,0.0
9,RF,76111,1998,0.0,0.0,0.0,0.0,0.0
9,RF,76111,1999,0.0,0.0,0.0,0.0,0.0
9,RF,76111,2000,0.0,0.0,0.0,0.0,0.0
9,RF,76111,2001,0.0,0.0,0.0,0.0,0.0
9,RF,76111,2002,0.0,0.0,0.0,0.0,0.0
9,RF,76111,2003,0.0,0.0,0.0,0.0,0.0
9,RF,76111,2004,0.0,0.0,0.0,0.0,0.0
9,RF,76111,2005,0.0,0.0,0.0,0.0,0.0
9,RF,76111,2006,0.0,0.0,0.0,0.0,0.0
9,RF,76111,2007,0.0,0.0,0.0,0.0,0.0
9,RF,76111,2008,0.0,0.0,0.0,0.0,0.0
9,RF,76111,2009,0.0,0.0,0.0,0.0,0.0
9,RF,76111,2010,0.0,0.0,0.0,0.0,0.0
9,RF,76111,2011,0.0,0.0,0.0,0.0,0.0
9,RF,76111,2012,0.0,0.0,0.0,0.0,0.0
9,RF,76111,2013,0.0,0.0,0.0,0.0,0.0
9,RF,76111,2014,0.0,0.0,0.0,0.0,0.0
9,RF,76111,2015,0.0,0.0,0.0,0.0,0.0
9,RF,76111,2016,0.0,0.0,0.0,0.0,0.0
9,RF,76111,2017,0.0,0.0,0.0,0.0,0.0
9,RF,76111,2018,0.0,0.0,0.0,0.0,0.0
9,RF,76111,2019,0.0,0.0,0.0,0.0,0.0
9,RF,76111,2020,0.0,0.0,0.0,0.0,0.0
9,RF,76111,2021,0.0,0.0,0.0,0.0,0.0
9,RF,76111,2022,0.0,0.0,0.0,0.0,0.0
9,RF,76116,1985,0.0,0.0,0.0,0.0,0.0
9,RF,76116,1986,0.0,0.0,0.0,0.0,0.0
9,RF,76116,1987,0.0,0.0,0.0,0.0,0.0
9,RF,76116,1988,0.0,0.0,0.0,0.0,0.0
9,RF,76116,1989,0.0,0.0,0.0,0.0,0.0
9,RF,76116,1990,0.0,0.0,0.0,0.0,0.0
9,RF,76116,1991,0.0,0.0,0.0,0.0,0.0
9,RF,76116,1992,0.0,0.0,0.0,0.0,0.0
9,RF,76116,1993,0.0,0.0,0.0,0.0,0.0
9,RF,76116,1994,0.0,0.0,0.0,0.0,0.0
9,RF,76116,1995,0.0,0.0,0.0,0.0,0.0
9,RF,76116,1996,0.0,0.0,0.0,0.0,0.0
9,RF,76116,1997,0.0,0.0,0.0,0.0,0.0
9,RF,76116,1998,0.0,0.0,0.0,0.0,0.0
9,RF,76116,1999,0.0,0.0,0.0,0.0,0.0
9,RF,76116,2000,0.0,0.0,0.0,0.0,0.0
9,RF,76116,2001,0.0,0.0,0.0,0.0,0.0
9,RF,76116,2002,0.0,0.0,0.0,0.0,0.0
9,RF,76116,2003,0.0,0.0,0.0,0.0,0.0
9,RF,76116,2004,0.0,0.0,0.0,0.0,0.0
9,RF,76116,2005,0.0,0.0,0.0,0.0,0.0
9,RF,76116,2006,0.0,0.0,0.0,0.0,0.0
9,RF,76116,2007,0.0,0.0,0.0,0.0,0.0
9,RF,76116,2008,0.0,0.0,0.0,0.0,0.0
9,RF,76116,2009,0.0,0.0,0.0,0.0,0.0
9,RF,76116,2010,0.0,0.0,0.0,0.0,0.0
9,RF,76116,2011,0.0,0.0,0.0,0.0,0.0
9,RF,76116,2012,0.0,0.0,0.0,0.0,0.0
9,RF,76116,2013,0.0,0.0,0.0,0.0,0.0
9,RF,76116,2014,0.0,0.0,0.0,0.0,0.0
9,RF,76116,2015,0.0,0.0,0.0,0.0,0.0
9,RF,76116,2016,0.0,0.0,0.0,0.0,0.0
9,RF,76116,2017,0.0,0.0,0.0,0.0,0.0
9,RF,76116,2018,0.0,0.0,0.0,0.0,0.0
9,RF,76116,2019,0.0,0.0,0.0,0.0,0.0
9,RF,76116,2020,0.0,0.0,0.0,0.0,0.0
9,RF,76116,2021,0.0,0.0,0.0,0.0,0.0
9,RF,76116,2022,0.0,0.0,0.0,0.0,0.0
9,RF,7612,1985,0.0,0.0,0.0,0.0,0.0
9,RF,7612,1986,0.0,0.0,0.0,0.0,0.0
9,RF,7612,1987,0.0,0.0,0.0,0.0,0.0
9,RF,7612,1988,0.0,0.0,0.0,0.0,0.0
9,RF,7612,1989,0.0,0.0,0.0,0.0,0.0
9,RF,7612,1990,0.0,0.0,0.0,0.0,0.0
9,RF,7612,1991,0.0,0.0,0.0,0.0,0.0
9,RF,7612,1992,0.0,0.0,0.0,0.0,0.0
9,RF,7612,1993,0.0,0.0,0.0,0.0,0.0
9,RF,7612,1994,0.0,0.0,0.0,0.0,0.0
9,RF,7612,1995,0.0,0.0,0.0,0.0,0.0
9,RF,7612,1996,0.0,0.0,0.0,0.0,0.0
9,RF,7612,1997,0.0,0.0,0.0,0.0,0.0
9,RF,7612,1998,0.0,0.0,0.0,0.0,0.0
9,RF,7612,1999,0.0,0.0,0.0,0.0,0.0
9,RF,7612,2000,0.0,0.0,0.0,0.0,0.0
9,RF,7612,2001,0.0,0.0,0.0,0.0,0.0
9,RF,7612,2002,0.0,0.0,0.0,0.0,0.0
9,RF,7612,2003,0.0,0.0,0.0,0.0,0.0
9,RF,7612,2004,0.0,0.0,0.0,0.0,0.0
9,RF,7612,2005,0.0,0.0,0.0,0.0,0.0
9,RF,7612,2006,0.0,0.0,0.0,0.0,0.0
9,RF,7612,2007,0.0,0.0,0.0,0.0,0.0
9,RF,7612,2008,0.0,0.0,0.0,0.0,0.0
9,RF,7612,2009,0.0,0.0,0.0,0.0,0.0
9,RF,7612,2010,0.0,0.0,0.0,0.0,0.0
9,RF,7612,2011,0.0,0.0,0.0,0.0,0.0
9,RF,7612,2012,0.0,0.0,0.0,0.0,0.0
9,RF,7612,2013,0.0,0.0,0.0,0.0,0.0
9,RF,7612,2014,0.0,0.0,0.0,0.0,0.0
9,RF,7612,2015,0.0,0.0,0.0,0.0,0.0
9,RF,7612,2016,0.0,0.0,0.0,0.0,0.0
9,RF,7612,2017,0.0,0.0,0.0,0.0,0.0
9,RF,7612,2018,0.0,0.0,0.0,0.0,0.0
9,RF,7612,2019,0.0,0.0,0.0,0.0,0.0
9,RF,7612,2020,0.0,0.0,0.0,0.0,0.0
9,RF,7612,2021,0.0,0.0,0.0,0.0,0.0
9,RF,7612,2022,0.0,0.0,0.0,0.0,0.0
9,RF,7613,1985,0.0,0.0,0.0,0.0,0.0
9,RF,7613,1986,0.0,0.0,0.0,0.0,0.0
9,RF,7613,1987,0.0,0.0,0.0,0.0,0.0
9,RF,7613,1988,0.0,0.0,0.0,0.0,0.0
9,RF,7613,1989,0.0,0.0,0.0,0.0,0.0
9,RF,7613,1990,0.0,0.0,0.0,0.0,0.0
9,RF,7613,1991,0.0,0.0,0.0,0.0,0.0
9,RF,7613,1992,0.0,0.0,0.0,0.0,0.0
9,RF,7613,1993,0.0,0.0,0.0,0.0,0.0
9,RF,7613,1994,0.0,0.0,0.0,0.0,0.0
9,RF,7613,1995,0.0,0.0,0.0,0.0,0.0
9,RF,7613,1996,0.0,0.0,0.0,0.0,0.0
9,RF,7613,1997,0.0,0.0,0.0,0.0,0.0
9,RF,7613,1998,0.0,0.0,0.0,0.0,0.0
9,RF,7613,1999,0.0,0.0,0.0,0.0,0.0
9,RF,7613,2000,0.0,0.0,0.0,0.0,0.0
9,RF,7613,2001,0.0,0.0,0.0,0.0,0.0
9,RF,7613,2002,0.0,0.0,0.0,0.0,0.0
9,RF,7613,2003,0.0,0.0,0.0,0.0,0.0
9,RF,7613,2004,0.0,0.0,0.0,0.0,0.0
9,RF,7613,2005,0.0,0.0,0.0,0.0,0.0
9,RF,7613,2006,0.0,0.0,0.0,0.0,0.0
9,RF,7613,2007,0.0,0.0,0.0,0.0,0.0
9,RF,7613,2008,0.0,0.0,0.0,0.0,0.0
9,RF,7613,2009,0.0,0.0,0.0,0.0,0.0
9,RF,7613,2010,0.0,0.0,0.0,0.0,0.0
9,RF,7613,2011,0.0,0.0,0.0,0.0,0.0
9,RF,7613,2012,0.0,0.0,0.0,0.0,0.0
9,RF,7613,2013,0.0,0.0,0.0,0.0,0.0
9,RF,7613,2014,0.0,0.0,0.0,0.0,0.0
9,RF,7613,2015,0.0,0.0,0.0,0.0,0.0
9,RF,7613,2016,0.0,0.0,0.0,0.0,0.0
9,RF,7613,2017,0.0,0.0,0.0,0.0,0.0
9,RF,7613,2018,0.0,0.0,0.0,0.0,0.0
9,RF,7613,2019,0.0,0.0,0.0,0.0,0.0
9,RF,7613,2020,0.0,0.0,0.0,0.0,0.0
9,RF,7613,2021,0.0,0.0,0.0,0.0,0.0
9,RF,7613,2022,0.0,0.0,0.0,0.0,0.0
9,RF,7614,1985,0.0,0.0,0.0,0.0,0.0
9,RF,7614,1986,0.0,0.0,0.0,0.0,0.0
9,RF,7614,1987,0.0,0.0,0.0,0.0,0.0
9,RF,7614,1988,0.0,0.0,0.0,0.0,0.0
9,RF,7614,1989,0.0,0.0,0.0,0.0,0.0
9,RF,7614,1990,0.0,0.0,0.0,0.0,0.0
9,RF,7614,1991,0.0,0.0,0.0,0.0,0.0
9,RF,7614,1992,0.0,0.0,0.0,0.0,0.0
9,RF,7614,1993,0.0,0.0,0.0,0.0,0.0
9,RF,7614,1994,0.0,0.0,0.0,0.0,0.0
9,RF,7614,1995,0.0,0.0,0.0,0.0,0.0
9,RF,7614,1996,0.0,0.0,0.0,0.0,0.0
9,RF,7614,1997,0.0,0.0,0.0,0.0,0.0
9,RF,7614,1998,0.0,0.0,0.0,0.0,0.0
9,RF,7614,1999,0.0,0.0,0.0,0.0,0.0
9,RF,7614,2000,0.0,0.0,0.0,0.0,0.0
9,RF,7614,2001,0.0,0.0,0.0,0.0,0.0
9,RF,7614,2002,0.0,0.0,0.0,0.0,0.0
9,RF,7614,2003,0.0,0.0,0.0,0.0,0.0
9,RF,7614,2004,0.0,0.0,0.0,0.0,0.0
9,RF,7614,2005,0.0,0.0,0.0,0.0,0.0
9,RF,7614,2006,0.0,0.0,0.0,0.0,0.0
9,RF,7614,2007,0.0,0.0,0.0,0.0,0.0
9,RF,7614,2008,0.0,0.0,0.0,0.0,0.0
9,RF,7614,2009,0.0,0.0,0.0,0.0,0.0
9,RF,7614,2010,0.0,0.0,0.0,0.0,0.0
9,RF,7614,2011,0.0,0.0,0.0,0.0,0.0
9,RF,7614,2012,0.0,0.0,0.0,0.0,0.0
9,RF,7614,2013,0.0,0.0,0.0,0.0,0.0
9,RF,7614,2014,0.0,0.0,0.0,0.0,0.0
9,RF,7614,2015,0.0,0.0,0.0,0.0,0.0
9,RF,7614,2016,0.0,0.0,0.0,0.0,0.0
9,RF,7614,2017,0.0,0.0,0.0,0.0,0.0
9,RF,7614,2018,0.0,0.0,0.0,0.0,0.0
9,RF,7614,2019,0.0,0.0,0.0,0.0,0.0
9,RF,7614,2020,0.0,0.0,0.0,0.0,0.0
9,RF,7614,2021,0.0,0.0,0.0,0.0,0.0
9,RF,7614,2022,0.0,0.0,0.0,0.0,0.0
9,RF,7615,1985,0.0,0.0,0.0,0.0,0.0
9,RF,7615,1986,0.0,0.0,0.0,0.0,0.0
9,RF,7615,1987,0.0,0.0,0.0,0.0,0.0
9,RF,7615,1988,0.0,0.0,0.0,0.0,0.0
9,RF,7615,1989,0.0,0.0,0.0,0.0,0.0
9,RF,7615,1990,0.0,0.0,0.0,0.0,0.0
9,RF,7615,1991,0.0,0.0,0.0,0.0,0.0
9,RF,7615,1992,0.0,0.0,0.0,0.0,0.0
9,RF,7615,1993,0.0,0.0,0.0,0.0,0.0
9,RF,7615,1994,0.0,0.0,0.0,0.0,0.0
9,RF,7615,1995,0.0,0.0,0.0,0.0,0.0
9,RF,7615,1996,0.0,0.0,0.0,0.0,0.0
9,RF,7615,1997,0.0,0.0,0.0,0.0,0.0
9,RF,7615,1998,0.0,0.0,0.0,0.0,0.0
9,RF,7615,1999,0.0,0.0,0.0,0.0,0.0
9,RF,7615,2000,0.0,0.0,0.0,0.0,0.0
9,RF,7615,2001,0.0,0.0,0.0,0.0,0.0
9,RF,7615,2002,0.0,0.0,0.0,0.0,0.0
9,RF,7615,2003,0.0,0.0,0.0,0.0,0.0
9,RF,7615,2004,0.0,0.0,0.0,0.0,0.0
9,RF,7615,2005,0.0,0.0,0.0,0.0,0.0
9,RF,7615,2006,0.0,0.0,0.0,0.0,0.0
9,RF,7615,2007,0.0,0.0,0.0,0.0,0.0
9,RF,7615,2008,0.0,0.0,0.0,0.0,0.0
9,RF,7615,2009,0.0,0.0,0.0,0.0,0.0
9,RF,7615,2010,0.0,0.0,0.0,0.0,0.0
9,RF,7615,2011,0.0,0.0,0.0,0.0,0.0
9,RF,7615,2012,0.0,0.0,0.0,0.0,0.0
9,RF,7615,2013,0.0,0.0,0.0,0.0,0.0
9,RF,7615,2014,0.0,0.0,0.0,0.0,0.0
9,RF,7615,2015,0.0,0.0,0.0,0.0,0.0
9,RF,7615,2016,0.0,0.0,0.0,0.0,0.0
9,RF,7615,2017,0.0,0.0,0.0,0.0,0.0
9,RF,7615,2018,0.0,0.0,0.0,0.0,0.0
9,RF,7615,2019,0.0,0.0,0.0,0.0,0.0
9,RF,7615,2020,0.0,0.0,0.0,0.0,0.0
9,RF,7615,2021,0.0,0.0,0.0,0.0,0.0
9,RF,7615,2022,0.0,0.0,0.0,0.0,0.0
9,RF,777,1985,0.0,0.0,0.0,0.0,0.0
9,RF,777,1986,0.0,0.0,0.0,0.0,0.0
9,RF,777,1987,0.0,0.0,0.0,0.0,0.0
9,RF,777,1988,0.0,0.0,0.0,0.0,0.0
9,RF,777,1989,0.0,0.0,0.0,0.0,0.0
9,RF,777,1990,0.0,0.0,0.0,0.0,0.0
9,RF,777,1991,0.0,0.0,0.0,0.0,0.0
9,RF,777,1992,0.0,0.0,0.0,0.0,0.0
9,RF,777,1993,0.0,0.0,0.0,0.0,0.0
9,RF,777,1994,0.0,0.0,0.0,0.0,0.0
9,RF,777,1995,0.0,0.0,0.0,0.0,0.0
9,RF,777,1996,0.0,0.0,0.0,0.0,0.0
9,RF,777,1997,0.0,0.0,0.0,0.0,0.0
9,RF,777,1998,0.0,0.0,0.0,0.0,0.0
9,RF,777,1999,0.0,0.0,0.0,0.0,0.0
9,RF,777,2000,0.0,0.0,0.0,0.0,0.0
9,RF,777,2001,0.0,0.0,0.0,0.0,0.0
9,RF,777,2002,0.0,0.0,0.0,0.0,0.0
9,RF,777,2003,0.0,0.0,0.0,0.0,0.0
9,RF,777,2004,0.0,0.0,0.0,0.0,0.0
9,RF,777,2005,0.0,0.0,0.0,0.0,0.0
9,RF,777,2006,0.0,0.0,0.0,0.0,0.0
9,RF,777,2007,0.0,0.0,0.0,0.0,0.0
9,RF,777,2008,0.0,0.0,0.0,0.0,0.0
9,RF,777,2009,0.0,0.0,0.0,0.0,0.0
9,RF,777,2010,0.0,0.0,0.0,0.0,0.0
9,RF,777,2011,0.0,0.0,0.0,0.0,0.0
9,RF,777,2012,0.0,0.0,0.0,0.0,0.0
9,RF,777,2013,0.0,0.0,0.0,0.0,0.0
9,RF,777,2014,0.0,0.0,0.0,0.0,0.0
9,RF,777,2015,0.0,0.0,0.0,0.0,0.0
9,RF,777,2016,0.0,0.0,0.0,0.0,0.0
9,RF,777,2017,0.0,0.0,0.0,0.0,0.0
9,RF,777,2018,0.0,0.0,0.0,0.0,0.0
9,RF,777,2019,0.0,0.0,0.0,0.0,0.0
9,RF,777,2020,0.0,0.0,0.0,0.0,0.0
9,RF,777,2021,0.0,0.0,0.0,0.0,0.0
9,RF,777,2022,0.0,0.0,0.0,0.0,0.0
9,RF,778,1985,0.0,0.0,0.0,0.0,0.0
9,RF,778,1986,0.0,0.0,0.0,0.0,0.0
9,RF,778,1987,0.0,0.0,0.0,0.0,0.0
9,RF,778,1988,0.0,0.0,0.0,0.0,0.0
9,RF,778,1989,0.0,0.0,0.0,0.0,0.0
9,RF,778,1990,0.0,0.0,0.0,0.0,0.0
9,RF,778,1991,0.0,0.0,0.0,0.0,0.0
9,RF,778,1992,0.0,0.0,0.0,0.0,0.0
9,RF,778,1993,0.0,0.0,0.0,0.0,0.0
9,RF,778,1994,0.0,0.0,0.0,0.0,0.0
9,RF,778,1995,0.0,0.0,0.0,0.0,0.0
9,RF,778,1996,0.0,0.0,0.0,0.0,0.0
9,RF,778,1997,0.0,0.0,0.0,0.0,0.0
9,RF,778,1998,0.0,0.0,0.0,0.0,0.0
9,RF,778,1999,0.0,0.0,0.0,0.0,0.0
9,RF,778,2000,0.0,0.0,0.0,0.0,0.0
9,RF,778,2001,0.0,0.0,0.0,0.0,0.0
9,RF,778,2002,0.0,0.0,0.0,0.0,0.0
9,RF,778,2003,0.0,0.0,0.0,0.0,0.0
9,RF,778,2004,0.0,0.0,0.0,0.0,0.0
9,RF,778,2005,0.0,0.0,0.0,0.0,0.0
9,RF,778,2006,0.0,0.0,0.0,0.0,0.0
9,RF,778,2007,0.0,0.0,0.0,0.0,0.0
9,RF,778,2008,0.0,0.0,0.0,0.0,0.0
9,RF,778,2009,0.0,0.0,0.0,0.0,0.0
9,RF,778,2010,0.0,0.0,0.0,0.0,0.0
9,RF,778,2011,0.0,0.0,0.0,0.0,0.0
9,RF,778,2012,0.0,0.0,0.0,0.0,0.0
9,RF,778,2013,0.0,0.0,0.0,0.0,0.0
9,RF,778,2014,0.0,0.0,0.0,0.0,0.0
9,RF,778,2015,0.0,0.0,0.0,0.0,0.0
9,RF,778,2016,0.0,0.0,0.0,0.0,0.0
9,RF,778,2017,0.0,0.0,0.0,0.0,0.0
9,RF,778,2018,0.0,0.0,0.0,0.0,0.0
9,RF,778,2019,0.0,0.0,0.0,0.0,0.0
9,RF,778,2020,0.0,0.0,0.0,0.0,0.0
9,RF,778,2021,0.0,0.0,0.0,0.0,0.0
9,RF,778,2022,0.0,0.0,0.0,0.0,0.0
9,RF,7616,1985,0.0,0.0,0.0,0.0,0.0
9,RF,7616,1986,0.0,0.0,0.0,0.0,0.0
9,RF,7616,1987,0.0,0.0,0.0,0.0,0.0
9,RF,7616,1988,0.0,0.0,0.0,0.0,0.0
9,RF,7616,1989,0.0,0.0,0.0,0.0,0.0
9,RF,7616,1990,0.0,0.0,0.0,0.0,0.0
9,RF,7616,1991,0.0,0.0,0.0,0.0,0.0
9,RF,7616,1992,0.0,0.0,0.0,0.0,0.0
9,RF,7616,1993,0.0,0.0,0.0,0.0,0.0
9,RF,7616,1994,0.0,0.0,0.0,0.0,0.0
9,RF,7616,1995,0.0,0.0,0.0,0.0,0.0
9,RF,7616,1996,0.0,0.0,0.0,0.0,0.0
9,RF,7616,1997,0.0,0.0,0.0,0.0,0.0
9,RF,7616,1998,0.0,0.0,0.0,0.0,0.0
9,RF,7616,1999,0.0,0.0,0.0,0.0,0.0
9,RF,7616,2000,0.0,0.0,0.0,0.0,0.0
9,RF,7616,2001,0.0,0.0,0.0,0.0,0.0
9,RF,7616,2002,0.0,0.0,0.0,0.0,0.0
9,RF,7616,2003,0.0,0.0,0.0,0.0,0.0
9,RF,7616,2004,0.0,0.0,0.0,0.0,0.0
9,RF,7616,2005,0.0,0.0,0.0,0.0,0.0
9,RF,7616,2006,0.0,0.0,0.0,0.0,0.0
9,RF,7616,2007,0.0,0.0,0.0,0.0,0.0
9,RF,7616,2008,0.0,0.0,0.0,0.0,0.0
9,RF,7616,2009,0.0,0.0,0.0,0.0,0.0
9,RF,7616,2010,0.0,0.0,0.0,0.0,0.0
9,RF,7616,2011,0.0,0.0,0.0,0.0,0.0
9,RF,7616,2012,0.0,0.0,0.0,0.0,0.0
9,RF,7616,2013,0.0,0.0,0.0,0.0,0.0
9,RF,7616,2014,0.0,0.0,0.0,0.0,0.0
9,RF,7616,2015,0.0,0.0,0.0,0.0,0.0
9,RF,7616,2016,0.0,0.0,0.0,0.0,0.0
9,RF,7616,2017,0.0,0.0,0.0,0.0,0.0
9,RF,7616,2018,0.0,0.0,0.0,0.0,0.0
9,RF,7616,2019,0.0,0.0,0.0,0.0,0.0
9,RF,7616,2020,0.0,0.0,0.0,0.0,0.0
9,RF,7616,2021,0.0,0.0,0.0,0.0,0.0
9,RF,7616,2022,0.0,0.0,0.0,0.0,0.0
9,RF,7617,1985,0.0,0.0,0.0,0.0,0.0
9,RF,7617,1986,0.0,0.0,0.0,0.0,0.0
9,RF,7617,1987,0.0,0.0,0.0,0.0,0.0
9,RF,7617,1988,0.0,0.0,0.0,0.0,0.0
9,RF,7617,1989,0.0,0.0,0.0,0.0,0.0
9,RF,7617,1990,0.0,0.0,0.0,0.0,0.0
9,RF,7617,1991,0.0,0.0,0.0,0.0,0.0
9,RF,7617,1992,0.0,0.0,0.0,0.0,0.0
9,RF,7617,1993,0.0,0.0,0.0,0.0,0.0
9,RF,7617,1994,0.0,0.0,0.0,0.0,0.0
9,RF,7617,1995,0.0,0.0,0.0,0.0,0.0
9,RF,7617,1996,0.0,0.0,0.0,0.0,0.0
9,RF,7617,1997,0.0,0.0,0.0,0.0,0.0
9,RF,7617,1998,0.0,0.0,0.0,0.0,0.0
9,RF,7617,1999,0.0,0.0,0.0,0.0,0.0
9,RF,7617,2000,0.0,0.0,0.0,0.0,0.0
9,RF,7617,2001,0.0,0.0,0.0,0.0,0.0
9,RF,7617,2002,0.0,0.0,0.0,0.0,0.0
9,RF,7617,2003,0.0,0.0,0.0,0.0,0.0
9,RF,7617,2004,0.0,0.0,0.0,0.0,0.0
9,RF,7617,2005,0.0,0.0,0.0,0.0,0.0
9,RF,7617,2006,0.0,0.0,0.0,0.0,0.0
9,RF,7617,2007,0.0,0.0,0.0,0.0,0.0
9,RF,7617,2008,0.0,0.0,0.0,0.0,0.0
9,RF,7617,2009,0.0,0.0,0.0,0.0,0.0
9,RF,7617,2010,0.0,0.0,0.0,0.0,0.0
9,RF,7617,2011,0.0,0.0,0.0,0.0,0.0
9,RF,7617,2012,0.0,0.0,0.0,0.0,0.0
9,RF,7617,2013,0.0,0.0,0.0,0.0,0.0
9,RF,7617,2014,0.0,0.0,0.0,0.0,0.0
9,RF,7617,2015,0.0,0.0,0.0,0.0,0.0
9,RF,7617,2016,0.0,0.0,0.0,0.0,0.0
9,RF,7617,2017,0.0,0.0,0.0,0.0,0.0
9,RF,7617,2018,0.0,0.0,0.0,0.0,0.0
9,RF,7617,2019,0.0,0.0,0.0,0.0,0.0
9,RF,7617,2020,0.0,0.0,0.0,0.0,0.0
9,RF,7617,2021,0.0,0.0,0.0,0.0,0.0
9,RF,7617,2022,0.0,0.0,0.0,0.0,0.0
9,RF,7618,1985,0.0,0.0,0.0,0.0,0.0
9,RF,7618,1986,0.0,0.0,0.0,0.0,0.0
9,RF,7618,1987,0.0,0.0,0.0,0.0,0.0
9,RF,7618,1988,0.0,0.0,0.0,0.0,0.0
9,RF,7618,1989,0.0,0.0,0.0,0.0,0.0
9,RF,7618,1990,0.0,0.0,0.0,0.0,0.0
9,RF,7618,1991,0.0,0.0,0.0,0.0,0.0
9,RF,7618,1992,0.0,0.0,0.0,0.0,0.0
9,RF,7618,1993,0.0,0.0,0.0,0.0,0.0
9,RF,7618,1994,0.0,0.0,0.0,0.0,0.0
9,RF,7618,1995,0.0,0.0,0.0,0.0,0.0
9,RF,7618,1996,0.0,0.0,0.0,0.0,0.0
9,RF,7618,1997,0.0,0.0,0.0,0.0,0.0
9,RF,7618,1998,0.0,0.0,0.0,0.0,0.0
9,RF,7618,1999,0.0,0.0,0.0,0.0,0.0
9,RF,7618,2000,0.0,0.0,0.0,0.0,0.0
9,RF,7618,2001,0.0,0.0,0.0,0.0,0.0
9,RF,7618,2002,0.0,0.0,0.0,0.0,0.0
9,RF,7618,2003,0.0,0.0,0.0,0.0,0.0
9,RF,7618,2004,0.0,0.0,0.0,0.0,0.0
9,RF,7618,2005,0.0,0.0,0.0,0.0,0.0
9,RF,7618,2006,0.0,0.0,0.0,0.0,0.0
9,RF,7618,2007,0.0,0.0,0.0,0.0,0.0
9,RF,7618,2008,0.0,0.0,0.0,0.0,0.0
9,RF,7618,2009,0.0,0.0,0.0,0.0,0.0
9,RF,7618,2010,0.0,0.0,0.0,0.0,0.0
9,RF,7618,2011,0.0,0.0,0.0,0.0,0.0
9,RF,7618,2012,0.0,0.0,0.0,0.0,0.0
9,RF,7618,2013,0.0,0.0,0.0,0.0,0.0
9,RF,7618,2014,0.0,0.0,0.0,0.0,0.0
9,RF,7618,2015,0.0,0.0,0.0,0.0,0.0
9,RF,7618,2016,0.0,0.0,0.0,0.0,0.0
9,RF,7618,2017,0.0,0.0,0.0,0.0,0.0
9,RF,7618,2018,0.0,0.0,0.0,0.0,0.0
9,RF,7618,2019,0.0,0.0,0.0,0.0,0.0
9,RF,7618,2020,0.0,0.0,0.0,0.0,0.0
9,RF,7618,2021,0.0,0.0,0.0,0.0,0.0
9,RF,7618,2022,0.0,0.0,0.0,0.0,0.0
9,RF,7619,1985,0.0,0.0,0.0,0.0,0.0
9,RF,7619,1986,0.0,0.0,0.0,0.0,0.0
9,RF,7619,1987,0.0,0.0,0.0,0.0,0.0
9,RF,7619,1988,0.0,0.0,0.0,0.0,0.0
9,RF,7619,1989,0.0,0.0,0.0,0.0,0.0
9,RF,7619,1990,0.0,0.0,0.0,0.0,0.0
9,RF,7619,1991,0.0,0.0,0.0,0.0,0.0
9,RF,7619,1992,0.0,0.0,0.0,0.0,0.0
9,RF,7619,1993,0.0,0.0,0.0,0.0,0.0
9,RF,7619,1994,0.0,0.0,0.0,0.0,0.0
9,RF,7619,1995,0.0,0.0,0.0,0.0,0.0
9,RF,7619,1996,0.0,0.0,0.0,0.0,0.0
9,RF,7619,1997,0.0,0.0,0.0,0.0,0.0
9,RF,7619,1998,0.0,0.0,0.0,0.0,0.0
9,RF,7619,1999,0.0,0.0,0.0,0.0,0.0
9,RF,7619,2000,0.0,0.0,0.0,0.0,0.0
9,RF,7619,2001,0.0,0.0,0.0,0.0,0.0
9,RF,7619,2002,0.0,0.0,0.0,0.0,0.0
9,RF,7619,2003,0.0,0.0,0.0,0.0,0.0
9,RF,7619,2004,0.0,0.0,0.0,0.0,0.0
9,RF,7619,2005,0.0,0.0,0.0,0.0,0.0
9,RF,7619,2006,0.0,0.0,0.0,0.0,0.0
9,RF,7619,2007,0.0,0.0,0.0,0.0,0.0
9,RF,7619,2008,0.0,0.0,0.0,0.0,0.0
9,RF,7619,2009,0.0,0.0,0.0,0.0,0.0
9,RF,7619,2010,0.0,0.0,0.0,0.0,0.0
9,RF,7619,2011,0.0,0.0,0.0,0.0,0.0
9,RF,7619,2012,0.0,0.0,0.0,0.0,0.0
9,RF,7619,2013,0.0,0.0,0.0,0.0,0.0
9,RF,7619,2014,0.0,0.0,0.0,0.0,0.0
9,RF,7619,2015,0.0,0.0,0.0,0.0,0.0
9,RF,7619,2016,0.0,0.0,0.0,0.0,0.0
9,RF,7619,2017,0.0,0.0,0.0,0.0,0.0
9,RF,7619,2018,0.0,0.0,0.0,0.0,0.0
9,RF,7619,2019,0.0,0.0,0.0,0.0,0.0
9,RF,7619,2020,0.0,0.0,0.0,0.0,0.0
9,RF,7619,2021,0.0,0.0,0.0,0.0,0.0
9,RF,7619,2022,0.0,0.0,0.0,0.0,0.0
