,Version,Models,Bacia,Years,Accuracy,Accuracy_Bal,Precision,ReCall,F1-Score,Jaccard
0,9,RF,Caatinga,1985,0.26439482961222094,0.17863938871229879,0.1586389051186955,0.1389417467762324,0.1367816905457308,0.0835308315722294
1,9,RF,Caatinga,1986,0.4712103407755582,0.38486324841004643,0.24160075499733946,0.29933808209670276,0.24629726798658413,0.17018108379047736
2,9,RF,Caatinga,1987,0.5111633372502937,0.34456990495650286,0.21443416874775761,0.30628435996133585,0.2158551826812792,0.143375519086296
3,9,RF,Caatinga,1988,0.491186839012926,0.36422214088837596,0.27516295173245214,0.36422214088837596,0.29198135506004874,0.200132298507114
4,9,RF,Caatinga,1989,0.4700352526439483,0.18467108583052208,0.20670100477732806,0.1641520762937974,0.16961055402130246,0.11502624399134542
5,9,RF,Caatinga,1990,0.5769682726204466,0.3441283694211224,0.27014214695738026,0.30589188392988664,0.26687843431196906,0.1894569218168597
6,9,RF,Caatinga,1991,0.5487661574618097,0.3648348106365834,0.26801572312458277,0.3242976094547408,0.2749132985062865,0.1927249239672838
7,9,RF,Caatinga,1992,0.4488836662749706,0.3282724173866005,0.1955366429535338,0.2917977043436449,0.1855800464191069,0.1181881710788675
8,9,RF,Caatinga,1993,0.5299647473560517,0.3836435119329856,0.3208441386538732,0.34101645505154277,0.31457480387034853,0.24975992373232458
9,9,RF,Caatinga,1994,0.491186839012926,0.3538484948961115,0.23257773607161214,0.3145319954632102,0.23017671626697267,0.15247734320194056
10,9,RF,Caatinga,1995,0.45593419506462984,0.3409080302178814,0.22828725463502308,0.3030293601936724,0.22051374775301158,0.14360942170026314
11,9,RF,Caatinga,1996,0.5511163337250293,0.24318806495325257,0.21087018503094118,0.2161671688473356,0.20547743294288034,0.14144923290306777
12,9,RF,Caatinga,1997,0.5052878965922444,0.36765991511769136,0.3028408864153449,0.3268088134379479,0.2927255971833178,0.23162666754021602
13,9,RF,Caatinga,1998,0.4688601645123384,0.43500404994229097,0.2387511323358946,0.38667026661536974,0.23411729090458078,0.15613324827609365
14,9,RF,Caatinga,1999,0.5017626321974148,0.46091791389348324,0.32126004394689345,0.40970481234976286,0.29778845821241284,0.23595560230867774
15,9,RF,Caatinga,2000,0.5569917743830788,0.3804230118941141,0.22229923645951166,0.33815378835032367,0.22873805299536132,0.15407238540175974
16,9,RF,Caatinga,2001,0.5722679200940071,0.38684535288865163,0.26554798854178263,0.3438625359010236,0.2752373479290157,0.18904541482927406
17,9,RF,Caatinga,2002,0.5487661574618097,0.3754082040189256,0.2638736263736264,0.3336961813501561,0.27579501883541774,0.19351913174156982
18,9,RF,Caatinga,2003,0.4982373678025852,0.3457167305100376,0.20648612038759528,0.30730376045336677,0.1944548901759519,0.1310483194053607
19,9,RF,Caatinga,2004,0.5757931844888367,0.39229994382586253,0.25059715547979006,0.34871106117854445,0.2605989817310572,0.17760940344521037
20,9,RF,Caatinga,2005,0.46650998824911866,0.243688731256666,0.19708851057893362,0.2166122055614809,0.18480182571598824,0.12085768246150935
21,9,RF,Caatinga,2006,0.5840188014101058,0.4256607782717443,0.33610931790756354,0.37836513624155055,0.3342407327420845,0.26509255304943874
22,9,RF,Caatinga,2007,0.5746180963572268,0.4723678779283024,0.43561590140524153,0.4723678779283024,0.4242646822908082,0.3350968792098234
23,9,RF,Caatinga,2008,0.5887191539365453,0.526197721408053,0.3177697917245017,0.46042300623204635,0.3354072871178134,0.23648798899677353
24,9,RF,Caatinga,2009,0.599294947121034,0.46600105349971904,0.37728674205661034,0.40775092181225414,0.37055997895231485,0.2977402103643899
25,9,RF,Caatinga,2010,0.44770857814336074,0.40450505244111207,0.25209106269704723,0.353941920885973,0.238908649713504,0.15391918302379137
26,9,RF,Caatinga,2011,0.5076380728554641,0.3826811848730267,0.3277552930003911,0.3401610532204682,0.3078940650207907,0.24306119320904035
27,9,RF,Caatinga,2012,0.4994124559341951,0.3578031892769732,0.23434226592121332,0.3180472793573095,0.21503472238395036,0.1441254107898171
28,9,RF,Caatinga,2013,0.6086956521739131,0.4444908363513015,0.4002326119639568,0.3889294818073888,0.38688169790995325,0.31127351097178685
29,9,RF,Caatinga,2014,0.6086956521739131,0.36603460064305543,0.4329163186198977,0.36603460064305543,0.377994873079534,0.27122365183475405
30,9,RF,Caatinga,2015,0.63689776733255,0.47360652334293524,0.39049113571840255,0.4144057079250683,0.39498104117687194,0.31769542060063716
31,9,RF,Caatinga,2016,0.6615746180963572,0.49210423135206166,0.46448031332886036,0.49210423135206166,0.4685136710061434,0.3793927237412504
32,9,RF,Caatinga,2017,0.5957696827262045,0.44305194965754274,0.35137605635587227,0.3876704559503499,0.345676069816781,0.2551432861403216
33,9,RF,Caatinga,2018,0.5370152761457109,0.38565333158056614,0.3246760588076371,0.3428029614049477,0.32203647559883924,0.25355623931037896
34,9,RF,Caatinga,2019,0.5957696827262045,0.3836108069601467,0.440870210839066,0.3836108069601467,0.3892337200933941,0.27635630468685
35,9,RF,Caatinga,2020,0.627497062279671,0.3984073849319948,0.39243616866339304,0.3486064618154954,0.355189949520593,0.255219427681808
36,9,RF,Caatinga,2021,0.6216216216216216,0.3305793852574507,0.34690075705610135,0.2938483424510673,0.30461547431660113,0.21987668541991717
37,9,RF,Caatinga,2022,0.5334900117508813,0.33843240466075764,0.3204797779228738,0.3008288041428957,0.2807885334679611,0.19574756335551757
38,9,RF,741,1985,,,,,,
39,9,RF,741,1986,,,,,,
40,9,RF,741,1987,,,,,,
41,9,RF,741,1988,,,,,,
42,9,RF,741,1989,,,,,,
43,9,RF,741,1990,,,,,,
44,9,RF,741,1991,,,,,,
45,9,RF,741,1992,,,,,,
46,9,RF,741,1993,,,,,,
47,9,RF,741,1994,,,,,,
48,9,RF,741,1995,,,,,,
49,9,RF,741,1996,,,,,,
50,9,RF,741,1997,,,,,,
51,9,RF,741,1998,,,,,,
52,9,RF,741,1999,,,,,,
53,9,RF,741,2000,,,,,,
54,9,RF,741,2001,,,,,,
55,9,RF,741,2002,,,,,,
56,9,RF,741,2003,,,,,,
57,9,RF,741,2004,,,,,,
58,9,RF,741,2005,,,,,,
59,9,RF,741,2006,,,,,,
60,9,RF,741,2007,,,,,,
61,9,RF,741,2008,,,,,,
62,9,RF,741,2009,,,,,,
63,9,RF,741,2010,,,,,,
64,9,RF,741,2011,,,,,,
65,9,RF,741,2012,,,,,,
66,9,RF,741,2013,,,,,,
67,9,RF,741,2014,,,,,,
68,9,RF,741,2015,,,,,,
69,9,RF,741,2016,,,,,,
70,9,RF,741,2017,,,,,,
71,9,RF,741,2018,,,,,,
72,9,RF,741,2019,,,,,,
73,9,RF,741,2020,,,,,,
74,9,RF,741,2021,,,,,,
75,9,RF,741,2022,,,,,,
76,9,RF,7421,1985,,,,,,
77,9,RF,7421,1986,,,,,,
78,9,RF,7421,1987,,,,,,
79,9,RF,7421,1988,,,,,,
80,9,RF,7421,1989,,,,,,
81,9,RF,7421,1990,,,,,,
82,9,RF,7421,1991,,,,,,
83,9,RF,7421,1992,,,,,,
84,9,RF,7421,1993,,,,,,
85,9,RF,7421,1994,,,,,,
86,9,RF,7421,1995,,,,,,
87,9,RF,7421,1996,,,,,,
88,9,RF,7421,1997,,,,,,
89,9,RF,7421,1998,,,,,,
90,9,RF,7421,1999,,,,,,
91,9,RF,7421,2000,,,,,,
92,9,RF,7421,2001,,,,,,
93,9,RF,7421,2002,,,,,,
94,9,RF,7421,2003,,,,,,
95,9,RF,7421,2004,,,,,,
96,9,RF,7421,2005,,,,,,
97,9,RF,7421,2006,,,,,,
98,9,RF,7421,2007,,,,,,
99,9,RF,7421,2008,,,,,,
100,9,RF,7421,2009,,,,,,
101,9,RF,7421,2010,,,,,,
102,9,RF,7421,2011,,,,,,
103,9,RF,7421,2012,,,,,,
104,9,RF,7421,2013,,,,,,
105,9,RF,7421,2014,,,,,,
106,9,RF,7421,2015,,,,,,
107,9,RF,7421,2016,,,,,,
108,9,RF,7421,2017,,,,,,
109,9,RF,7421,2018,,,,,,
110,9,RF,7421,2019,,,,,,
111,9,RF,7421,2020,,,,,,
112,9,RF,7421,2021,,,,,,
113,9,RF,7421,2022,,,,,,
114,9,RF,7422,1985,,,,,,
115,9,RF,7422,1986,,,,,,
116,9,RF,7422,1987,,,,,,
117,9,RF,7422,1988,,,,,,
118,9,RF,7422,1989,,,,,,
119,9,RF,7422,1990,,,,,,
120,9,RF,7422,1991,,,,,,
121,9,RF,7422,1992,,,,,,
122,9,RF,7422,1993,,,,,,
123,9,RF,7422,1994,,,,,,
124,9,RF,7422,1995,,,,,,
125,9,RF,7422,1996,,,,,,
126,9,RF,7422,1997,,,,,,
127,9,RF,7422,1998,,,,,,
128,9,RF,7422,1999,,,,,,
129,9,RF,7422,2000,,,,,,
130,9,RF,7422,2001,,,,,,
131,9,RF,7422,2002,,,,,,
132,9,RF,7422,2003,,,,,,
133,9,RF,7422,2004,,,,,,
134,9,RF,7422,2005,,,,,,
135,9,RF,7422,2006,,,,,,
136,9,RF,7422,2007,,,,,,
137,9,RF,7422,2008,,,,,,
138,9,RF,7422,2009,,,,,,
139,9,RF,7422,2010,,,,,,
140,9,RF,7422,2011,,,,,,
141,9,RF,7422,2012,,,,,,
142,9,RF,7422,2013,,,,,,
143,9,RF,7422,2014,,,,,,
144,9,RF,7422,2015,,,,,,
145,9,RF,7422,2016,,,,,,
146,9,RF,7422,2017,,,,,,
147,9,RF,7422,2018,,,,,,
148,9,RF,7422,2019,,,,,,
149,9,RF,7422,2020,,,,,,
150,9,RF,7422,2021,,,,,,
151,9,RF,7422,2022,,,,,,
152,9,RF,744,1985,,,,,,
153,9,RF,744,1986,,,,,,
154,9,RF,744,1987,,,,,,
155,9,RF,744,1988,,,,,,
156,9,RF,744,1989,,,,,,
157,9,RF,744,1990,,,,,,
158,9,RF,744,1991,,,,,,
159,9,RF,744,1992,,,,,,
160,9,RF,744,1993,,,,,,
161,9,RF,744,1994,,,,,,
162,9,RF,744,1995,,,,,,
163,9,RF,744,1996,,,,,,
164,9,RF,744,1997,,,,,,
165,9,RF,744,1998,,,,,,
166,9,RF,744,1999,,,,,,
167,9,RF,744,2000,,,,,,
168,9,RF,744,2001,,,,,,
169,9,RF,744,2002,,,,,,
170,9,RF,744,2003,,,,,,
171,9,RF,744,2004,,,,,,
172,9,RF,744,2005,,,,,,
173,9,RF,744,2006,,,,,,
174,9,RF,744,2007,,,,,,
175,9,RF,744,2008,,,,,,
176,9,RF,744,2009,,,,,,
177,9,RF,744,2010,,,,,,
178,9,RF,744,2011,,,,,,
179,9,RF,744,2012,,,,,,
180,9,RF,744,2013,,,,,,
181,9,RF,744,2014,,,,,,
182,9,RF,744,2015,,,,,,
183,9,RF,744,2016,,,,,,
184,9,RF,744,2017,,,,,,
185,9,RF,744,2018,,,,,,
186,9,RF,744,2019,,,,,,
187,9,RF,744,2020,,,,,,
188,9,RF,744,2021,,,,,,
189,9,RF,744,2022,,,,,,
190,9,RF,745,1985,,,,,,
191,9,RF,745,1986,,,,,,
192,9,RF,745,1987,,,,,,
193,9,RF,745,1988,,,,,,
194,9,RF,745,1989,,,,,,
195,9,RF,745,1990,,,,,,
196,9,RF,745,1991,,,,,,
197,9,RF,745,1992,,,,,,
198,9,RF,745,1993,,,,,,
199,9,RF,745,1994,,,,,,
200,9,RF,745,1995,,,,,,
201,9,RF,745,1996,,,,,,
202,9,RF,745,1997,,,,,,
203,9,RF,745,1998,,,,,,
204,9,RF,745,1999,,,,,,
205,9,RF,745,2000,,,,,,
206,9,RF,745,2001,,,,,,
207,9,RF,745,2002,,,,,,
208,9,RF,745,2003,,,,,,
209,9,RF,745,2004,,,,,,
210,9,RF,745,2005,,,,,,
211,9,RF,745,2006,,,,,,
212,9,RF,745,2007,,,,,,
213,9,RF,745,2008,,,,,,
214,9,RF,745,2009,,,,,,
215,9,RF,745,2010,,,,,,
216,9,RF,745,2011,,,,,,
217,9,RF,745,2012,,,,,,
218,9,RF,745,2013,,,,,,
219,9,RF,745,2014,,,,,,
220,9,RF,745,2015,,,,,,
221,9,RF,745,2016,,,,,,
222,9,RF,745,2017,,,,,,
223,9,RF,745,2018,,,,,,
224,9,RF,745,2019,,,,,,
225,9,RF,745,2020,,,,,,
226,9,RF,745,2021,,,,,,
227,9,RF,745,2022,,,,,,
228,9,RF,746,1985,,,,,,
229,9,RF,746,1986,,,,,,
230,9,RF,746,1987,,,,,,
231,9,RF,746,1988,,,,,,
232,9,RF,746,1989,,,,,,
233,9,RF,746,1990,,,,,,
234,9,RF,746,1991,,,,,,
235,9,RF,746,1992,,,,,,
236,9,RF,746,1993,,,,,,
237,9,RF,746,1994,,,,,,
238,9,RF,746,1995,,,,,,
239,9,RF,746,1996,,,,,,
240,9,RF,746,1997,,,,,,
241,9,RF,746,1998,,,,,,
242,9,RF,746,1999,,,,,,
243,9,RF,746,2000,,,,,,
244,9,RF,746,2001,,,,,,
245,9,RF,746,2002,,,,,,
246,9,RF,746,2003,,,,,,
247,9,RF,746,2004,,,,,,
248,9,RF,746,2005,,,,,,
249,9,RF,746,2006,,,,,,
250,9,RF,746,2007,,,,,,
251,9,RF,746,2008,,,,,,
252,9,RF,746,2009,,,,,,
253,9,RF,746,2010,,,,,,
254,9,RF,746,2011,,,,,,
255,9,RF,746,2012,,,,,,
256,9,RF,746,2013,,,,,,
257,9,RF,746,2014,,,,,,
258,9,RF,746,2015,,,,,,
259,9,RF,746,2016,,,,,,
260,9,RF,746,2017,,,,,,
261,9,RF,746,2018,,,,,,
262,9,RF,746,2019,,,,,,
263,9,RF,746,2020,,,,,,
264,9,RF,746,2021,,,,,,
265,9,RF,746,2022,,,,,,
266,9,RF,751,1985,,,,,,
267,9,RF,751,1986,,,,,,
268,9,RF,751,1987,,,,,,
269,9,RF,751,1988,,,,,,
270,9,RF,751,1989,,,,,,
271,9,RF,751,1990,,,,,,
272,9,RF,751,1991,,,,,,
273,9,RF,751,1992,,,,,,
274,9,RF,751,1993,,,,,,
275,9,RF,751,1994,,,,,,
276,9,RF,751,1995,,,,,,
277,9,RF,751,1996,,,,,,
278,9,RF,751,1997,,,,,,
279,9,RF,751,1998,,,,,,
280,9,RF,751,1999,,,,,,
281,9,RF,751,2000,,,,,,
282,9,RF,751,2001,,,,,,
283,9,RF,751,2002,,,,,,
284,9,RF,751,2003,,,,,,
285,9,RF,751,2004,,,,,,
286,9,RF,751,2005,,,,,,
287,9,RF,751,2006,,,,,,
288,9,RF,751,2007,,,,,,
289,9,RF,751,2008,,,,,,
290,9,RF,751,2009,,,,,,
291,9,RF,751,2010,,,,,,
292,9,RF,751,2011,,,,,,
293,9,RF,751,2012,,,,,,
294,9,RF,751,2013,,,,,,
295,9,RF,751,2014,,,,,,
296,9,RF,751,2015,,,,,,
297,9,RF,751,2016,,,,,,
298,9,RF,751,2017,,,,,,
299,9,RF,751,2018,,,,,,
300,9,RF,751,2019,,,,,,
301,9,RF,751,2020,,,,,,
302,9,RF,751,2021,,,,,,
303,9,RF,751,2022,,,,,,
304,9,RF,752,1985,,,,,,
305,9,RF,752,1986,,,,,,
306,9,RF,752,1987,,,,,,
307,9,RF,752,1988,,,,,,
308,9,RF,752,1989,,,,,,
309,9,RF,752,1990,,,,,,
310,9,RF,752,1991,,,,,,
311,9,RF,752,1992,,,,,,
312,9,RF,752,1993,,,,,,
313,9,RF,752,1994,,,,,,
314,9,RF,752,1995,,,,,,
315,9,RF,752,1996,,,,,,
316,9,RF,752,1997,,,,,,
317,9,RF,752,1998,,,,,,
318,9,RF,752,1999,,,,,,
319,9,RF,752,2000,,,,,,
320,9,RF,752,2001,,,,,,
321,9,RF,752,2002,,,,,,
322,9,RF,752,2003,,,,,,
323,9,RF,752,2004,,,,,,
324,9,RF,752,2005,,,,,,
325,9,RF,752,2006,,,,,,
326,9,RF,752,2007,,,,,,
327,9,RF,752,2008,,,,,,
328,9,RF,752,2009,,,,,,
329,9,RF,752,2010,,,,,,
330,9,RF,752,2011,,,,,,
331,9,RF,752,2012,,,,,,
332,9,RF,752,2013,,,,,,
333,9,RF,752,2014,,,,,,
334,9,RF,752,2015,,,,,,
335,9,RF,752,2016,,,,,,
336,9,RF,752,2017,,,,,,
337,9,RF,752,2018,,,,,,
338,9,RF,752,2019,,,,,,
339,9,RF,752,2020,,,,,,
340,9,RF,752,2021,,,,,,
341,9,RF,752,2022,,,,,,
342,9,RF,7492,1985,,,,,,
343,9,RF,7492,1986,,,,,,
344,9,RF,7492,1987,,,,,,
345,9,RF,7492,1988,,,,,,
346,9,RF,7492,1989,,,,,,
347,9,RF,7492,1990,,,,,,
348,9,RF,7492,1991,,,,,,
349,9,RF,7492,1992,,,,,,
350,9,RF,7492,1993,,,,,,
351,9,RF,7492,1994,,,,,,
352,9,RF,7492,1995,,,,,,
353,9,RF,7492,1996,,,,,,
354,9,RF,7492,1997,,,,,,
355,9,RF,7492,1998,,,,,,
356,9,RF,7492,1999,,,,,,
357,9,RF,7492,2000,,,,,,
358,9,RF,7492,2001,,,,,,
359,9,RF,7492,2002,,,,,,
360,9,RF,7492,2003,,,,,,
361,9,RF,7492,2004,,,,,,
362,9,RF,7492,2005,,,,,,
363,9,RF,7492,2006,,,,,,
364,9,RF,7492,2007,,,,,,
365,9,RF,7492,2008,,,,,,
366,9,RF,7492,2009,,,,,,
367,9,RF,7492,2010,,,,,,
368,9,RF,7492,2011,,,,,,
369,9,RF,7492,2012,,,,,,
370,9,RF,7492,2013,,,,,,
371,9,RF,7492,2014,,,,,,
372,9,RF,7492,2015,,,,,,
373,9,RF,7492,2016,,,,,,
374,9,RF,7492,2017,,,,,,
375,9,RF,7492,2018,,,,,,
376,9,RF,7492,2019,,,,,,
377,9,RF,7492,2020,,,,,,
378,9,RF,7492,2021,,,,,,
379,9,RF,7492,2022,,,,,,
380,9,RF,753,1985,,,,,,
381,9,RF,753,1986,,,,,,
382,9,RF,753,1987,,,,,,
383,9,RF,753,1988,,,,,,
384,9,RF,753,1989,,,,,,
385,9,RF,753,1990,,,,,,
386,9,RF,753,1991,,,,,,
387,9,RF,753,1992,,,,,,
388,9,RF,753,1993,,,,,,
389,9,RF,753,1994,,,,,,
390,9,RF,753,1995,,,,,,
391,9,RF,753,1996,,,,,,
392,9,RF,753,1997,,,,,,
393,9,RF,753,1998,,,,,,
394,9,RF,753,1999,,,,,,
395,9,RF,753,2000,,,,,,
396,9,RF,753,2001,,,,,,
397,9,RF,753,2002,,,,,,
398,9,RF,753,2003,,,,,,
399,9,RF,753,2004,,,,,,
400,9,RF,753,2005,,,,,,
401,9,RF,753,2006,,,,,,
402,9,RF,753,2007,,,,,,
403,9,RF,753,2008,,,,,,
404,9,RF,753,2009,,,,,,
405,9,RF,753,2010,,,,,,
406,9,RF,753,2011,,,,,,
407,9,RF,753,2012,,,,,,
408,9,RF,753,2013,,,,,,
409,9,RF,753,2014,,,,,,
410,9,RF,753,2015,,,,,,
411,9,RF,753,2016,,,,,,
412,9,RF,753,2017,,,,,,
413,9,RF,753,2018,,,,,,
414,9,RF,753,2019,,,,,,
415,9,RF,753,2020,,,,,,
416,9,RF,753,2021,,,,,,
417,9,RF,753,2022,,,,,,
418,9,RF,754,1985,,,,,,
419,9,RF,754,1986,,,,,,
420,9,RF,754,1987,,,,,,
421,9,RF,754,1988,,,,,,
422,9,RF,754,1989,,,,,,
423,9,RF,754,1990,,,,,,
424,9,RF,754,1991,,,,,,
425,9,RF,754,1992,,,,,,
426,9,RF,754,1993,,,,,,
427,9,RF,754,1994,,,,,,
428,9,RF,754,1995,,,,,,
429,9,RF,754,1996,,,,,,
430,9,RF,754,1997,,,,,,
431,9,RF,754,1998,,,,,,
432,9,RF,754,1999,,,,,,
433,9,RF,754,2000,,,,,,
434,9,RF,754,2001,,,,,,
435,9,RF,754,2002,,,,,,
436,9,RF,754,2003,,,,,,
437,9,RF,754,2004,,,,,,
438,9,RF,754,2005,,,,,,
439,9,RF,754,2006,,,,,,
440,9,RF,754,2007,,,,,,
441,9,RF,754,2008,,,,,,
442,9,RF,754,2009,,,,,,
443,9,RF,754,2010,,,,,,
444,9,RF,754,2011,,,,,,
445,9,RF,754,2012,,,,,,
446,9,RF,754,2013,,,,,,
447,9,RF,754,2014,,,,,,
448,9,RF,754,2015,,,,,,
449,9,RF,754,2016,,,,,,
450,9,RF,754,2017,,,,,,
451,9,RF,754,2018,,,,,,
452,9,RF,754,2019,,,,,,
453,9,RF,754,2020,,,,,,
454,9,RF,754,2021,,,,,,
455,9,RF,754,2022,,,,,,
456,9,RF,755,1985,,,,,,
457,9,RF,755,1986,,,,,,
458,9,RF,755,1987,,,,,,
459,9,RF,755,1988,,,,,,
460,9,RF,755,1989,,,,,,
461,9,RF,755,1990,,,,,,
462,9,RF,755,1991,,,,,,
463,9,RF,755,1992,,,,,,
464,9,RF,755,1993,,,,,,
465,9,RF,755,1994,,,,,,
466,9,RF,755,1995,,,,,,
467,9,RF,755,1996,,,,,,
468,9,RF,755,1997,,,,,,
469,9,RF,755,1998,,,,,,
470,9,RF,755,1999,,,,,,
471,9,RF,755,2000,,,,,,
472,9,RF,755,2001,,,,,,
473,9,RF,755,2002,,,,,,
474,9,RF,755,2003,,,,,,
475,9,RF,755,2004,,,,,,
476,9,RF,755,2005,,,,,,
477,9,RF,755,2006,,,,,,
478,9,RF,755,2007,,,,,,
479,9,RF,755,2008,,,,,,
480,9,RF,755,2009,,,,,,
481,9,RF,755,2010,,,,,,
482,9,RF,755,2011,,,,,,
483,9,RF,755,2012,,,,,,
484,9,RF,755,2013,,,,,,
485,9,RF,755,2014,,,,,,
486,9,RF,755,2015,,,,,,
487,9,RF,755,2016,,,,,,
488,9,RF,755,2017,,,,,,
489,9,RF,755,2018,,,,,,
490,9,RF,755,2019,,,,,,
491,9,RF,755,2020,,,,,,
492,9,RF,755,2021,,,,,,
493,9,RF,755,2022,,,,,,
494,9,RF,756,1985,,,,,,
495,9,RF,756,1986,,,,,,
496,9,RF,756,1987,,,,,,
497,9,RF,756,1988,,,,,,
498,9,RF,756,1989,,,,,,
499,9,RF,756,1990,,,,,,
500,9,RF,756,1991,,,,,,
501,9,RF,756,1992,,,,,,
502,9,RF,756,1993,,,,,,
503,9,RF,756,1994,,,,,,
504,9,RF,756,1995,,,,,,
505,9,RF,756,1996,,,,,,
506,9,RF,756,1997,,,,,,
507,9,RF,756,1998,,,,,,
508,9,RF,756,1999,,,,,,
509,9,RF,756,2000,,,,,,
510,9,RF,756,2001,,,,,,
511,9,RF,756,2002,,,,,,
512,9,RF,756,2003,,,,,,
513,9,RF,756,2004,,,,,,
514,9,RF,756,2005,,,,,,
515,9,RF,756,2006,,,,,,
516,9,RF,756,2007,,,,,,
517,9,RF,756,2008,,,,,,
518,9,RF,756,2009,,,,,,
519,9,RF,756,2010,,,,,,
520,9,RF,756,2011,,,,,,
521,9,RF,756,2012,,,,,,
522,9,RF,756,2013,,,,,,
523,9,RF,756,2014,,,,,,
524,9,RF,756,2015,,,,,,
525,9,RF,756,2016,,,,,,
526,9,RF,756,2017,,,,,,
527,9,RF,756,2018,,,,,,
528,9,RF,756,2019,,,,,,
529,9,RF,756,2020,,,,,,
530,9,RF,756,2021,,,,,,
531,9,RF,756,2022,,,,,,
532,9,RF,757,1985,,,,,,
533,9,RF,757,1986,,,,,,
534,9,RF,757,1987,,,,,,
535,9,RF,757,1988,,,,,,
536,9,RF,757,1989,,,,,,
537,9,RF,757,1990,,,,,,
538,9,RF,757,1991,,,,,,
539,9,RF,757,1992,,,,,,
540,9,RF,757,1993,,,,,,
541,9,RF,757,1994,,,,,,
542,9,RF,757,1995,,,,,,
543,9,RF,757,1996,,,,,,
544,9,RF,757,1997,,,,,,
545,9,RF,757,1998,,,,,,
546,9,RF,757,1999,,,,,,
547,9,RF,757,2000,,,,,,
548,9,RF,757,2001,,,,,,
549,9,RF,757,2002,,,,,,
550,9,RF,757,2003,,,,,,
551,9,RF,757,2004,,,,,,
552,9,RF,757,2005,,,,,,
553,9,RF,757,2006,,,,,,
554,9,RF,757,2007,,,,,,
555,9,RF,757,2008,,,,,,
556,9,RF,757,2009,,,,,,
557,9,RF,757,2010,,,,,,
558,9,RF,757,2011,,,,,,
559,9,RF,757,2012,,,,,,
560,9,RF,757,2013,,,,,,
561,9,RF,757,2014,,,,,,
562,9,RF,757,2015,,,,,,
563,9,RF,757,2016,,,,,,
564,9,RF,757,2017,,,,,,
565,9,RF,757,2018,,,,,,
566,9,RF,757,2019,,,,,,
567,9,RF,757,2020,,,,,,
568,9,RF,757,2021,,,,,,
569,9,RF,757,2022,,,,,,
570,9,RF,758,1985,,,,,,
571,9,RF,758,1986,,,,,,
572,9,RF,758,1987,,,,,,
573,9,RF,758,1988,,,,,,
574,9,RF,758,1989,,,,,,
575,9,RF,758,1990,,,,,,
576,9,RF,758,1991,,,,,,
577,9,RF,758,1992,,,,,,
578,9,RF,758,1993,,,,,,
579,9,RF,758,1994,,,,,,
580,9,RF,758,1995,,,,,,
581,9,RF,758,1996,,,,,,
582,9,RF,758,1997,,,,,,
583,9,RF,758,1998,,,,,,
584,9,RF,758,1999,,,,,,
585,9,RF,758,2000,,,,,,
586,9,RF,758,2001,,,,,,
587,9,RF,758,2002,,,,,,
588,9,RF,758,2003,,,,,,
589,9,RF,758,2004,,,,,,
590,9,RF,758,2005,,,,,,
591,9,RF,758,2006,,,,,,
592,9,RF,758,2007,,,,,,
593,9,RF,758,2008,,,,,,
594,9,RF,758,2009,,,,,,
595,9,RF,758,2010,,,,,,
596,9,RF,758,2011,,,,,,
597,9,RF,758,2012,,,,,,
598,9,RF,758,2013,,,,,,
599,9,RF,758,2014,,,,,,
600,9,RF,758,2015,,,,,,
601,9,RF,758,2016,,,,,,
602,9,RF,758,2017,,,,,,
603,9,RF,758,2018,,,,,,
604,9,RF,758,2019,,,,,,
605,9,RF,758,2020,,,,,,
606,9,RF,758,2021,,,,,,
607,9,RF,758,2022,,,,,,
608,9,RF,759,1985,,,,,,
609,9,RF,759,1986,,,,,,
610,9,RF,759,1987,,,,,,
611,9,RF,759,1988,,,,,,
612,9,RF,759,1989,,,,,,
613,9,RF,759,1990,,,,,,
614,9,RF,759,1991,,,,,,
615,9,RF,759,1992,,,,,,
616,9,RF,759,1993,,,,,,
617,9,RF,759,1994,,,,,,
618,9,RF,759,1995,,,,,,
619,9,RF,759,1996,,,,,,
620,9,RF,759,1997,,,,,,
621,9,RF,759,1998,,,,,,
622,9,RF,759,1999,,,,,,
623,9,RF,759,2000,,,,,,
624,9,RF,759,2001,,,,,,
625,9,RF,759,2002,,,,,,
626,9,RF,759,2003,,,,,,
627,9,RF,759,2004,,,,,,
628,9,RF,759,2005,,,,,,
629,9,RF,759,2006,,,,,,
630,9,RF,759,2007,,,,,,
631,9,RF,759,2008,,,,,,
632,9,RF,759,2009,,,,,,
633,9,RF,759,2010,,,,,,
634,9,RF,759,2011,,,,,,
635,9,RF,759,2012,,,,,,
636,9,RF,759,2013,,,,,,
637,9,RF,759,2014,,,,,,
638,9,RF,759,2015,,,,,,
639,9,RF,759,2016,,,,,,
640,9,RF,759,2017,,,,,,
641,9,RF,759,2018,,,,,,
642,9,RF,759,2019,,,,,,
643,9,RF,759,2020,,,,,,
644,9,RF,759,2021,,,,,,
645,9,RF,759,2022,,,,,,
646,9,RF,7621,1985,,,,,,
647,9,RF,7621,1986,,,,,,
648,9,RF,7621,1987,,,,,,
649,9,RF,7621,1988,,,,,,
650,9,RF,7621,1989,,,,,,
651,9,RF,7621,1990,,,,,,
652,9,RF,7621,1991,,,,,,
653,9,RF,7621,1992,,,,,,
654,9,RF,7621,1993,,,,,,
655,9,RF,7621,1994,,,,,,
656,9,RF,7621,1995,,,,,,
657,9,RF,7621,1996,,,,,,
658,9,RF,7621,1997,,,,,,
659,9,RF,7621,1998,,,,,,
660,9,RF,7621,1999,,,,,,
661,9,RF,7621,2000,,,,,,
662,9,RF,7621,2001,,,,,,
663,9,RF,7621,2002,,,,,,
664,9,RF,7621,2003,,,,,,
665,9,RF,7621,2004,,,,,,
666,9,RF,7621,2005,,,,,,
667,9,RF,7621,2006,,,,,,
668,9,RF,7621,2007,,,,,,
669,9,RF,7621,2008,,,,,,
670,9,RF,7621,2009,,,,,,
671,9,RF,7621,2010,,,,,,
672,9,RF,7621,2011,,,,,,
673,9,RF,7621,2012,,,,,,
674,9,RF,7621,2013,,,,,,
675,9,RF,7621,2014,,,,,,
676,9,RF,7621,2015,,,,,,
677,9,RF,7621,2016,,,,,,
678,9,RF,7621,2017,,,,,,
679,9,RF,7621,2018,,,,,,
680,9,RF,7621,2019,,,,,,
681,9,RF,7621,2020,,,,,,
682,9,RF,7621,2021,,,,,,
683,9,RF,7621,2022,,,,,,
684,9,RF,7622,1985,,,,,,
685,9,RF,7622,1986,,,,,,
686,9,RF,7622,1987,,,,,,
687,9,RF,7622,1988,,,,,,
688,9,RF,7622,1989,,,,,,
689,9,RF,7622,1990,,,,,,
690,9,RF,7622,1991,,,,,,
691,9,RF,7622,1992,,,,,,
692,9,RF,7622,1993,,,,,,
693,9,RF,7622,1994,,,,,,
694,9,RF,7622,1995,,,,,,
695,9,RF,7622,1996,,,,,,
696,9,RF,7622,1997,,,,,,
697,9,RF,7622,1998,,,,,,
698,9,RF,7622,1999,,,,,,
699,9,RF,7622,2000,,,,,,
700,9,RF,7622,2001,,,,,,
701,9,RF,7622,2002,,,,,,
702,9,RF,7622,2003,,,,,,
703,9,RF,7622,2004,,,,,,
704,9,RF,7622,2005,,,,,,
705,9,RF,7622,2006,,,,,,
706,9,RF,7622,2007,,,,,,
707,9,RF,7622,2008,,,,,,
708,9,RF,7622,2009,,,,,,
709,9,RF,7622,2010,,,,,,
710,9,RF,7622,2011,,,,,,
711,9,RF,7622,2012,,,,,,
712,9,RF,7622,2013,,,,,,
713,9,RF,7622,2014,,,,,,
714,9,RF,7622,2015,,,,,,
715,9,RF,7622,2016,,,,,,
716,9,RF,7622,2017,,,,,,
717,9,RF,7622,2018,,,,,,
718,9,RF,7622,2019,,,,,,
719,9,RF,7622,2020,,,,,,
720,9,RF,7622,2021,,,,,,
721,9,RF,7622,2022,,,,,,
722,9,RF,763,1985,,,,,,
723,9,RF,763,1986,,,,,,
724,9,RF,763,1987,,,,,,
725,9,RF,763,1988,,,,,,
726,9,RF,763,1989,,,,,,
727,9,RF,763,1990,,,,,,
728,9,RF,763,1991,,,,,,
729,9,RF,763,1992,,,,,,
730,9,RF,763,1993,,,,,,
731,9,RF,763,1994,,,,,,
732,9,RF,763,1995,,,,,,
733,9,RF,763,1996,,,,,,
734,9,RF,763,1997,,,,,,
735,9,RF,763,1998,,,,,,
736,9,RF,763,1999,,,,,,
737,9,RF,763,2000,,,,,,
738,9,RF,763,2001,,,,,,
739,9,RF,763,2002,,,,,,
740,9,RF,763,2003,,,,,,
741,9,RF,763,2004,,,,,,
742,9,RF,763,2005,,,,,,
743,9,RF,763,2006,,,,,,
744,9,RF,763,2007,,,,,,
745,9,RF,763,2008,,,,,,
746,9,RF,763,2009,,,,,,
747,9,RF,763,2010,,,,,,
748,9,RF,763,2011,,,,,,
749,9,RF,763,2012,,,,,,
750,9,RF,763,2013,,,,,,
751,9,RF,763,2014,,,,,,
752,9,RF,763,2015,,,,,,
753,9,RF,763,2016,,,,,,
754,9,RF,763,2017,,,,,,
755,9,RF,763,2018,,,,,,
756,9,RF,763,2019,,,,,,
757,9,RF,763,2020,,,,,,
758,9,RF,763,2021,,,,,,
759,9,RF,763,2022,,,,,,
760,9,RF,764,1985,,,,,,
761,9,RF,764,1986,,,,,,
762,9,RF,764,1987,,,,,,
763,9,RF,764,1988,,,,,,
764,9,RF,764,1989,,,,,,
765,9,RF,764,1990,,,,,,
766,9,RF,764,1991,,,,,,
767,9,RF,764,1992,,,,,,
768,9,RF,764,1993,,,,,,
769,9,RF,764,1994,,,,,,
770,9,RF,764,1995,,,,,,
771,9,RF,764,1996,,,,,,
772,9,RF,764,1997,,,,,,
773,9,RF,764,1998,,,,,,
774,9,RF,764,1999,,,,,,
775,9,RF,764,2000,,,,,,
776,9,RF,764,2001,,,,,,
777,9,RF,764,2002,,,,,,
778,9,RF,764,2003,,,,,,
779,9,RF,764,2004,,,,,,
780,9,RF,764,2005,,,,,,
781,9,RF,764,2006,,,,,,
782,9,RF,764,2007,,,,,,
783,9,RF,764,2008,,,,,,
784,9,RF,764,2009,,,,,,
785,9,RF,764,2010,,,,,,
786,9,RF,764,2011,,,,,,
787,9,RF,764,2012,,,,,,
788,9,RF,764,2013,,,,,,
789,9,RF,764,2014,,,,,,
790,9,RF,764,2015,,,,,,
791,9,RF,764,2016,,,,,,
792,9,RF,764,2017,,,,,,
793,9,RF,764,2018,,,,,,
794,9,RF,764,2019,,,,,,
795,9,RF,764,2020,,,,,,
796,9,RF,764,2021,,,,,,
797,9,RF,764,2022,,,,,,
798,9,RF,765,1985,,,,,,
799,9,RF,765,1986,,,,,,
800,9,RF,765,1987,,,,,,
801,9,RF,765,1988,,,,,,
802,9,RF,765,1989,,,,,,
803,9,RF,765,1990,,,,,,
804,9,RF,765,1991,,,,,,
805,9,RF,765,1992,,,,,,
806,9,RF,765,1993,,,,,,
807,9,RF,765,1994,,,,,,
808,9,RF,765,1995,,,,,,
809,9,RF,765,1996,,,,,,
810,9,RF,765,1997,,,,,,
811,9,RF,765,1998,,,,,,
812,9,RF,765,1999,,,,,,
813,9,RF,765,2000,,,,,,
814,9,RF,765,2001,,,,,,
815,9,RF,765,2002,,,,,,
816,9,RF,765,2003,,,,,,
817,9,RF,765,2004,,,,,,
818,9,RF,765,2005,,,,,,
819,9,RF,765,2006,,,,,,
820,9,RF,765,2007,,,,,,
821,9,RF,765,2008,,,,,,
822,9,RF,765,2009,,,,,,
823,9,RF,765,2010,,,,,,
824,9,RF,765,2011,,,,,,
825,9,RF,765,2012,,,,,,
826,9,RF,765,2013,,,,,,
827,9,RF,765,2014,,,,,,
828,9,RF,765,2015,,,,,,
829,9,RF,765,2016,,,,,,
830,9,RF,765,2017,,,,,,
831,9,RF,765,2018,,,,,,
832,9,RF,765,2019,,,,,,
833,9,RF,765,2020,,,,,,
834,9,RF,765,2021,,,,,,
835,9,RF,765,2022,,,,,,
836,9,RF,766,1985,,,,,,
837,9,RF,766,1986,,,,,,
838,9,RF,766,1987,,,,,,
839,9,RF,766,1988,,,,,,
840,9,RF,766,1989,,,,,,
841,9,RF,766,1990,,,,,,
842,9,RF,766,1991,,,,,,
843,9,RF,766,1992,,,,,,
844,9,RF,766,1993,,,,,,
845,9,RF,766,1994,,,,,,
846,9,RF,766,1995,,,,,,
847,9,RF,766,1996,,,,,,
848,9,RF,766,1997,,,,,,
849,9,RF,766,1998,,,,,,
850,9,RF,766,1999,,,,,,
851,9,RF,766,2000,,,,,,
852,9,RF,766,2001,,,,,,
853,9,RF,766,2002,,,,,,
854,9,RF,766,2003,,,,,,
855,9,RF,766,2004,,,,,,
856,9,RF,766,2005,,,,,,
857,9,RF,766,2006,,,,,,
858,9,RF,766,2007,,,,,,
859,9,RF,766,2008,,,,,,
860,9,RF,766,2009,,,,,,
861,9,RF,766,2010,,,,,,
862,9,RF,766,2011,,,,,,
863,9,RF,766,2012,,,,,,
864,9,RF,766,2013,,,,,,
865,9,RF,766,2014,,,,,,
866,9,RF,766,2015,,,,,,
867,9,RF,766,2016,,,,,,
868,9,RF,766,2017,,,,,,
869,9,RF,766,2018,,,,,,
870,9,RF,766,2019,,,,,,
871,9,RF,766,2020,,,,,,
872,9,RF,766,2021,,,,,,
873,9,RF,766,2022,,,,,,
874,9,RF,767,1985,,,,,,
875,9,RF,767,1986,,,,,,
876,9,RF,767,1987,,,,,,
877,9,RF,767,1988,,,,,,
878,9,RF,767,1989,,,,,,
879,9,RF,767,1990,,,,,,
880,9,RF,767,1991,,,,,,
881,9,RF,767,1992,,,,,,
882,9,RF,767,1993,,,,,,
883,9,RF,767,1994,,,,,,
884,9,RF,767,1995,,,,,,
885,9,RF,767,1996,,,,,,
886,9,RF,767,1997,,,,,,
887,9,RF,767,1998,,,,,,
888,9,RF,767,1999,,,,,,
889,9,RF,767,2000,,,,,,
890,9,RF,767,2001,,,,,,
891,9,RF,767,2002,,,,,,
892,9,RF,767,2003,,,,,,
893,9,RF,767,2004,,,,,,
894,9,RF,767,2005,,,,,,
895,9,RF,767,2006,,,,,,
896,9,RF,767,2007,,,,,,
897,9,RF,767,2008,,,,,,
898,9,RF,767,2009,,,,,,
899,9,RF,767,2010,,,,,,
900,9,RF,767,2011,,,,,,
901,9,RF,767,2012,,,,,,
902,9,RF,767,2013,,,,,,
903,9,RF,767,2014,,,,,,
904,9,RF,767,2015,,,,,,
905,9,RF,767,2016,,,,,,
906,9,RF,767,2017,,,,,,
907,9,RF,767,2018,,,,,,
908,9,RF,767,2019,,,,,,
909,9,RF,767,2020,,,,,,
910,9,RF,767,2021,,,,,,
911,9,RF,767,2022,,,,,,
912,9,RF,771,1985,,,,,,
913,9,RF,771,1986,,,,,,
914,9,RF,771,1987,,,,,,
915,9,RF,771,1988,,,,,,
916,9,RF,771,1989,,,,,,
917,9,RF,771,1990,,,,,,
918,9,RF,771,1991,,,,,,
919,9,RF,771,1992,,,,,,
920,9,RF,771,1993,,,,,,
921,9,RF,771,1994,,,,,,
922,9,RF,771,1995,,,,,,
923,9,RF,771,1996,,,,,,
924,9,RF,771,1997,,,,,,
925,9,RF,771,1998,,,,,,
926,9,RF,771,1999,,,,,,
927,9,RF,771,2000,,,,,,
928,9,RF,771,2001,,,,,,
929,9,RF,771,2002,,,,,,
930,9,RF,771,2003,,,,,,
931,9,RF,771,2004,,,,,,
932,9,RF,771,2005,,,,,,
933,9,RF,771,2006,,,,,,
934,9,RF,771,2007,,,,,,
935,9,RF,771,2008,,,,,,
936,9,RF,771,2009,,,,,,
937,9,RF,771,2010,,,,,,
938,9,RF,771,2011,,,,,,
939,9,RF,771,2012,,,,,,
940,9,RF,771,2013,,,,,,
941,9,RF,771,2014,,,,,,
942,9,RF,771,2015,,,,,,
943,9,RF,771,2016,,,,,,
944,9,RF,771,2017,,,,,,
945,9,RF,771,2018,,,,,,
946,9,RF,771,2019,,,,,,
947,9,RF,771,2020,,,,,,
948,9,RF,771,2021,,,,,,
949,9,RF,771,2022,,,,,,
950,9,RF,772,1985,,,,,,
951,9,RF,772,1986,,,,,,
952,9,RF,772,1987,,,,,,
953,9,RF,772,1988,,,,,,
954,9,RF,772,1989,,,,,,
955,9,RF,772,1990,,,,,,
956,9,RF,772,1991,,,,,,
957,9,RF,772,1992,,,,,,
958,9,RF,772,1993,,,,,,
959,9,RF,772,1994,,,,,,
960,9,RF,772,1995,,,,,,
961,9,RF,772,1996,,,,,,
962,9,RF,772,1997,,,,,,
963,9,RF,772,1998,,,,,,
964,9,RF,772,1999,,,,,,
965,9,RF,772,2000,,,,,,
966,9,RF,772,2001,,,,,,
967,9,RF,772,2002,,,,,,
968,9,RF,772,2003,,,,,,
969,9,RF,772,2004,,,,,,
970,9,RF,772,2005,,,,,,
971,9,RF,772,2006,,,,,,
972,9,RF,772,2007,,,,,,
973,9,RF,772,2008,,,,,,
974,9,RF,772,2009,,,,,,
975,9,RF,772,2010,,,,,,
976,9,RF,772,2011,,,,,,
977,9,RF,772,2012,,,,,,
978,9,RF,772,2013,,,,,,
979,9,RF,772,2014,,,,,,
980,9,RF,772,2015,,,,,,
981,9,RF,772,2016,,,,,,
982,9,RF,772,2017,,,,,,
983,9,RF,772,2018,,,,,,
984,9,RF,772,2019,,,,,,
985,9,RF,772,2020,,,,,,
986,9,RF,772,2021,,,,,,
987,9,RF,772,2022,,,,,,
988,9,RF,773,1985,,,,,,
989,9,RF,773,1986,,,,,,
990,9,RF,773,1987,,,,,,
991,9,RF,773,1988,,,,,,
992,9,RF,773,1989,,,,,,
993,9,RF,773,1990,,,,,,
994,9,RF,773,1991,,,,,,
995,9,RF,773,1992,,,,,,
996,9,RF,773,1993,,,,,,
997,9,RF,773,1994,,,,,,
998,9,RF,773,1995,,,,,,
999,9,RF,773,1996,,,,,,
1000,9,RF,773,1997,,,,,,
1001,9,RF,773,1998,,,,,,
1002,9,RF,773,1999,,,,,,
1003,9,RF,773,2000,,,,,,
1004,9,RF,773,2001,,,,,,
1005,9,RF,773,2002,,,,,,
1006,9,RF,773,2003,,,,,,
1007,9,RF,773,2004,,,,,,
1008,9,RF,773,2005,,,,,,
1009,9,RF,773,2006,,,,,,
1010,9,RF,773,2007,,,,,,
1011,9,RF,773,2008,,,,,,
1012,9,RF,773,2009,,,,,,
1013,9,RF,773,2010,,,,,,
1014,9,RF,773,2011,,,,,,
1015,9,RF,773,2012,,,,,,
1016,9,RF,773,2013,,,,,,
1017,9,RF,773,2014,,,,,,
1018,9,RF,773,2015,,,,,,
1019,9,RF,773,2016,,,,,,
1020,9,RF,773,2017,,,,,,
1021,9,RF,773,2018,,,,,,
1022,9,RF,773,2019,,,,,,
1023,9,RF,773,2020,,,,,,
1024,9,RF,773,2021,,,,,,
1025,9,RF,773,2022,,,,,,
1026,9,RF,7741,1985,0.2857142857142857,0.2048065055440427,0.16782250934086307,0.15360487915803203,0.153700304504966,0.0958015636758001
1027,9,RF,7741,1986,0.4368131868131868,0.2856622628726287,0.18673172798343463,0.1904415085817525,0.17013658512527957,0.11119501289526183
1028,9,RF,7741,1987,0.4258241758241758,0.2633719502291661,0.18341421350789033,0.17558130015277737,0.16220482764873514,0.10555720999775134
1029,9,RF,7741,1988,0.41208791208791207,0.30665377597555404,0.20455252760337736,0.22999033198166555,0.1837797232109626,0.11521890113428901
1030,9,RF,7741,1989,0.38186813186813184,0.2121074879227053,0.22207157208813758,0.159080615942029,0.17722936954804577,0.11509008632301596
1031,9,RF,7741,1990,0.4423076923076923,0.21992882105046765,0.19648288730414334,0.1466192140336451,0.159311821947372,0.10577197737346439
1032,9,RF,7741,1991,0.5054945054945055,0.296906514648233,0.21077638895346498,0.1979376764321553,0.19080274976847805,0.1280664771055986
1033,9,RF,7741,1992,0.2857142857142857,0.19306123466251698,0.17324620778229027,0.1287074897750113,0.11775385535477809,0.07002793435754924
1034,9,RF,7741,1993,0.5054945054945055,0.32271105010295126,0.2310374149659864,0.24203328757721343,0.21887450449921464,0.14919872537323806
1035,9,RF,7741,1994,0.3956043956043956,0.2752689679739578,0.19496565604897834,0.18351264531597183,0.1648015482951913,0.10644696804614714
1036,9,RF,7741,1995,0.40934065934065933,0.2921122552758708,0.19746647995235567,0.1947415035172472,0.17848242507740716,0.11402641516376666
1037,9,RF,7741,1996,0.521978021978022,0.3378792038435141,0.20963876788993552,0.22525280256234273,0.20146307705226127,0.1378944002930735
1038,9,RF,7741,1997,0.36813186813186816,0.2864896496232902,0.19981557206123562,0.21486723721746764,0.17640824315180798,0.10778709315387258
1039,9,RF,7741,1998,0.4368131868131868,0.2380651755651756,0.2049962200102706,0.1587101170434504,0.17147322999543407,0.11593443178904356
1040,9,RF,7741,1999,0.39285714285714285,0.22637242229749807,0.21472706869097297,0.16977931672312355,0.1759470777813169,0.11338138052970725
1041,9,RF,7741,2000,0.46703296703296704,0.3011248043818467,0.20238351106004046,0.20074986958789776,0.18388072997420746,0.1220929585026948
1042,9,RF,7741,2001,0.5054945054945055,0.3344580777096115,0.22189041313687474,0.22297205180640767,0.20087223144498684,0.1382178731469617
1043,9,RF,7741,2002,0.4230769230769231,0.3378745644599303,0.21026977952073372,0.21117160278745645,0.1860833987299149,0.11963613622210015
1044,9,RF,7741,2003,0.45879120879120877,0.2864185331576636,0.2039262618627698,0.19094568877177573,0.18015629010869771,0.12120307597706415
1045,9,RF,7741,2004,0.5054945054945055,0.32409238402886914,0.2398408100613983,0.24306928802165184,0.2246281491971147,0.15479114324121046
1046,9,RF,7741,2005,0.4175824175824176,0.30597089878025785,0.21504210658622425,0.22947817408519341,0.18429198500069752,0.11735676315463683
1047,9,RF,7741,2006,0.45054945054945056,0.3569698255232128,0.23362651946478147,0.26772736914240963,0.21229353582294758,0.13789791271211582
1048,9,RF,7741,2007,0.47802197802197804,0.4600134501127903,0.41921689976320226,0.4600134501127903,0.39408842291495355,0.3076625594626122
1049,9,RF,7741,2008,0.521978021978022,0.4176757781472734,0.2927014821489271,0.36546630587886425,0.3014934505828074,0.21097980796531804
1050,9,RF,7741,2009,0.5027472527472527,0.4430821538901424,0.363030972495616,0.38769688465387464,0.3448377956354496,0.2725759036600121
1051,9,RF,7741,2010,0.4010989010989011,0.3734741535430986,0.2457145718864469,0.3267898843502113,0.22732612781954886,0.14363520733114538
1052,9,RF,7741,2011,0.489010989010989,0.3811969136321588,0.32115102639296184,0.33884170100636335,0.30720460603024263,0.24089472804426076
1053,9,RF,7741,2012,0.41483516483516486,0.32919401322436176,0.22361413701282984,0.2926169006438772,0.19451574802128307,0.12724270994947687
1054,9,RF,7741,2013,0.5494505494505495,0.43111120184596574,0.3953446589658599,0.37722230161521997,0.3696701603990048,0.2983241862552207
1055,9,RF,7741,2014,0.554945054945055,0.4069371333090443,0.41291734905546507,0.4069371333090443,0.40312232852570284,0.3267114052828339
1056,9,RF,7741,2015,0.5521978021978022,0.4493051455038088,0.367421068983943,0.3931420023158327,0.36530603365500025,0.2910314375307621
1057,9,RF,7741,2016,0.5879120879120879,0.4669879062736206,0.4362036038762877,0.4669879062736206,0.4341862007465546,0.34885411374333464
1058,9,RF,7741,2017,0.510989010989011,0.41337317007523666,0.313194735290924,0.3617015238158321,0.304754331429673,0.21392391406323294
1059,9,RF,7741,2018,0.45604395604395603,0.34795553482587066,0.31381436081516273,0.3092938087341073,0.28948064417507413,0.22845976344134045
1060,9,RF,7741,2019,0.5357142857142857,0.43189720332577475,0.4136294782911324,0.43189720332577475,0.4067032690678011,0.32442385927040657
1061,9,RF,7741,2020,0.5467032967032966,0.4685468631897204,0.3746477710487339,0.4099785052910053,0.3765184000887197,0.29769749802994483
1062,9,RF,7741,2021,0.5576923076923077,0.3722415141091862,0.32593925039049565,0.3308813458748322,0.32043527658165627,0.26097492623655416
1063,9,RF,7741,2022,0.45879120879120877,0.37892968484166123,0.34512634556083643,0.37892968484166123,0.33351446053937867,0.26296787503684055
1064,9,RF,7742,1985,,,,,,
1065,9,RF,7742,1986,,,,,,
1066,9,RF,7742,1987,,,,,,
1067,9,RF,7742,1988,,,,,,
1068,9,RF,7742,1989,,,,,,
1069,9,RF,7742,1990,,,,,,
1070,9,RF,7742,1991,,,,,,
1071,9,RF,7742,1992,,,,,,
1072,9,RF,7742,1993,,,,,,
1073,9,RF,7742,1994,,,,,,
1074,9,RF,7742,1995,,,,,,
1075,9,RF,7742,1996,,,,,,
1076,9,RF,7742,1997,,,,,,
1077,9,RF,7742,1998,,,,,,
1078,9,RF,7742,1999,,,,,,
1079,9,RF,7742,2000,,,,,,
1080,9,RF,7742,2001,,,,,,
1081,9,RF,7742,2002,,,,,,
1082,9,RF,7742,2003,,,,,,
1083,9,RF,7742,2004,,,,,,
1084,9,RF,7742,2005,,,,,,
1085,9,RF,7742,2006,,,,,,
1086,9,RF,7742,2007,,,,,,
1087,9,RF,7742,2008,,,,,,
1088,9,RF,7742,2009,,,,,,
1089,9,RF,7742,2010,,,,,,
1090,9,RF,7742,2011,,,,,,
1091,9,RF,7742,2012,,,,,,
1092,9,RF,7742,2013,,,,,,
1093,9,RF,7742,2014,,,,,,
1094,9,RF,7742,2015,,,,,,
1095,9,RF,7742,2016,,,,,,
1096,9,RF,7742,2017,,,,,,
1097,9,RF,7742,2018,,,,,,
1098,9,RF,7742,2019,,,,,,
1099,9,RF,7742,2020,,,,,,
1100,9,RF,7742,2021,,,,,,
1101,9,RF,7742,2022,,,,,,
1102,9,RF,775,1985,,,,,,
1103,9,RF,775,1986,,,,,,
1104,9,RF,775,1987,,,,,,
1105,9,RF,775,1988,,,,,,
1106,9,RF,775,1989,,,,,,
1107,9,RF,775,1990,,,,,,
1108,9,RF,775,1991,,,,,,
1109,9,RF,775,1992,,,,,,
1110,9,RF,775,1993,,,,,,
1111,9,RF,775,1994,,,,,,
1112,9,RF,775,1995,,,,,,
1113,9,RF,775,1996,,,,,,
1114,9,RF,775,1997,,,,,,
1115,9,RF,775,1998,,,,,,
1116,9,RF,775,1999,,,,,,
1117,9,RF,775,2000,,,,,,
1118,9,RF,775,2001,,,,,,
1119,9,RF,775,2002,,,,,,
1120,9,RF,775,2003,,,,,,
1121,9,RF,775,2004,,,,,,
1122,9,RF,775,2005,,,,,,
1123,9,RF,775,2006,,,,,,
1124,9,RF,775,2007,,,,,,
1125,9,RF,775,2008,,,,,,
1126,9,RF,775,2009,,,,,,
1127,9,RF,775,2010,,,,,,
1128,9,RF,775,2011,,,,,,
1129,9,RF,775,2012,,,,,,
1130,9,RF,775,2013,,,,,,
1131,9,RF,775,2014,,,,,,
1132,9,RF,775,2015,,,,,,
1133,9,RF,775,2016,,,,,,
1134,9,RF,775,2017,,,,,,
1135,9,RF,775,2018,,,,,,
1136,9,RF,775,2019,,,,,,
1137,9,RF,775,2020,,,,,,
1138,9,RF,775,2021,,,,,,
1139,9,RF,775,2022,,,,,,
1140,9,RF,776,1985,0.24845995893223818,0.17295257232655795,0.13869598765432098,0.13451866736510062,0.11801425655311704,0.07274106002554277
1141,9,RF,776,1986,0.49691991786447637,0.365021645021645,0.29976815432487236,0.3193939393939394,0.2899601797101685,0.24004571319149645
1142,9,RF,776,1987,0.5749486652977412,0.38340409590409585,0.266333674966153,0.38340409590409585,0.2806226857926786,0.19947214355656176
1143,9,RF,776,1988,0.5503080082135524,0.34028575468824784,0.317215596266035,0.34028575468824784,0.31447981788550844,0.258752723458052
1144,9,RF,776,1989,0.5359342915811088,0.2170095294351655,0.18910141881140796,0.1898833382557698,0.16823948892205193,0.12229815200082189
1145,9,RF,776,1990,0.6776180698151951,0.3746785350534714,0.3001568216095481,0.3330475867141968,0.30768243577161075,0.25753549474368154
1146,9,RF,776,1991,0.5811088295687885,0.41637239165329054,0.3732648561620754,0.41637239165329054,0.3750588293328205,0.30906951857268083
1147,9,RF,776,1992,0.5708418891170431,0.3566178914999273,0.23071825860096037,0.3169936813332687,0.2492144892144892,0.17879689754689754
1148,9,RF,776,1993,0.5482546201232033,0.4231669056078456,0.31332465277777777,0.37027104240686487,0.30896402941857487,0.25465926050687515
1149,9,RF,776,1994,0.5626283367556468,0.3968720967162655,0.31569567354965583,0.34726308462673233,0.30908074223833426,0.25674838362068964
1150,9,RF,776,1995,0.49075975359342916,0.31083821070234113,0.2199936396143977,0.27630063173541436,0.2140891029539834,0.15308638794231977
1151,9,RF,776,1996,0.5728952772073922,0.22999912231941724,0.21788237830633386,0.22999912231941724,0.21645516241567492,0.15481507739572256
1152,9,RF,776,1997,0.6078028747433265,0.405056858856251,0.3209895571964537,0.3544247514992196,0.31201771637876297,0.2612857749211739
1153,9,RF,776,1998,0.4928131416837782,0.4201207988558586,0.26610882235292793,0.3734407100940966,0.2579847558284523,0.21128575439424746
1154,9,RF,776,1999,0.5831622176591376,0.5442716443869193,0.36933958252290466,0.5442716443869193,0.36729096092663366,0.30328038583523365
1155,9,RF,776,2000,0.6242299794661191,0.37728150406504063,0.24662821309492788,0.33536133694670284,0.2743752054614726,0.20154293872172194
1156,9,RF,776,2001,0.62217659137577,0.4158791385406622,0.3772866918028209,0.4158791385406622,0.3875440041775833,0.31975948579722163
1157,9,RF,776,2002,0.6427104722792608,0.3689360673568867,0.3322832572832573,0.3689360673568867,0.3338888888888889,0.2802699019647724
1158,9,RF,776,2003,0.5277207392197125,0.31473702699989964,0.16361007358433596,0.27976624622213303,0.15744223462344267,0.10988288197590523
1159,9,RF,776,2004,0.6283367556468172,0.43158736505397843,0.2704512105649303,0.3776389444222311,0.3000966155847634,0.22054760938662338
1160,9,RF,776,2005,0.5030800821355236,0.2484777517564403,0.21720072713973776,0.2484777517564403,0.2065363881401617,0.14143519272308877
1161,9,RF,776,2006,0.6837782340862423,0.47467789127868176,0.39230171009438675,0.47467789127868176,0.4060112921525582,0.3400456801077919
1162,9,RF,776,2007,0.6468172484599589,0.3395006981180311,0.28898503837254347,0.3395006981180311,0.28879366383720734,0.21048329398673218
1163,9,RF,776,2008,0.6386036960985626,0.5196278825995807,0.3001217368316899,0.5196278825995807,0.3071586664709874,0.22372378125697842
1164,9,RF,776,2009,0.6714579055441479,0.34967609066854366,0.2954019913531731,0.34967609066854366,0.30052405324144454,0.22613950192758267
1165,9,RF,776,2010,0.48254620123203285,0.2991250072916059,0.19498405678820202,0.22434375546870444,0.17590167331909798,0.12061188209499807
1166,9,RF,776,2011,0.5215605749486653,0.31295158865909917,0.22475737142718724,0.26824421885065647,0.20901328584262546,0.14633667979675583
1167,9,RF,776,2012,0.5626283367556468,0.2955063455063455,0.22784154709918902,0.2532911532911533,0.21287090612205276,0.15308692474046803
1168,9,RF,776,2013,0.6529774127310062,0.31297296072605335,0.27627704005140286,0.31297296072605335,0.2851368216553853,0.21080055210489998
1169,9,RF,776,2014,0.648870636550308,0.2810144216837929,0.23141876654573976,0.2810144216837929,0.24109845834229265,0.17753988338681959
1170,9,RF,776,2015,0.7002053388090349,0.43886443171433026,0.4038937941017107,0.43886443171433026,0.41443223966248166,0.3492877217013438
1171,9,RF,776,2016,0.7166324435318275,0.4575272860987147,0.416743479786958,0.4575272860987147,0.4276864822319367,0.36292143992690246
1172,9,RF,776,2017,0.6591375770020534,0.4252619084769186,0.38755190429907377,0.4252619084769186,0.382570380595029,0.31990967045500834
1173,9,RF,776,2018,0.5975359342915811,0.43477575528027806,0.3774119283436054,0.43477575528027806,0.38790429739433196,0.3181052281052281
1174,9,RF,776,2019,0.6406570841889117,0.2782077132162909,0.2502053129094871,0.2782077132162909,0.2525862145510181,0.18437963650124936
1175,9,RF,776,2020,0.6878850102669405,0.2657054852508689,0.251793268267797,0.2657054852508689,0.2569562988570971,0.19276265395692865
1176,9,RF,776,2021,0.6694045174537988,0.2738044186525727,0.25138655374507385,0.2738044186525727,0.2551716030886501,0.18840194554480266
1177,9,RF,776,2022,0.5893223819301848,0.2441705055158201,0.16977035310368643,0.21704044934739564,0.1693895379854887,0.12021439115620319
1178,9,RF,76111,1985,,,,,,
1179,9,RF,76111,1986,,,,,,
1180,9,RF,76111,1987,,,,,,
1181,9,RF,76111,1988,,,,,,
1182,9,RF,76111,1989,,,,,,
1183,9,RF,76111,1990,,,,,,
1184,9,RF,76111,1991,,,,,,
1185,9,RF,76111,1992,,,,,,
1186,9,RF,76111,1993,,,,,,
1187,9,RF,76111,1994,,,,,,
1188,9,RF,76111,1995,,,,,,
1189,9,RF,76111,1996,,,,,,
1190,9,RF,76111,1997,,,,,,
1191,9,RF,76111,1998,,,,,,
1192,9,RF,76111,1999,,,,,,
1193,9,RF,76111,2000,,,,,,
1194,9,RF,76111,2001,,,,,,
1195,9,RF,76111,2002,,,,,,
1196,9,RF,76111,2003,,,,,,
1197,9,RF,76111,2004,,,,,,
1198,9,RF,76111,2005,,,,,,
1199,9,RF,76111,2006,,,,,,
1200,9,RF,76111,2007,,,,,,
1201,9,RF,76111,2008,,,,,,
1202,9,RF,76111,2009,,,,,,
1203,9,RF,76111,2010,,,,,,
1204,9,RF,76111,2011,,,,,,
1205,9,RF,76111,2012,,,,,,
1206,9,RF,76111,2013,,,,,,
1207,9,RF,76111,2014,,,,,,
1208,9,RF,76111,2015,,,,,,
1209,9,RF,76111,2016,,,,,,
1210,9,RF,76111,2017,,,,,,
1211,9,RF,76111,2018,,,,,,
1212,9,RF,76111,2019,,,,,,
1213,9,RF,76111,2020,,,,,,
1214,9,RF,76111,2021,,,,,,
1215,9,RF,76111,2022,,,,,,
1216,9,RF,76116,1985,,,,,,
1217,9,RF,76116,1986,,,,,,
1218,9,RF,76116,1987,,,,,,
1219,9,RF,76116,1988,,,,,,
1220,9,RF,76116,1989,,,,,,
1221,9,RF,76116,1990,,,,,,
1222,9,RF,76116,1991,,,,,,
1223,9,RF,76116,1992,,,,,,
1224,9,RF,76116,1993,,,,,,
1225,9,RF,76116,1994,,,,,,
1226,9,RF,76116,1995,,,,,,
1227,9,RF,76116,1996,,,,,,
1228,9,RF,76116,1997,,,,,,
1229,9,RF,76116,1998,,,,,,
1230,9,RF,76116,1999,,,,,,
1231,9,RF,76116,2000,,,,,,
1232,9,RF,76116,2001,,,,,,
1233,9,RF,76116,2002,,,,,,
1234,9,RF,76116,2003,,,,,,
1235,9,RF,76116,2004,,,,,,
1236,9,RF,76116,2005,,,,,,
1237,9,RF,76116,2006,,,,,,
1238,9,RF,76116,2007,,,,,,
1239,9,RF,76116,2008,,,,,,
1240,9,RF,76116,2009,,,,,,
1241,9,RF,76116,2010,,,,,,
1242,9,RF,76116,2011,,,,,,
1243,9,RF,76116,2012,,,,,,
1244,9,RF,76116,2013,,,,,,
1245,9,RF,76116,2014,,,,,,
1246,9,RF,76116,2015,,,,,,
1247,9,RF,76116,2016,,,,,,
1248,9,RF,76116,2017,,,,,,
1249,9,RF,76116,2018,,,,,,
1250,9,RF,76116,2019,,,,,,
1251,9,RF,76116,2020,,,,,,
1252,9,RF,76116,2021,,,,,,
1253,9,RF,76116,2022,,,,,,
1254,9,RF,7612,1985,,,,,,
1255,9,RF,7612,1986,,,,,,
1256,9,RF,7612,1987,,,,,,
1257,9,RF,7612,1988,,,,,,
1258,9,RF,7612,1989,,,,,,
1259,9,RF,7612,1990,,,,,,
1260,9,RF,7612,1991,,,,,,
1261,9,RF,7612,1992,,,,,,
1262,9,RF,7612,1993,,,,,,
1263,9,RF,7612,1994,,,,,,
1264,9,RF,7612,1995,,,,,,
1265,9,RF,7612,1996,,,,,,
1266,9,RF,7612,1997,,,,,,
1267,9,RF,7612,1998,,,,,,
1268,9,RF,7612,1999,,,,,,
1269,9,RF,7612,2000,,,,,,
1270,9,RF,7612,2001,,,,,,
1271,9,RF,7612,2002,,,,,,
1272,9,RF,7612,2003,,,,,,
1273,9,RF,7612,2004,,,,,,
1274,9,RF,7612,2005,,,,,,
1275,9,RF,7612,2006,,,,,,
1276,9,RF,7612,2007,,,,,,
1277,9,RF,7612,2008,,,,,,
1278,9,RF,7612,2009,,,,,,
1279,9,RF,7612,2010,,,,,,
1280,9,RF,7612,2011,,,,,,
1281,9,RF,7612,2012,,,,,,
1282,9,RF,7612,2013,,,,,,
1283,9,RF,7612,2014,,,,,,
1284,9,RF,7612,2015,,,,,,
1285,9,RF,7612,2016,,,,,,
1286,9,RF,7612,2017,,,,,,
1287,9,RF,7612,2018,,,,,,
1288,9,RF,7612,2019,,,,,,
1289,9,RF,7612,2020,,,,,,
1290,9,RF,7612,2021,,,,,,
1291,9,RF,7612,2022,,,,,,
1292,9,RF,7613,1985,,,,,,
1293,9,RF,7613,1986,,,,,,
1294,9,RF,7613,1987,,,,,,
1295,9,RF,7613,1988,,,,,,
1296,9,RF,7613,1989,,,,,,
1297,9,RF,7613,1990,,,,,,
1298,9,RF,7613,1991,,,,,,
1299,9,RF,7613,1992,,,,,,
1300,9,RF,7613,1993,,,,,,
1301,9,RF,7613,1994,,,,,,
1302,9,RF,7613,1995,,,,,,
1303,9,RF,7613,1996,,,,,,
1304,9,RF,7613,1997,,,,,,
1305,9,RF,7613,1998,,,,,,
1306,9,RF,7613,1999,,,,,,
1307,9,RF,7613,2000,,,,,,
1308,9,RF,7613,2001,,,,,,
1309,9,RF,7613,2002,,,,,,
1310,9,RF,7613,2003,,,,,,
1311,9,RF,7613,2004,,,,,,
1312,9,RF,7613,2005,,,,,,
1313,9,RF,7613,2006,,,,,,
1314,9,RF,7613,2007,,,,,,
1315,9,RF,7613,2008,,,,,,
1316,9,RF,7613,2009,,,,,,
1317,9,RF,7613,2010,,,,,,
1318,9,RF,7613,2011,,,,,,
1319,9,RF,7613,2012,,,,,,
1320,9,RF,7613,2013,,,,,,
1321,9,RF,7613,2014,,,,,,
1322,9,RF,7613,2015,,,,,,
1323,9,RF,7613,2016,,,,,,
1324,9,RF,7613,2017,,,,,,
1325,9,RF,7613,2018,,,,,,
1326,9,RF,7613,2019,,,,,,
1327,9,RF,7613,2020,,,,,,
1328,9,RF,7613,2021,,,,,,
1329,9,RF,7613,2022,,,,,,
1330,9,RF,7614,1985,,,,,,
1331,9,RF,7614,1986,,,,,,
1332,9,RF,7614,1987,,,,,,
1333,9,RF,7614,1988,,,,,,
1334,9,RF,7614,1989,,,,,,
1335,9,RF,7614,1990,,,,,,
1336,9,RF,7614,1991,,,,,,
1337,9,RF,7614,1992,,,,,,
1338,9,RF,7614,1993,,,,,,
1339,9,RF,7614,1994,,,,,,
1340,9,RF,7614,1995,,,,,,
1341,9,RF,7614,1996,,,,,,
1342,9,RF,7614,1997,,,,,,
1343,9,RF,7614,1998,,,,,,
1344,9,RF,7614,1999,,,,,,
1345,9,RF,7614,2000,,,,,,
1346,9,RF,7614,2001,,,,,,
1347,9,RF,7614,2002,,,,,,
1348,9,RF,7614,2003,,,,,,
1349,9,RF,7614,2004,,,,,,
1350,9,RF,7614,2005,,,,,,
1351,9,RF,7614,2006,,,,,,
1352,9,RF,7614,2007,,,,,,
1353,9,RF,7614,2008,,,,,,
1354,9,RF,7614,2009,,,,,,
1355,9,RF,7614,2010,,,,,,
1356,9,RF,7614,2011,,,,,,
1357,9,RF,7614,2012,,,,,,
1358,9,RF,7614,2013,,,,,,
1359,9,RF,7614,2014,,,,,,
1360,9,RF,7614,2015,,,,,,
1361,9,RF,7614,2016,,,,,,
1362,9,RF,7614,2017,,,,,,
1363,9,RF,7614,2018,,,,,,
1364,9,RF,7614,2019,,,,,,
1365,9,RF,7614,2020,,,,,,
1366,9,RF,7614,2021,,,,,,
1367,9,RF,7614,2022,,,,,,
1368,9,RF,7615,1985,,,,,,
1369,9,RF,7615,1986,,,,,,
1370,9,RF,7615,1987,,,,,,
1371,9,RF,7615,1988,,,,,,
1372,9,RF,7615,1989,,,,,,
1373,9,RF,7615,1990,,,,,,
1374,9,RF,7615,1991,,,,,,
1375,9,RF,7615,1992,,,,,,
1376,9,RF,7615,1993,,,,,,
1377,9,RF,7615,1994,,,,,,
1378,9,RF,7615,1995,,,,,,
1379,9,RF,7615,1996,,,,,,
1380,9,RF,7615,1997,,,,,,
1381,9,RF,7615,1998,,,,,,
1382,9,RF,7615,1999,,,,,,
1383,9,RF,7615,2000,,,,,,
1384,9,RF,7615,2001,,,,,,
1385,9,RF,7615,2002,,,,,,
1386,9,RF,7615,2003,,,,,,
1387,9,RF,7615,2004,,,,,,
1388,9,RF,7615,2005,,,,,,
1389,9,RF,7615,2006,,,,,,
1390,9,RF,7615,2007,,,,,,
1391,9,RF,7615,2008,,,,,,
1392,9,RF,7615,2009,,,,,,
1393,9,RF,7615,2010,,,,,,
1394,9,RF,7615,2011,,,,,,
1395,9,RF,7615,2012,,,,,,
1396,9,RF,7615,2013,,,,,,
1397,9,RF,7615,2014,,,,,,
1398,9,RF,7615,2015,,,,,,
1399,9,RF,7615,2016,,,,,,
1400,9,RF,7615,2017,,,,,,
1401,9,RF,7615,2018,,,,,,
1402,9,RF,7615,2019,,,,,,
1403,9,RF,7615,2020,,,,,,
1404,9,RF,7615,2021,,,,,,
1405,9,RF,7615,2022,,,,,,
1406,9,RF,777,1985,,,,,,
1407,9,RF,777,1986,,,,,,
1408,9,RF,777,1987,,,,,,
1409,9,RF,777,1988,,,,,,
1410,9,RF,777,1989,,,,,,
1411,9,RF,777,1990,,,,,,
1412,9,RF,777,1991,,,,,,
1413,9,RF,777,1992,,,,,,
1414,9,RF,777,1993,,,,,,
1415,9,RF,777,1994,,,,,,
1416,9,RF,777,1995,,,,,,
1417,9,RF,777,1996,,,,,,
1418,9,RF,777,1997,,,,,,
1419,9,RF,777,1998,,,,,,
1420,9,RF,777,1999,,,,,,
1421,9,RF,777,2000,,,,,,
1422,9,RF,777,2001,,,,,,
1423,9,RF,777,2002,,,,,,
1424,9,RF,777,2003,,,,,,
1425,9,RF,777,2004,,,,,,
1426,9,RF,777,2005,,,,,,
1427,9,RF,777,2006,,,,,,
1428,9,RF,777,2007,,,,,,
1429,9,RF,777,2008,,,,,,
1430,9,RF,777,2009,,,,,,
1431,9,RF,777,2010,,,,,,
1432,9,RF,777,2011,,,,,,
1433,9,RF,777,2012,,,,,,
1434,9,RF,777,2013,,,,,,
1435,9,RF,777,2014,,,,,,
1436,9,RF,777,2015,,,,,,
1437,9,RF,777,2016,,,,,,
1438,9,RF,777,2017,,,,,,
1439,9,RF,777,2018,,,,,,
1440,9,RF,777,2019,,,,,,
1441,9,RF,777,2020,,,,,,
1442,9,RF,777,2021,,,,,,
1443,9,RF,777,2022,,,,,,
1444,9,RF,778,1985,,,,,,
1445,9,RF,778,1986,,,,,,
1446,9,RF,778,1987,,,,,,
1447,9,RF,778,1988,,,,,,
1448,9,RF,778,1989,,,,,,
1449,9,RF,778,1990,,,,,,
1450,9,RF,778,1991,,,,,,
1451,9,RF,778,1992,,,,,,
1452,9,RF,778,1993,,,,,,
1453,9,RF,778,1994,,,,,,
1454,9,RF,778,1995,,,,,,
1455,9,RF,778,1996,,,,,,
1456,9,RF,778,1997,,,,,,
1457,9,RF,778,1998,,,,,,
1458,9,RF,778,1999,,,,,,
1459,9,RF,778,2000,,,,,,
1460,9,RF,778,2001,,,,,,
1461,9,RF,778,2002,,,,,,
1462,9,RF,778,2003,,,,,,
1463,9,RF,778,2004,,,,,,
1464,9,RF,778,2005,,,,,,
1465,9,RF,778,2006,,,,,,
1466,9,RF,778,2007,,,,,,
1467,9,RF,778,2008,,,,,,
1468,9,RF,778,2009,,,,,,
1469,9,RF,778,2010,,,,,,
1470,9,RF,778,2011,,,,,,
1471,9,RF,778,2012,,,,,,
1472,9,RF,778,2013,,,,,,
1473,9,RF,778,2014,,,,,,
1474,9,RF,778,2015,,,,,,
1475,9,RF,778,2016,,,,,,
1476,9,RF,778,2017,,,,,,
1477,9,RF,778,2018,,,,,,
1478,9,RF,778,2019,,,,,,
1479,9,RF,778,2020,,,,,,
1480,9,RF,778,2021,,,,,,
1481,9,RF,778,2022,,,,,,
1482,9,RF,7616,1985,,,,,,
1483,9,RF,7616,1986,,,,,,
1484,9,RF,7616,1987,,,,,,
1485,9,RF,7616,1988,,,,,,
1486,9,RF,7616,1989,,,,,,
1487,9,RF,7616,1990,,,,,,
1488,9,RF,7616,1991,,,,,,
1489,9,RF,7616,1992,,,,,,
1490,9,RF,7616,1993,,,,,,
1491,9,RF,7616,1994,,,,,,
1492,9,RF,7616,1995,,,,,,
1493,9,RF,7616,1996,,,,,,
1494,9,RF,7616,1997,,,,,,
1495,9,RF,7616,1998,,,,,,
1496,9,RF,7616,1999,,,,,,
1497,9,RF,7616,2000,,,,,,
1498,9,RF,7616,2001,,,,,,
1499,9,RF,7616,2002,,,,,,
1500,9,RF,7616,2003,,,,,,
1501,9,RF,7616,2004,,,,,,
1502,9,RF,7616,2005,,,,,,
1503,9,RF,7616,2006,,,,,,
1504,9,RF,7616,2007,,,,,,
1505,9,RF,7616,2008,,,,,,
1506,9,RF,7616,2009,,,,,,
1507,9,RF,7616,2010,,,,,,
1508,9,RF,7616,2011,,,,,,
1509,9,RF,7616,2012,,,,,,
1510,9,RF,7616,2013,,,,,,
1511,9,RF,7616,2014,,,,,,
1512,9,RF,7616,2015,,,,,,
1513,9,RF,7616,2016,,,,,,
1514,9,RF,7616,2017,,,,,,
1515,9,RF,7616,2018,,,,,,
1516,9,RF,7616,2019,,,,,,
1517,9,RF,7616,2020,,,,,,
1518,9,RF,7616,2021,,,,,,
1519,9,RF,7616,2022,,,,,,
1520,9,RF,7617,1985,,,,,,
1521,9,RF,7617,1986,,,,,,
1522,9,RF,7617,1987,,,,,,
1523,9,RF,7617,1988,,,,,,
1524,9,RF,7617,1989,,,,,,
1525,9,RF,7617,1990,,,,,,
1526,9,RF,7617,1991,,,,,,
1527,9,RF,7617,1992,,,,,,
1528,9,RF,7617,1993,,,,,,
1529,9,RF,7617,1994,,,,,,
1530,9,RF,7617,1995,,,,,,
1531,9,RF,7617,1996,,,,,,
1532,9,RF,7617,1997,,,,,,
1533,9,RF,7617,1998,,,,,,
1534,9,RF,7617,1999,,,,,,
1535,9,RF,7617,2000,,,,,,
1536,9,RF,7617,2001,,,,,,
1537,9,RF,7617,2002,,,,,,
1538,9,RF,7617,2003,,,,,,
1539,9,RF,7617,2004,,,,,,
1540,9,RF,7617,2005,,,,,,
1541,9,RF,7617,2006,,,,,,
1542,9,RF,7617,2007,,,,,,
1543,9,RF,7617,2008,,,,,,
1544,9,RF,7617,2009,,,,,,
1545,9,RF,7617,2010,,,,,,
1546,9,RF,7617,2011,,,,,,
1547,9,RF,7617,2012,,,,,,
1548,9,RF,7617,2013,,,,,,
1549,9,RF,7617,2014,,,,,,
1550,9,RF,7617,2015,,,,,,
1551,9,RF,7617,2016,,,,,,
1552,9,RF,7617,2017,,,,,,
1553,9,RF,7617,2018,,,,,,
1554,9,RF,7617,2019,,,,,,
1555,9,RF,7617,2020,,,,,,
1556,9,RF,7617,2021,,,,,,
1557,9,RF,7617,2022,,,,,,
1558,9,RF,7618,1985,,,,,,
1559,9,RF,7618,1986,,,,,,
1560,9,RF,7618,1987,,,,,,
1561,9,RF,7618,1988,,,,,,
1562,9,RF,7618,1989,,,,,,
1563,9,RF,7618,1990,,,,,,
1564,9,RF,7618,1991,,,,,,
1565,9,RF,7618,1992,,,,,,
1566,9,RF,7618,1993,,,,,,
1567,9,RF,7618,1994,,,,,,
1568,9,RF,7618,1995,,,,,,
1569,9,RF,7618,1996,,,,,,
1570,9,RF,7618,1997,,,,,,
1571,9,RF,7618,1998,,,,,,
1572,9,RF,7618,1999,,,,,,
1573,9,RF,7618,2000,,,,,,
1574,9,RF,7618,2001,,,,,,
1575,9,RF,7618,2002,,,,,,
1576,9,RF,7618,2003,,,,,,
1577,9,RF,7618,2004,,,,,,
1578,9,RF,7618,2005,,,,,,
1579,9,RF,7618,2006,,,,,,
1580,9,RF,7618,2007,,,,,,
1581,9,RF,7618,2008,,,,,,
1582,9,RF,7618,2009,,,,,,
1583,9,RF,7618,2010,,,,,,
1584,9,RF,7618,2011,,,,,,
1585,9,RF,7618,2012,,,,,,
1586,9,RF,7618,2013,,,,,,
1587,9,RF,7618,2014,,,,,,
1588,9,RF,7618,2015,,,,,,
1589,9,RF,7618,2016,,,,,,
1590,9,RF,7618,2017,,,,,,
1591,9,RF,7618,2018,,,,,,
1592,9,RF,7618,2019,,,,,,
1593,9,RF,7618,2020,,,,,,
1594,9,RF,7618,2021,,,,,,
1595,9,RF,7618,2022,,,,,,
1596,9,RF,7619,1985,,,,,,
1597,9,RF,7619,1986,,,,,,
1598,9,RF,7619,1987,,,,,,
1599,9,RF,7619,1988,,,,,,
1600,9,RF,7619,1989,,,,,,
1601,9,RF,7619,1990,,,,,,
1602,9,RF,7619,1991,,,,,,
1603,9,RF,7619,1992,,,,,,
1604,9,RF,7619,1993,,,,,,
1605,9,RF,7619,1994,,,,,,
1606,9,RF,7619,1995,,,,,,
1607,9,RF,7619,1996,,,,,,
1608,9,RF,7619,1997,,,,,,
1609,9,RF,7619,1998,,,,,,
1610,9,RF,7619,1999,,,,,,
1611,9,RF,7619,2000,,,,,,
1612,9,RF,7619,2001,,,,,,
1613,9,RF,7619,2002,,,,,,
1614,9,RF,7619,2003,,,,,,
1615,9,RF,7619,2004,,,,,,
1616,9,RF,7619,2005,,,,,,
1617,9,RF,7619,2006,,,,,,
1618,9,RF,7619,2007,,,,,,
1619,9,RF,7619,2008,,,,,,
1620,9,RF,7619,2009,,,,,,
1621,9,RF,7619,2010,,,,,,
1622,9,RF,7619,2011,,,,,,
1623,9,RF,7619,2012,,,,,,
1624,9,RF,7619,2013,,,,,,
1625,9,RF,7619,2014,,,,,,
1626,9,RF,7619,2015,,,,,,
1627,9,RF,7619,2016,,,,,,
1628,9,RF,7619,2017,,,,,,
1629,9,RF,7619,2018,,,,,,
1630,9,RF,7619,2019,,,,,,
1631,9,RF,7619,2020,,,,,,
1632,9,RF,7619,2021,,,,,,
1633,9,RF,7619,2022,,,,,,
